algorithm,seed,episode,cumulative_reward,cumulative_profit,min_fish_stock,collapse_flag,time_to_collapse,final_ships,final_fish_population,decision_windows
epsilon_greedy,0,0,-847.4666493737597,3795.062909432543,76.71299716802845,1,29,3.14631931829504e-08,470.95225627879364,30
ucb1,0,0,-847.4668089600807,3795.078862888995,76.71299716802845,1,29,3.1460597645973e-08,470.94993257354133,30
softmax,0,0,-847.4668089600807,3795.078862888995,76.71299716802845,1,29,3.1460597645973e-08,470.94993257354133,30
pac_successive_elimination,0,0,-536.7147264708465,4717.684840264517,92.88818246655615,1,30,2.128840560366924e-08,579.951181716252,30
epsilon_greedy,0,1,-1116.4588991702997,3371.7132526321693,64.70802322165552,1,25,2.2546945144617723e-09,400.29659563137585,30
ucb1,0,1,-1126.684981223025,3380.204429702363,64.70802322165552,1,25,2.064925021614682e-09,397.78267011357514,30
softmax,0,1,-1126.684981223025,3380.204429702363,64.70802322165552,1,25,2.064925021614682e-09,397.78267011357514,30
pac_successive_elimination,0,1,130.65138523468588,7221.063201840793,195.42318102032664,0,,0.0003093335518708259,955.887903564105,30
epsilon_greedy,0,2,-1044.4685390667735,3312.357600715499,68.51515841036272,1,25,4.760516791370391e-09,421.5130106673004,30
ucb1,0,2,-1126.684981223025,3380.204429702363,64.70802322165552,1,25,2.064925021614682e-09,397.78267011357514,30
softmax,0,2,-1126.684981223025,3380.204429702363,64.70802322165552,1,25,2.064925021614682e-09,397.78267011357514,30
pac_successive_elimination,0,2,130.65138523468588,7221.063201840793,195.42318102032664,0,,0.0003093335518708259,955.887903564105,30
epsilon_greedy,0,3,-1126.684981223025,3380.204429702363,64.70802322165552,1,25,2.064925021614682e-09,397.78267011357514,30
ucb1,0,3,-1126.684981223025,3380.204429702363,64.70802322165552,1,25,2.064925021614682e-09,397.78267011357514,30
softmax,0,3,-1126.684981223025,3380.204429702363,64.70802322165552,1,25,2.064925021614682e-09,397.78267011357514,30
pac_successive_elimination,0,3,130.65138523468588,7221.063201840793,195.42318102032664,0,,0.0003093335518708259,955.887903564105,30
epsilon_greedy,0,4,-1106.1310419659378,3361.378014716806,64.81157573410937,1,25,2.55322979512197e-09,403.8275381500663,30
ucb1,0,4,-1126.684981223025,3380.204429702363,64.70802322165552,1,25,2.064925021614682e-09,397.78267011357514,30
softmax,0,4,-1126.684981223025,3380.204429702363,64.70802322165552,1,25,2.064925021614682e-09,397.78267011357514,30
pac_successive_elimination,0,4,130.65138523468588,7221.063201840793,195.42318102032664,0,,0.0003093335518708259,955.887903564105,30
epsilon_greedy,0,5,-766.5477176066164,3155.5755965368453,82.18500200317486,1,29,7.770069794694577e-08,500.7811879428784,30
ucb1,0,5,-1126.684981223025,3380.204429702363,64.70802322165552,1,25,2.064925021614682e-09,397.78267011357514,30
softmax,0,5,-1126.684981223025,3380.204429702363,64.70802322165552,1,25,2.064925021614682e-09,397.78267011357514,30
pac_successive_elimination,0,5,130.65138523468588,7221.063201840793,195.42318102032664,0,,0.0003093335518708259,955.887903564105,30
epsilon_greedy,0,6,-1126.6786549488354,3379.8489879612644,64.70802322165552,1,25,6.964498674205656e-10,397.8597779358126,30
ucb1,0,6,-1126.684981223025,3380.204429702363,64.70802322165552,1,25,2.064925021614682e-09,397.78267011357514,30
softmax,0,6,-1126.684981223025,3380.204429702363,64.70802322165552,1,25,2.064925021614682e-09,397.78267011357514,30
pac_successive_elimination,0,6,130.65138523468588,7221.063201840793,195.42318102032664,0,,0.0003093335518708259,955.887903564105,30
epsilon_greedy,0,7,-549.5950530223867,2999.732389045326,94.31446088979158,1,32,6.974649437804372e-07,569.3760566083112,30
ucb1,0,7,-1126.684981223025,3380.204429702363,64.70802322165552,1,25,2.064925021614682e-09,397.78267011357514,30
softmax,0,7,-1126.684981223025,3380.204429702363,64.70802322165552,1,25,2.064925021614682e-09,397.78267011357514,30
pac_successive_elimination,0,7,130.65138523468588,7221.063201840793,195.42318102032664,0,,0.0003093335518708259,955.887903564105,30
epsilon_greedy,0,8,-1002.847495321009,3593.490077994045,70.04073681599141,1,27,2.251423976769995e-09,426.9666282481096,30
ucb1,0,8,-1126.684981223025,3380.204429702363,64.70802322165552,1,25,2.064925021614682e-09,397.78267011357514,30
softmax,0,8,-1126.684981223025,3380.204429702363,64.70802322165552,1,25,2.064925021614682e-09,397.78267011357514,30
pac_successive_elimination,0,8,130.65138523468588,7221.063201840793,195.42318102032664,0,,0.0003093335518708259,955.887903564105,30
epsilon_greedy,0,9,94.46190859003185,5974.952223445178,128.0561653727147,0,,1.5617571519774102e-05,743.4184714024336,30
ucb1,0,9,-1126.684981223025,3380.204429702363,64.70802322165552,1,25,2.064925021614682e-09,397.78267011357514,30
softmax,0,9,-1126.684981223025,3380.204429702363,64.70802322165552,1,25,2.064925021614682e-09,397.78267011357514,30
pac_successive_elimination,0,9,130.65138523468588,7221.063201840793,195.42318102032664,0,,0.0003093335518708259,955.887903564105,30
epsilon_greedy,0,10,95.16147211486074,5946.790922440048,128.0561653727147,0,,1.1591991345149824e-05,749.9431417917485,30
ucb1,0,10,-1126.684981223025,3380.204429702363,64.70802322165552,1,25,2.064925021614682e-09,397.78267011357514,30
softmax,0,10,-1126.684981223025,3380.204429702363,64.70802322165552,1,25,2.064925021614682e-09,397.78267011357514,30
pac_successive_elimination,0,10,130.65138523468588,7221.063201840793,195.42318102032664,0,,0.0003093335518708259,955.887903564105,30
epsilon_greedy,0,11,94.46194967205007,5974.934140830603,128.0561653727147,0,,1.2917302869629396e-05,743.4207276474771,30
ucb1,0,11,-1126.684981223025,3380.204429702363,64.70802322165552,1,25,2.064925021614682e-09,397.78267011357514,30
softmax,0,11,-1126.684981223025,3380.204429702363,64.70802322165552,1,25,2.064925021614682e-09,397.78267011357514,30
pac_successive_elimination,0,11,130.65138523468588,7221.063201840793,195.42318102032664,0,,0.0003093335518708259,955.887903564105,30
epsilon_greedy,0,12,-61.847332855533324,5711.961297787717,117.81174478821956,1,46,2.703068368668427e-06,689.6452541919585,30
ucb1,0,12,-1126.684981223025,3380.204429702363,64.70802322165552,1,25,2.064925021614682e-09,397.78267011357514,30
softmax,0,12,-1126.684981223025,3380.204429702363,64.70802322165552,1,25,2.064925021614682e-09,397.78267011357514,30
pac_successive_elimination,0,12,130.65138523468588,7221.063201840793,195.42318102032664,0,,0.0003093335518708259,955.887903564105,30
epsilon_greedy,0,13,94.4744140773989,5974.179437960428,128.0561653727147,0,,1.2410106180569101e-05,743.5494827004604,30
ucb1,0,13,-1126.684981223025,3380.204429702363,64.70802322165552,1,25,2.064925021614682e-09,397.78267011357514,30
softmax,0,13,-1126.684981223025,3380.204429702363,64.70802322165552,1,25,2.064925021614682e-09,397.78267011357514,30
pac_successive_elimination,0,13,130.65138523468588,7221.063201840793,195.42318102032664,0,,0.0003093335518708259,955.887903564105,30
epsilon_greedy,0,14,94.46195594917066,5974.914967640909,128.0561653727147,0,,1.0045016482444412e-05,743.4225395351448,30
ucb1,0,14,-1126.684981223025,3380.204429702363,64.70802322165552,1,25,2.064925021614682e-09,397.78267011357514,30
softmax,0,14,-1126.684981223025,3380.204429702363,64.70802322165552,1,25,2.064925021614682e-09,397.78267011357514,30
pac_successive_elimination,0,14,130.65138523468588,7221.063201840793,195.42318102032664,0,,0.0003093335518708259,955.887903564105,30
epsilon_greedy,0,15,94.47012287957669,5974.368872153769,128.0561653727147,0,,1.0036671280286938e-05,743.5097241036686,30
ucb1,0,15,-1126.684981223025,3380.204429702363,64.70802322165552,1,25,2.064925021614682e-09,397.78267011357514,30
softmax,0,15,-1126.684981223025,3380.204429702363,64.70802322165552,1,25,2.064925021614682e-09,397.78267011357514,30
pac_successive_elimination,0,15,130.65138523468588,7221.063201840793,195.42318102032664,0,,0.0003093335518708259,955.887903564105,30
epsilon_greedy,0,16,90.91316166616666,5420.514532576052,123.0459796651768,0,,5.26146034864703e-06,715.5992648131045,30
ucb1,0,16,-1126.684981223025,3380.204429702363,64.70802322165552,1,25,2.064925021614682e-09,397.78267011357514,30
softmax,0,16,-1126.684981223025,3380.204429702363,64.70802322165552,1,25,2.064925021614682e-09,397.78267011357514,30
pac_successive_elimination,0,16,130.65138523468588,7221.063201840793,195.42318102032664,0,,0.0003093335518708259,955.887903564105,30
epsilon_greedy,0,17,94.46204403525573,5974.891024855138,128.0561653727147,0,,6.884019681731802e-06,743.4259552947794,30
ucb1,0,17,-1126.684981223025,3380.204429702363,64.70802322165552,1,25,2.064925021614682e-09,397.78267011357514,30
softmax,0,17,-1126.684981223025,3380.204429702363,64.70802322165552,1,25,2.064925021614682e-09,397.78267011357514,30
pac_successive_elimination,0,17,130.65138523468588,7221.063201840793,195.42318102032664,0,,0.0003093335518708259,955.887903564105,30
epsilon_greedy,0,18,94.46279188014874,5974.86419279041,128.0561653727147,0,,1.3147780186725098e-05,743.4303613686144,30
ucb1,0,18,-1126.684981223025,3380.204429702363,64.70802322165552,1,25,2.064925021614682e-09,397.78267011357514,30
softmax,0,18,-1126.684981223025,3380.204429702363,64.70802322165552,1,25,2.064925021614682e-09,397.78267011357514,30
pac_successive_elimination,0,18,130.65138523468588,7221.063201840793,195.42318102032664,0,,0.0003093335518708259,955.887903564105,30
epsilon_greedy,0,19,109.81470329738335,6543.617313627627,154.63392859709484,0,,0.00020131654214904673,851.5527293994477,30
ucb1,0,19,-1126.684981223025,3380.204429702363,64.70802322165552,1,25,2.064925021614682e-09,397.78267011357514,30
softmax,0,19,-1126.684981223025,3380.204429702363,64.70802322165552,1,25,2.064925021614682e-09,397.78267011357514,30
pac_successive_elimination,0,19,130.65138523468588,7221.063201840793,195.42318102032664,0,,0.0003093335518708259,955.887903564105,30
epsilon_greedy,0,20,94.46200748127835,5974.912985348251,128.0561653727147,0,,1.0461339380078125e-05,743.4233699131494,30
ucb1,0,20,-1126.684981223025,3380.204429702363,64.70802322165552,1,25,2.064925021614682e-09,397.78267011357514,30
softmax,0,20,-1126.684981223025,3380.204429702363,64.70802322165552,1,25,2.064925021614682e-09,397.78267011357514,30
pac_successive_elimination,0,20,130.65138523468588,7221.063201840793,195.42318102032664,0,,0.0003093335518708259,955.887903564105,30
epsilon_greedy,0,21,98.56518234890328,6128.720315036563,134.78482739245385,0,,2.271457798681031e-05,776.0568291886761,30
ucb1,0,21,-1126.684981223025,3380.204429702363,64.70802322165552,1,25,2.064925021614682e-09,397.78267011357514,30
softmax,0,21,-1126.684981223025,3380.204429702363,64.70802322165552,1,25,2.064925021614682e-09,397.78267011357514,30
pac_successive_elimination,0,21,130.65138523468588,7221.063201840793,195.42318102032664,0,,0.0003093335518708259,955.887903564105,30
epsilon_greedy,0,22,-185.5870609125869,4616.448756368426,113.41812305960545,1,39,2.312229248182032e-06,679.9532856661901,30
ucb1,0,22,-1126.684981223025,3380.204429702363,64.70802322165552,1,25,2.064925021614682e-09,397.78267011357514,30
softmax,0,22,-1126.684981223025,3380.204429702363,64.70802322165552,1,25,2.064925021614682e-09,397.78267011357514,30
pac_successive_elimination,0,22,130.65138523468588,7221.063201840793,195.42318102032664,0,,0.0003093335518708259,955.887903564105,30
epsilon_greedy,0,23,94.46252016978012,5974.903345065848,128.0561653727147,0,,1.819339100343582e-05,743.425362715122,30
ucb1,0,23,-1126.684981223025,3380.204429702363,64.70802322165552,1,25,2.064925021614682e-09,397.78267011357514,30
softmax,0,23,-1126.684981223025,3380.204429702363,64.70802322165552,1,25,2.064925021614682e-09,397.78267011357514,30
pac_successive_elimination,0,23,130.65138523468588,7221.063201840793,195.42318102032664,0,,0.0003093335518708259,955.887903564105,30
epsilon_greedy,0,24,98.70496990070299,5835.740932655363,136.0088498020031,0,,2.663561068547088e-05,780.2468282701855,30
ucb1,0,24,-1126.684981223025,3380.204429702363,64.70802322165552,1,25,2.064925021614682e-09,397.78267011357514,30
softmax,0,24,-1126.684981223025,3380.204429702363,64.70802322165552,1,25,2.064925021614682e-09,397.78267011357514,30
pac_successive_elimination,0,24,130.65138523468588,7221.063201840793,195.42318102032664,0,,0.0003093335518708259,955.887903564105,30
epsilon_greedy,0,25,-155.56735533607397,4510.2335359537265,114.42286083241892,1,40,1.8731943378969878e-06,683.8973568100917,30
ucb1,0,25,-1126.684981223025,3380.204429702363,64.70802322165552,1,25,2.064925021614682e-09,397.78267011357514,30
softmax,0,25,-1126.684981223025,3380.204429702363,64.70802322165552,1,25,2.064925021614682e-09,397.78267011357514,30
pac_successive_elimination,0,25,130.65138523468588,7221.063201840793,195.42318102032664,0,,0.0003093335518708259,955.887903564105,30
epsilon_greedy,0,26,94.46194383713035,5974.933530362957,128.0561653727147,0,,1.2693230725443715e-05,743.4207432186206,30
ucb1,0,26,-1126.684981223025,3380.204429702363,64.70802322165552,1,25,2.064925021614682e-09,397.78267011357514,30
softmax,0,26,-1126.684981223025,3380.204429702363,64.70802322165552,1,25,2.064925021614682e-09,397.78267011357514,30
pac_successive_elimination,0,26,130.65138523468588,7221.063201840793,195.42318102032664,0,,0.0003093335518708259,955.887903564105,30
epsilon_greedy,0,27,94.46196975279912,5974.908412478013,128.0561653727147,0,,8.955034517307027e-06,743.4234877726301,30
ucb1,0,27,-1126.684981223025,3380.204429702363,64.70802322165552,1,25,2.064925021614682e-09,397.78267011357514,30
softmax,0,27,-1126.684981223025,3380.204429702363,64.70802322165552,1,25,2.064925021614682e-09,397.78267011357514,30
pac_successive_elimination,0,27,130.65138523468588,7221.063201840793,195.42318102032664,0,,0.0003093335518708259,955.887903564105,30
epsilon_greedy,0,28,94.46197883189505,5974.9083994325665,128.0561653727147,0,,8.961535658726111e-06,743.4234843823075,30
ucb1,0,28,-1126.684981223025,3380.204429702363,64.70802322165552,1,25,2.064925021614682e-09,397.78267011357514,30
softmax,0,28,-1126.684981223025,3380.204429702363,64.70802322165552,1,25,2.064925021614682e-09,397.78267011357514,30
pac_successive_elimination,0,28,130.65138523468588,7221.063201840793,195.42318102032664,0,,0.0003093335518708259,955.887903564105,30
epsilon_greedy,0,29,94.46196180675992,5974.934455771347,128.0561653727147,0,,1.336279789763714e-05,743.4207871559237,30
ucb1,0,29,-1126.684981223025,3380.204429702363,64.70802322165552,1,25,2.064925021614682e-09,397.78267011357514,30
softmax,0,29,-1126.684981223025,3380.204429702363,64.70802322165552,1,25,2.064925021614682e-09,397.78267011357514,30
pac_successive_elimination,0,29,130.65138523468588,7221.063201840793,195.42318102032664,0,,0.0003093335518708259,955.887903564105,30
epsilon_greedy,1,0,-174.3776708015841,5035.9064545797,112.19047291355115,1,41,2.154008187742465e-07,671.9215526503559,30
ucb1,1,0,-174.3776926951867,5035.91202440127,112.19047291355115,1,41,8.159557971839017e-07,671.9207514995029,30
softmax,1,0,-174.37293224718115,5035.614355007801,112.19047291355115,1,41,2.4863673216052275e-06,671.9735326290241,30
pac_successive_elimination,1,0,-536.7147264708465,4717.684840264517,92.88818246655615,1,30,2.128840560366924e-08,579.951181716252,30
epsilon_greedy,1,1,119.84478797287501,4333.652685476042,175.09340638544796,0,,0.0006572960535145172,931.4759565218787,30
ucb1,1,1,94.46423478520089,5974.734607784112,128.0561653727147,0,,7.877385090083122e-06,743.4497192968948,30
softmax,1,1,119.63528149600224,4345.587980413545,175.09340638544796,0,,0.0007888190757456136,930.1246403670261,30
pac_successive_elimination,1,1,130.65138523468588,7221.063201840793,195.42318102032664,0,,0.0003093335518708259,955.887903564105,30
epsilon_greedy,1,2,119.83400377315243,4335.082747290155,175.09340638544796,0,,0.0009417963510626787,931.3108620212616,30
ucb1,1,2,94.46229478329766,5974.890950234619,128.0561653727147,0,,1.0994932503550382e-05,743.4260459281252,30
softmax,1,2,101.24131609753894,5777.904339235827,141.0119593222354,0,,2.7178449674828355e-05,799.806312017472,30
pac_successive_elimination,1,2,130.65138523468588,7221.063201840793,195.42318102032664,0,,0.0003093335518708259,955.887903564105,30
epsilon_greedy,1,3,126.05930702014072,4502.965731123393,187.25761522138836,0,,0.00460150333925946,956.3093242030317,30
ucb1,1,3,94.46216603896856,5974.889574851286,128.0561653727147,0,,7.907520467858684e-06,743.4268742985878,30
softmax,1,3,112.90140967642185,4569.802793328086,161.2812789442872,0,,0.0005154628948070174,890.9080151243389,30
pac_successive_elimination,1,3,130.65138523468588,7221.063201840793,195.42318102032664,0,,0.0003093335518708259,955.887903564105,30
epsilon_greedy,1,4,-992.7723109818951,3268.860819194966,70.88136440920798,1,25,3.437065318452961e-10,439.1421171329735,30
ucb1,1,4,94.46210439239626,5974.88458382935,128.0561653727147,0,,6.439943406248192e-06,743.4271146767741,30
softmax,1,4,18.144002531778764,4329.952801054003,119.05964965546029,1,47,3.126831437186188e-06,710.4540526704455,30
pac_successive_elimination,1,4,130.65138523468588,7221.063201840793,195.42318102032664,0,,0.0003093335518708259,955.887903564105,30
epsilon_greedy,1,5,119.84064384594805,4335.067797547226,175.09340638544796,0,,0.0010036106168478248,931.3288834617144,30
ucb1,1,5,94.46207501806741,5975.2571583629215,128.0561653727147,0,,0.00012525773398056652,743.3863989653579,30
softmax,1,5,92.08364264402918,5377.252650161689,123.47829176317501,0,,1.8982333317466324e-06,726.8868093283793,30
pac_successive_elimination,1,5,130.65138523468588,7221.063201840793,195.42318102032664,0,,0.0003093335518708259,955.887903564105,30
epsilon_greedy,1,6,94.39840774402278,4371.094308648093,128.7088253015897,0,,3.3590835943642828e-06,764.9321400372954,30
ucb1,1,6,-1075.313472303081,3338.2691089191144,67.17690048561954,1,25,1.4140229966250369e-09,412.47304024594564,30
softmax,1,6,125.15986251080258,6001.338102741634,182.21411972509665,0,,0.0037601096692886776,943.6492090624035,30
pac_successive_elimination,1,6,130.65138523468588,7221.063201840793,195.42318102032664,0,,0.0003093335518708259,955.887903564105,30
epsilon_greedy,1,7,109.09804149037336,4644.177354766435,154.2551470565767,0,,4.281370994515354e-05,870.0171950448865,30
ucb1,1,7,94.46198107624167,5974.915117765583,128.0561653727147,0,,1.001405364406694e-05,743.4229887172512,30
softmax,1,7,96.08290037901098,5913.211016795897,128.2992818432063,0,,1.0895855887664092e-05,758.2411619955961,30
pac_successive_elimination,1,7,130.65138523468588,7221.063201840793,195.42318102032664,0,,0.0003093335518708259,955.887903564105,30
epsilon_greedy,1,8,118.51867566881316,4391.161847390136,175.09340638544796,0,,0.0004236121848801476,923.821568481379,30
ucb1,1,8,94.46198107624167,5974.915117765583,128.0561653727147,0,,1.001405364406694e-05,743.4229887172512,30
softmax,1,8,91.38573349277205,5401.441279853593,123.0459796651768,0,,3.840512839379404e-06,720.251878658668,30
pac_successive_elimination,1,8,130.65138523468588,7221.063201840793,195.42318102032664,0,,0.0003093335518708259,955.887903564105,30
epsilon_greedy,1,9,117.10682855044938,4436.044776950303,169.63546648819852,0,,0.0002333675779359366,915.9430400267737,30
ucb1,1,9,94.46198107624167,5974.915117765583,128.0561653727147,0,,1.001405364406694e-05,743.4229887172512,30
softmax,1,9,101.57076499429786,5093.909764335183,142.44017367237288,0,,5.0633558953454825e-05,806.8718091508509,30
pac_successive_elimination,1,9,130.65138523468588,7221.063201840793,195.42318102032664,0,,0.0003093335518708259,955.887903564105,30
epsilon_greedy,1,10,119.37406674078714,4356.038652048092,175.09340638544796,0,,0.0007336300207516881,928.6833590742743,30
ucb1,1,10,94.46198107624167,5974.915117765583,128.0561653727147,0,,1.001405364406694e-05,743.4229887172512,30
softmax,1,10,97.6292206979261,5867.433202550382,133.29572990615512,0,,1.0733795811104027e-05,771.3593755308195,30
pac_successive_elimination,1,10,130.65138523468588,7221.063201840793,195.42318102032664,0,,0.0003093335518708259,955.887903564105,30
epsilon_greedy,1,11,96.39649135033108,4460.677387921392,131.84002630644184,0,,3.657466789767062e-06,780.2893745237152,30
ucb1,1,11,94.46198107624167,5974.915117765583,128.0561653727147,0,,1.001405364406694e-05,743.4229887172512,30
softmax,1,11,-144.38570420692034,4894.825999116471,113.80319491076965,1,40,1.1938201482901498e-06,685.6388017519384,30
pac_successive_elimination,1,11,130.65138523468588,7221.063201840793,195.42318102032664,0,,0.0003093335518708259,955.887903564105,30
epsilon_greedy,1,12,119.65633399541854,4343.383055379889,175.09340638544796,0,,0.0006257908427547642,930.3562569278789,30
ucb1,1,12,94.46198107624167,5974.915117765583,128.0561653727147,0,,1.001405364406694e-05,743.4229887172512,30
softmax,1,12,-1075.2096962539333,3333.825330507628,67.17690048561954,1,25,1.343707480326265e-09,413.6560116068844,30
pac_successive_elimination,1,12,130.65138523468588,7221.063201840793,195.42318102032664,0,,0.0003093335518708259,955.887903564105,30
epsilon_greedy,1,13,119.65647316796998,4342.756810467283,175.09340638544796,0,,0.0004353784643767457,930.4172045841639,30
ucb1,1,13,94.46198107624167,5974.915117765583,128.0561653727147,0,,1.001405364406694e-05,743.4229887172512,30
softmax,1,13,128.5079665596118,5308.3909053535845,194.77099083711911,0,,0.004124763378179626,961.7413625161786,30
pac_successive_elimination,1,13,130.65138523468588,7221.063201840793,195.42318102032664,0,,0.0003093335518708259,955.887903564105,30
epsilon_greedy,1,14,119.84478089519428,4333.85499468845,175.09340638544796,0,,0.0007183242025702441,931.4571269209839,30
ucb1,1,14,94.46198107624167,5974.915117765583,128.0561653727147,0,,1.001405364406694e-05,743.4229887172512,30
softmax,1,14,94.91024721356435,5956.883685968827,128.0561653727147,0,,7.638345221429594e-06,747.6151087134839,30
pac_successive_elimination,1,14,130.65138523468588,7221.063201840793,195.42318102032664,0,,0.0003093335518708259,955.887903564105,30
epsilon_greedy,1,15,119.84357680664237,4335.758954431336,175.09340638544796,0,,0.0013168871708206936,931.2782009104725,30
ucb1,1,15,94.46198107624167,5974.915117765583,128.0561653727147,0,,1.001405364406694e-05,743.4229887172512,30
softmax,1,15,111.34031021951333,4634.212914668136,161.2812789442872,0,,0.00024505649102200084,880.682336679156,30
pac_successive_elimination,1,15,130.65138523468588,7221.063201840793,195.42318102032664,0,,0.0003093335518708259,955.887903564105,30
epsilon_greedy,1,16,119.84478797287501,4333.652685476042,175.09340638544796,0,,0.0006572960535145172,931.4759565218787,30
ucb1,1,16,94.46198107624167,5974.915117765583,128.0561653727147,0,,1.001405364406694e-05,743.4229887172512,30
softmax,1,16,-195.56458358681925,4680.1056715327295,112.9713660358026,1,40,2.9671030101901266e-07,673.0370215733298,30
pac_successive_elimination,1,16,130.65138523468588,7221.063201840793,195.42318102032664,0,,0.0003093335518708259,955.887903564105,30
epsilon_greedy,1,17,119.84493696669692,4334.158820120536,175.09340638544796,0,,0.000837899807064944,931.4301811537366,30
ucb1,1,17,94.46198107624167,5974.915117765583,128.0561653727147,0,,1.001405364406694e-05,743.4229887172512,30
softmax,1,17,94.3936346091907,4371.41468628374,128.7088253015897,0,,2.348620371526095e-06,764.8840595119838,30
pac_successive_elimination,1,17,130.65138523468588,7221.063201840793,195.42318102032664,0,,0.0003093335518708259,955.887903564105,30
epsilon_greedy,1,18,91.24147545960038,4223.862815544495,123.77814951961608,0,,1.1353793622334733e-06,739.6538672034432,30
ucb1,1,18,94.46198107624167,5974.915117765583,128.0561653727147,0,,1.001405364406694e-05,743.4229887172512,30
softmax,1,18,108.57522172230648,4667.895044678733,154.2551470565767,0,,5.473739242437819e-05,866.2995065276507,30
pac_successive_elimination,1,18,130.65138523468588,7221.063201840793,195.42318102032664,0,,0.0003093335518708259,955.887903564105,30
epsilon_greedy,1,19,123.91783251079511,4196.082302063591,183.87887932735873,0,,0.0017226801575419882,952.5809305564177,30
ucb1,1,19,94.46198107624167,5974.915117765583,128.0561653727147,0,,1.001405364406694e-05,743.4229887172512,30
softmax,1,19,100.25527371581904,4926.911576635977,137.45045015326508,0,,9.244152499356676e-06,806.626685395496,30
pac_successive_elimination,1,19,130.65138523468588,7221.063201840793,195.42318102032664,0,,0.0003093335518708259,955.887903564105,30
epsilon_greedy,1,20,118.98762864203117,4368.631224511589,173.96941470597088,0,,0.0006442286881175018,927.9804446545621,30
ucb1,1,20,94.46198107624167,5974.915117765583,128.0561653727147,0,,1.001405364406694e-05,743.4229887172512,30
softmax,1,20,119.83551751984488,4334.502877156243,175.09340638544796,0,,0.0006247186245350776,931.3801506377428,30
pac_successive_elimination,1,20,130.65138523468588,7221.063201840793,195.42318102032664,0,,0.0003093335518708259,955.887903564105,30
epsilon_greedy,1,21,119.83480278677955,4335.916506786553,175.09340638544796,0,,0.0011816958212594012,931.2381167375659,30
ucb1,1,21,94.46198107624167,5974.915117765583,128.0561653727147,0,,1.001405364406694e-05,743.4229887172512,30
softmax,1,21,116.6515020954579,4457.244722773243,169.63546648819852,0,,0.00029991987566592497,913.1169202037328,30
pac_successive_elimination,1,21,130.65138523468588,7221.063201840793,195.42318102032664,0,,0.0003093335518708259,955.887903564105,30
epsilon_greedy,1,22,119.8449474893032,4333.295400989249,175.09340638544796,0,,0.0005534227795912706,931.5106451108903,30
ucb1,1,22,94.46198107624167,5974.915117765583,128.0561653727147,0,,1.001405364406694e-05,743.4229887172512,30
softmax,1,22,110.53475662342501,4649.119180856852,156.27448302686673,0,,9.567419893884141e-05,875.9529002646289,30
pac_successive_elimination,1,22,130.65138523468588,7221.063201840793,195.42318102032664,0,,0.0003093335518708259,955.887903564105,30
epsilon_greedy,1,23,109.81862140294888,4290.9144526386235,158.5316818741224,0,,9.269045981473487e-05,878.3761201097221,30
ucb1,1,23,94.46198107624167,5974.915117765583,128.0561653727147,0,,1.001405364406694e-05,743.4229887172512,30
softmax,1,23,119.84478797287501,4333.652685476042,175.09340638544796,0,,0.0006572960535145172,931.4759565218787,30
pac_successive_elimination,1,23,130.65138523468588,7221.063201840793,195.42318102032664,0,,0.0003093335518708259,955.887903564105,30
epsilon_greedy,1,24,119.84421648942072,4334.31197093446,175.09340638544796,0,,0.0008393989731843409,931.4123391436459,30
ucb1,1,24,94.46198107624167,5974.915117765583,128.0561653727147,0,,1.001405364406694e-05,743.4229887172512,30
softmax,1,24,119.84478797287501,4333.652685476042,175.09340638544796,0,,0.0006572960535145172,931.4759565218787,30
pac_successive_elimination,1,24,130.65138523468588,7221.063201840793,195.42318102032664,0,,0.0003093335518708259,955.887903564105,30
epsilon_greedy,1,25,96.39557385230202,4460.750742016089,131.84002630644184,0,,2.7637168621154606e-06,780.2807041456219,30
ucb1,1,25,94.46198107624167,5974.915117765583,128.0561653727147,0,,1.001405364406694e-05,743.4229887172512,30
softmax,1,25,119.84478797287501,4333.652685476042,175.09340638544796,0,,0.0006572960535145172,931.4759565218787,30
pac_successive_elimination,1,25,130.65138523468588,7221.063201840793,195.42318102032664,0,,0.0003093335518708259,955.887903564105,30
epsilon_greedy,1,26,113.0919761140319,4558.491322467495,161.2812789442872,0,,0.00012955398950333455,892.3777783106303,30
ucb1,1,26,94.46198107624167,5974.915117765583,128.0561653727147,0,,1.001405364406694e-05,743.4229887172512,30
softmax,1,26,119.38427286575464,4355.091441210146,175.09340638544796,0,,0.000584522660322397,928.801211105455,30
pac_successive_elimination,1,26,130.65138523468588,7221.063201840793,195.42318102032664,0,,0.0003093335518708259,955.887903564105,30
epsilon_greedy,1,27,126.06195071827176,4497.681705753827,187.25761522138836,0,,0.003077870295190937,956.8046921044684,30
ucb1,1,27,94.46198107624167,5974.915117765583,128.0561653727147,0,,1.001405364406694e-05,743.4229887172512,30
softmax,1,27,119.84478797287501,4333.652685476042,175.09340638544796,0,,0.0006572960535145172,931.4759565218787,30
pac_successive_elimination,1,27,130.65138523468588,7221.063201840793,195.42318102032664,0,,0.0003093335518708259,955.887903564105,30
epsilon_greedy,1,28,119.81316955574992,4335.668316695759,175.09340638544796,0,,0.0006519330024096115,931.2771007298824,30
ucb1,1,28,94.46198107624167,5974.915117765583,128.0561653727147,0,,1.001405364406694e-05,743.4229887172512,30
softmax,1,28,119.84389219649337,4334.178404145097,175.09340638544796,0,,0.0007485043826052175,931.4276463316494,30
pac_successive_elimination,1,28,130.65138523468588,7221.063201840793,195.42318102032664,0,,0.0003093335518708259,955.887903564105,30
epsilon_greedy,1,29,109.09802946242473,4644.2244105465525,154.2551470565767,0,,6.708247278144219e-05,870.0121924142526,30
ucb1,1,29,94.46198107624167,5974.915117765583,128.0561653727147,0,,1.001405364406694e-05,743.4229887172512,30
softmax,1,29,119.84485470316191,4333.409581469727,175.09340638544796,0,,0.0005838469627848289,931.4997217159655,30
pac_successive_elimination,1,29,130.65138523468588,7221.063201840793,195.42318102032664,0,,0.0003093335518708259,955.887903564105,30
epsilon_greedy,2,0,-816.3609920109988,3922.7038080564234,78.61411942354333,1,30,4.3403025184167905e-08,480.6651074985475,30
ucb1,2,0,-816.3740310301881,3923.3603986434814,78.61411942354333,1,30,1.0394813370035278e-08,480.5122649286484,30
softmax,2,0,-816.3740312917106,3923.3605162078784,78.61411942354333,1,30,4.3170804393156696e-08,480.51224553320657,30
pac_successive_elimination,2,0,-536.7147264708465,4717.684840264517,92.88818246655615,1,30,2.128840560366924e-08,579.951181716252,30
epsilon_greedy,2,1,-1126.684981223025,3380.204429702363,64.70802322165552,1,25,2.064925021614682e-09,397.78267011357514,30
ucb1,2,1,94.46198107624167,5974.915117765583,128.0561653727147,0,,1.001405364406694e-05,743.4229887172512,30
softmax,2,1,-1126.684981223025,3380.204429702363,64.70802322165552,1,25,2.064925021614682e-09,397.78267011357514,30
pac_successive_elimination,2,1,130.65138523468588,7221.063201840793,195.42318102032664,0,,0.0003093335518708259,955.887903564105,30
epsilon_greedy,2,2,-1126.6849810613323,3380.2043779865726,64.70802322165552,1,25,1.464192318771098e-09,397.78267494069445,30
ucb1,2,2,94.46198107624167,5974.915117765583,128.0561653727147,0,,1.001405364406694e-05,743.4229887172512,30
softmax,2,2,-1126.684981223025,3380.204429702363,64.70802322165552,1,25,2.064925021614682e-09,397.78267011357514,30
pac_successive_elimination,2,2,130.65138523468588,7221.063201840793,195.42318102032664,0,,0.0003093335518708259,955.887903564105,30
epsilon_greedy,2,3,-1126.6839268231158,3380.1309246330916,64.70802322165552,1,25,2.065908033575959e-09,397.79633976208527,30
ucb1,2,3,94.46198107624167,5974.915117765583,128.0561653727147,0,,1.001405364406694e-05,743.4229887172512,30
softmax,2,3,-1126.684981223025,3380.204429702363,64.70802322165552,1,25,2.064925021614682e-09,397.78267011357514,30
pac_successive_elimination,2,3,130.65138523468588,7221.063201840793,195.42318102032664,0,,0.0003093335518708259,955.887903564105,30
epsilon_greedy,2,4,-164.35781373982917,5474.279317629799,113.87063527126288,1,39,3.475861560253884e-05,685.2721039741252,30
ucb1,2,4,94.46198107624167,5974.915117765583,128.0561653727147,0,,1.001405364406694e-05,743.4229887172512,30
softmax,2,4,-1126.684981223025,3380.204429702363,64.70802322165552,1,25,2.064925021614682e-09,397.78267011357514,30
pac_successive_elimination,2,4,130.65138523468588,7221.063201840793,195.42318102032664,0,,0.0003093335518708259,955.887903564105,30
epsilon_greedy,2,5,-578.1167060369339,4742.727631330357,92.4853508767067,1,30,4.831428037405312e-07,565.6989168708365,30
ucb1,2,5,94.46198107624167,5974.915117765583,128.0561653727147,0,,1.001405364406694e-05,743.4229887172512,30
softmax,2,5,-1126.684981223025,3380.204429702363,64.70802322165552,1,25,2.064925021614682e-09,397.78267011357514,30
pac_successive_elimination,2,5,130.65138523468588,7221.063201840793,195.42318102032664,0,,0.0003093335518708259,955.887903564105,30
epsilon_greedy,2,6,-1126.6839250588905,3380.1306122557294,64.70802322165552,1,25,1.1480238093951125e-09,397.7963740484919,30
ucb1,2,6,94.46198107624167,5974.915117765583,128.0561653727147,0,,1.001405364406694e-05,743.4229887172512,30
softmax,2,6,-1126.684981223025,3380.204429702363,64.70802322165552,1,25,2.064925021614682e-09,397.78267011357514,30
pac_successive_elimination,2,6,130.65138523468588,7221.063201840793,195.42318102032664,0,,0.0003093335518708259,955.887903564105,30
epsilon_greedy,2,7,-1126.684545358708,3380.170406186953,64.70802322165552,1,25,2.0653463370193845e-09,397.7885296620554,30
ucb1,2,7,94.46198107624167,5974.915117765583,128.0561653727147,0,,1.001405364406694e-05,743.4229887172512,30
softmax,2,7,-1126.684981223025,3380.204429702363,64.70802322165552,1,25,2.064925021614682e-09,397.78267011357514,30
pac_successive_elimination,2,7,130.65138523468588,7221.063201840793,195.42318102032664,0,,0.0003093335518708259,955.887903564105,30
epsilon_greedy,2,8,-1126.684981223025,3380.204429702363,64.70802322165552,1,25,2.064925021614682e-09,397.78267011357514,30
ucb1,2,8,94.46198107624167,5974.915117765583,128.0561653727147,0,,1.001405364406694e-05,743.4229887172512,30
softmax,2,8,-1126.684981223025,3380.204429702363,64.70802322165552,1,25,2.064925021614682e-09,397.78267011357514,30
pac_successive_elimination,2,8,130.65138523468588,7221.063201840793,195.42318102032664,0,,0.0003093335518708259,955.887903564105,30
epsilon_greedy,2,9,-1126.684981223025,3380.204429702363,64.70802322165552,1,25,2.064925021614682e-09,397.78267011357514,30
ucb1,2,9,94.46198107624167,5974.915117765583,128.0561653727147,0,,1.001405364406694e-05,743.4229887172512,30
softmax,2,9,-1126.684981223025,3380.204429702363,64.70802322165552,1,25,2.064925021614682e-09,397.78267011357514,30
pac_successive_elimination,2,9,130.65138523468588,7221.063201840793,195.42318102032664,0,,0.0003093335518708259,955.887903564105,30
epsilon_greedy,2,10,-1126.684981223025,3380.204429702363,64.70802322165552,1,25,2.064925021614682e-09,397.78267011357514,30
ucb1,2,10,94.46198107624167,5974.915117765583,128.0561653727147,0,,1.001405364406694e-05,743.4229887172512,30
softmax,2,10,-1126.684981223025,3380.204429702363,64.70802322165552,1,25,2.064925021614682e-09,397.78267011357514,30
pac_successive_elimination,2,10,130.65138523468588,7221.063201840793,195.42318102032664,0,,0.0003093335518708259,955.887903564105,30
epsilon_greedy,2,11,-1126.684981223025,3380.204429702363,64.70802322165552,1,25,2.064925021614682e-09,397.78267011357514,30
ucb1,2,11,94.46198107624167,5974.915117765583,128.0561653727147,0,,1.001405364406694e-05,743.4229887172512,30
softmax,2,11,-1126.684981223025,3380.204429702363,64.70802322165552,1,25,2.064925021614682e-09,397.78267011357514,30
pac_successive_elimination,2,11,130.65138523468588,7221.063201840793,195.42318102032664,0,,0.0003093335518708259,955.887903564105,30
epsilon_greedy,2,12,-177.67830896479677,2655.1954625466997,116.01431773134173,1,37,4.409774410097394e-05,685.4386927980603,30
ucb1,2,12,94.46198107624167,5974.915117765583,128.0561653727147,0,,1.001405364406694e-05,743.4229887172512,30
softmax,2,12,-1126.684981223025,3380.204429702363,64.70802322165552,1,25,2.064925021614682e-09,397.78267011357514,30
pac_successive_elimination,2,12,130.65138523468588,7221.063201840793,195.42318102032664,0,,0.0003093335518708259,955.887903564105,30
epsilon_greedy,2,13,-1126.684981223025,3380.204429702363,64.70802322165552,1,25,2.064925021614682e-09,397.78267011357514,30
ucb1,2,13,94.46198107624167,5974.915117765583,128.0561653727147,0,,1.001405364406694e-05,743.4229887172512,30
softmax,2,13,-1126.684981223025,3380.204429702363,64.70802322165552,1,25,2.064925021614682e-09,397.78267011357514,30
pac_successive_elimination,2,13,130.65138523468588,7221.063201840793,195.42318102032664,0,,0.0003093335518708259,955.887903564105,30
epsilon_greedy,2,14,-1126.6849520037335,3380.201132247862,64.70802322165552,1,25,1.7266922033565701e-09,397.7831213998118,30
ucb1,2,14,94.46198107624167,5974.915117765583,128.0561653727147,0,,1.001405364406694e-05,743.4229887172512,30
softmax,2,14,-1126.684981223025,3380.204429702363,64.70802322165552,1,25,2.064925021614682e-09,397.78267011357514,30
pac_successive_elimination,2,14,130.65138523468588,7221.063201840793,195.42318102032664,0,,0.0003093335518708259,955.887903564105,30
epsilon_greedy,2,15,-1126.684981223025,3380.204429702363,64.70802322165552,1,25,2.064925021614682e-09,397.78267011357514,30
ucb1,2,15,94.46198107624167,5974.915117765583,128.0561653727147,0,,1.001405364406694e-05,743.4229887172512,30
softmax,2,15,-1126.684981223025,3380.204429702363,64.70802322165552,1,25,2.064925021614682e-09,397.78267011357514,30
pac_successive_elimination,2,15,130.65138523468588,7221.063201840793,195.42318102032664,0,,0.0003093335518708259,955.887903564105,30
epsilon_greedy,2,16,-1126.6849808216791,3380.2043293199,64.70802322165552,1,25,1.6685696071981654e-09,397.7826795067589,30
ucb1,2,16,94.46198107624167,5974.915117765583,128.0561653727147,0,,1.001405364406694e-05,743.4229887172512,30
softmax,2,16,-1126.684981223025,3380.204429702363,64.70802322165552,1,25,2.064925021614682e-09,397.78267011357514,30
pac_successive_elimination,2,16,130.65138523468588,7221.063201840793,195.42318102032664,0,,0.0003093335518708259,955.887903564105,30
epsilon_greedy,2,17,166.49225579947517,4651.710256392383,278.7361253000429,0,,0.12618259771538698,1056.7057717749385,30
ucb1,2,17,94.46198107624167,5974.915117765583,128.0561653727147,0,,1.001405364406694e-05,743.4229887172512,30
softmax,2,17,-1126.684981223025,3380.204429702363,64.70802322165552,1,25,2.064925021614682e-09,397.78267011357514,30
pac_successive_elimination,2,17,130.65138523468588,7221.063201840793,195.42318102032664,0,,0.0003093335518708259,955.887903564105,30
epsilon_greedy,2,18,112.77619672802504,3104.1418947309394,163.0877133707246,0,,3.28131129142976e-06,898.8835580854785,30
ucb1,2,18,94.46198107624167,5974.915117765583,128.0561653727147,0,,1.001405364406694e-05,743.4229887172512,30
softmax,2,18,-1126.684981223025,3380.204429702363,64.70802322165552,1,25,2.064925021614682e-09,397.78267011357514,30
pac_successive_elimination,2,18,130.65138523468588,7221.063201840793,195.42318102032664,0,,0.0003093335518708259,955.887903564105,30
epsilon_greedy,2,19,173.1069525662477,5078.280531156222,297.94368525148207,0,,0.21963937922878585,1039.815179661861,30
ucb1,2,19,94.46198107624167,5974.915117765583,128.0561653727147,0,,1.001405364406694e-05,743.4229887172512,30
softmax,2,19,-1126.684981223025,3380.204429702363,64.70802322165552,1,25,2.064925021614682e-09,397.78267011357514,30
pac_successive_elimination,2,19,130.65138523468588,7221.063201840793,195.42318102032664,0,,0.0003093335518708259,955.887903564105,30
epsilon_greedy,2,20,178.8063695129366,6426.268673467786,317.3515829056392,0,,0.5609780971049282,935.6284658487012,30
ucb1,2,20,94.46198107624167,5974.915117765583,128.0561653727147,0,,1.001405364406694e-05,743.4229887172512,30
softmax,2,20,-1126.684981223025,3380.204429702363,64.70802322165552,1,25,2.064925021614682e-09,397.78267011357514,30
pac_successive_elimination,2,20,130.65138523468588,7221.063201840793,195.42318102032664,0,,0.0003093335518708259,955.887903564105,30
epsilon_greedy,2,21,112.77756804509414,3104.0652429060356,163.0877133707246,0,,2.649963982510246e-06,898.8952716306665,30
ucb1,2,21,94.46198107624167,5974.915117765583,128.0561653727147,0,,1.001405364406694e-05,743.4229887172512,30
softmax,2,21,-1126.684981223025,3380.204429702363,64.70802322165552,1,25,2.064925021614682e-09,397.78267011357514,30
pac_successive_elimination,2,21,130.65138523468588,7221.063201840793,195.42318102032664,0,,0.0003093335518708259,955.887903564105,30
epsilon_greedy,2,22,165.41657327643404,10304.53147577457,317.3515829056392,0,,0.5720946610478046,444.4087477167132,30
ucb1,2,22,94.46198107624167,5974.915117765583,128.0561653727147,0,,1.001405364406694e-05,743.4229887172512,30
softmax,2,22,-1126.684981223025,3380.204429702363,64.70802322165552,1,25,2.064925021614682e-09,397.78267011357514,30
pac_successive_elimination,2,22,130.65138523468588,7221.063201840793,195.42318102032664,0,,0.0003093335518708259,955.887903564105,30
epsilon_greedy,2,23,146.30620511136016,4273.218304573789,229.66505059593328,0,,0.0013368768785289545,1038.3928284618423,30
ucb1,2,23,94.46198107624167,5974.915117765583,128.0561653727147,0,,1.001405364406694e-05,743.4229887172512,30
softmax,2,23,-1126.684981223025,3380.204429702363,64.70802322165552,1,25,2.064925021614682e-09,397.78267011357514,30
pac_successive_elimination,2,23,130.65138523468588,7221.063201840793,195.42318102032664,0,,0.0003093335518708259,955.887903564105,30
epsilon_greedy,2,24,177.78925988536983,8214.557356519093,317.3515829056392,0,,0.9813009383234083,759.9678027162626,30
ucb1,2,24,94.46198107624167,5974.915117765583,128.0561653727147,0,,1.001405364406694e-05,743.4229887172512,30
softmax,2,24,-1126.684981223025,3380.204429702363,64.70802322165552,1,25,2.064925021614682e-09,397.78267011357514,30
pac_successive_elimination,2,24,130.65138523468588,7221.063201840793,195.42318102032664,0,,0.0003093335518708259,955.887903564105,30
epsilon_greedy,2,25,156.17130876831206,4744.002332819735,256.2617065693229,0,,0.007088174734188544,1060.8047916838914,30
ucb1,2,25,94.46198107624167,5974.915117765583,128.0561653727147,0,,1.001405364406694e-05,743.4229887172512,30
softmax,2,25,-1126.684981223025,3380.204429702363,64.70802322165552,1,25,2.064925021614682e-09,397.78267011357514,30
pac_successive_elimination,2,25,130.65138523468588,7221.063201840793,195.42318102032664,0,,0.0003093335518708259,955.887903564105,30
epsilon_greedy,2,26,112.80265275183262,3102.354268050456,163.0877133707246,0,,2.661008172878719e-06,899.0761033334776,30
ucb1,2,26,94.46198107624167,5974.915117765583,128.0561653727147,0,,1.001405364406694e-05,743.4229887172512,30
softmax,2,26,-1126.684981223025,3380.204429702363,64.70802322165552,1,25,2.064925021614682e-09,397.78267011357514,30
pac_successive_elimination,2,26,130.65138523468588,7221.063201840793,195.42318102032664,0,,0.0003093335518708259,955.887903564105,30
epsilon_greedy,2,27,178.4260840787079,7212.715913444635,317.3515829056392,0,,0.7582808214062092,860.0264275174642,30
ucb1,2,27,94.46198107624167,5974.915117765583,128.0561653727147,0,,1.001405364406694e-05,743.4229887172512,30
softmax,2,27,-1126.684981223025,3380.204429702363,64.70802322165552,1,25,2.064925021614682e-09,397.78267011357514,30
pac_successive_elimination,2,27,130.65138523468588,7221.063201840793,195.42318102032664,0,,0.0003093335518708259,955.887903564105,30
epsilon_greedy,2,28,166.37967527320185,4814.853780664377,278.7361253000429,0,,0.17102130151815162,1042.1199137621306,30
ucb1,2,28,94.46198107624167,5974.915117765583,128.0561653727147,0,,1.001405364406694e-05,743.4229887172512,30
softmax,2,28,-1126.684981223025,3380.204429702363,64.70802322165552,1,25,2.064925021614682e-09,397.78267011357514,30
pac_successive_elimination,2,28,130.65138523468588,7221.063201840793,195.42318102032664,0,,0.0003093335518708259,955.887903564105,30
epsilon_greedy,2,29,178.5742599587847,7121.115739160172,317.3515829056392,0,,0.742992468843519,868.5210012845566,30
ucb1,2,29,94.46198107624167,5974.915117765583,128.0561653727147,0,,1.001405364406694e-05,743.4229887172512,30
softmax,2,29,-1126.684981223025,3380.204429702363,64.70802322165552,1,25,2.064925021614682e-09,397.78267011357514,30
pac_successive_elimination,2,29,130.65138523468588,7221.063201840793,195.42318102032664,0,,0.0003093335518708259,955.887903564105,30
epsilon_greedy,3,0,138.12308523848583,5599.501477634897,215.2515163170335,0,,0.030581237516031118,992.1059911106511,30
ucb1,3,0,138.11580002515913,5856.5581030639505,215.2515163170335,0,,0.11189845949905362,968.567462975542,30
softmax,3,0,138.13740399994984,5719.096847584187,215.2515163170335,0,,0.06908214714456808,981.536108628094,30
pac_successive_elimination,3,0,-536.7147264708465,4717.684840264517,92.88818246655615,1,30,2.128840560366924e-08,579.951181716252,30
epsilon_greedy,3,1,176.65686229018272,8220.513666961317,317.3515829056392,0,,0.9615946304546588,760.6300712757342,30
ucb1,3,1,119.84479445738266,4335.915505268403,175.09340638544796,0,,0.0013463962327542828,931.2497370827457,30
softmax,3,1,119.61554190733297,4345.715298718302,175.09340638544796,0,,0.0005074004991045596,930.1127610077359,30
pac_successive_elimination,3,1,130.65138523468588,7221.063201840793,195.42318102032664,0,,0.0003093335518708259,955.887903564105,30
epsilon_greedy,3,2,161.59556754597065,10168.82726286962,317.3515829056392,0,,0.26697049980450016,426.7043886307362,30
ucb1,3,2,119.81178230940645,4342.75116890892,175.09340638544796,0,,0.002831403291404741,930.5455023466035,30
softmax,3,2,107.52796535409799,4709.055427823362,154.2551470565767,0,,8.026949787327581e-05,858.9827395563217,30
pac_successive_elimination,3,2,130.65138523468588,7221.063201840793,195.42318102032664,0,,0.0003093335518708259,955.887903564105,30
epsilon_greedy,3,3,178.69871090457679,6675.853716650236,317.3515829056392,0,,0.6271604908357817,911.3943867197247,30
ucb1,3,3,119.81296966470245,4371.334879938471,175.09340638544796,0,,0.012307048023900294,927.9238154070683,30
softmax,3,3,-92.95404102884712,4850.088412634835,117.80594796736635,1,41,1.487064374445514e-07,699.271312471399,30
pac_successive_elimination,3,3,130.65138523468588,7221.063201840793,195.42318102032664,0,,0.0003093335518708259,955.887903564105,30
epsilon_greedy,3,4,172.01250198521083,5984.846149962487,302.0251106504299,0,,0.38271480426368176,981.4560912716117,30
ucb1,3,4,-920.7498195418776,3210.38617580558,75.0528656261541,1,25,4.003798715560443e-10,460.48233908914693,30
softmax,3,4,130.69042655536623,7343.309331262972,195.42318102032664,0,,0.040438624225200406,944.6267385024531,30
pac_successive_elimination,3,4,130.65138523468588,7221.063201840793,195.42318102032664,0,,0.0003093335518708259,955.887903564105,30
epsilon_greedy,3,5,178.69871090457679,6675.853716650236,317.3515829056392,0,,0.6271604908357817,911.3943867197247,30
ucb1,3,5,119.84478797287501,4333.652685476042,175.09340638544796,0,,0.0006572960535145172,931.4759565218787,30
softmax,3,5,-1023.8409745573615,3290.495722640866,68.51515841036272,1,25,2.0894694865967647e-10,428.36932966971176,30
pac_successive_elimination,3,5,130.65138523468588,7221.063201840793,195.42318102032664,0,,0.0003093335518708259,955.887903564105,30
epsilon_greedy,3,6,177.4394566132261,12403.206479147424,317.3515829056392,0,,2.212713750764759,330.65886928362636,30
ucb1,3,6,119.84478797287501,4333.652685476042,175.09340638544796,0,,0.0006572960535145172,931.4759565218787,30
softmax,3,6,119.84478797287501,4333.652685476042,175.09340638544796,0,,0.0006572960535145172,931.4759565218787,30
pac_successive_elimination,3,6,130.65138523468588,7221.063201840793,195.42318102032664,0,,0.0003093335518708259,955.887903564105,30
epsilon_greedy,3,7,-817.2420559013383,3104.226430802076,79.23771956277655,1,25,8.338284267464534e-09,497.57018391771595,30
ucb1,3,7,119.84478797287501,4333.652685476042,175.09340638544796,0,,0.0006572960535145172,931.4759565218787,30
softmax,3,7,119.84478797287501,4333.652685476042,175.09340638544796,0,,0.0006572960535145172,931.4759565218787,30
pac_successive_elimination,3,7,130.65138523468588,7221.063201840793,195.42318102032664,0,,0.0003093335518708259,955.887903564105,30
epsilon_greedy,3,8,-1023.8228072649707,3286.303370888906,68.51515841036272,1,25,1.7866082321076107e-10,428.7707112651491,30
ucb1,3,8,119.84478797287501,4333.652685476042,175.09340638544796,0,,0.0006572960535145172,931.4759565218787,30
softmax,3,8,119.84478797287501,4333.652685476042,175.09340638544796,0,,0.0006572960535145172,931.4759565218787,30
pac_successive_elimination,3,8,130.65138523468588,7221.063201840793,195.42318102032664,0,,0.0003093335518708259,955.887903564105,30
epsilon_greedy,3,9,168.13256986152197,5426.775467520595,280.2619971611721,0,,0.09125209733143622,1068.1677691938492,30
ucb1,3,9,119.84478797287501,4333.652685476042,175.09340638544796,0,,0.0006572960535145172,931.4759565218787,30
softmax,3,9,119.84478797287501,4333.652685476042,175.09340638544796,0,,0.0006572960535145172,931.4759565218787,30
pac_successive_elimination,3,9,130.65138523468588,7221.063201840793,195.42318102032664,0,,0.0003093335518708259,955.887903564105,30
epsilon_greedy,3,10,170.5029897474765,10285.676239620114,317.3515829056392,0,,0.8352524425200281,480.2254171735426,30
ucb1,3,10,119.84478797287501,4333.652685476042,175.09340638544796,0,,0.0006572960535145172,931.4759565218787,30
softmax,3,10,119.84478797287501,4333.652685476042,175.09340638544796,0,,0.0006572960535145172,931.4759565218787,30
pac_successive_elimination,3,10,130.65138523468588,7221.063201840793,195.42318102032664,0,,0.0003093335518708259,955.887903564105,30
epsilon_greedy,3,11,178.69871090457679,6675.853716650236,317.3515829056392,0,,0.6271604908357817,911.3943867197247,30
ucb1,3,11,119.84478797287501,4333.652685476042,175.09340638544796,0,,0.0006572960535145172,931.4759565218787,30
softmax,3,11,119.84478797287501,4333.652685476042,175.09340638544796,0,,0.0006572960535145172,931.4759565218787,30
pac_successive_elimination,3,11,130.65138523468588,7221.063201840793,195.42318102032664,0,,0.0003093335518708259,955.887903564105,30
epsilon_greedy,3,12,175.4311299014182,9613.684276245964,317.3515829056392,0,,1.12095362382063,601.4269841744473,30
ucb1,3,12,119.84478797287501,4333.652685476042,175.09340638544796,0,,0.0006572960535145172,931.4759565218787,30
softmax,3,12,119.84478797287501,4333.652685476042,175.09340638544796,0,,0.0006572960535145172,931.4759565218787,30
pac_successive_elimination,3,12,130.65138523468588,7221.063201840793,195.42318102032664,0,,0.0003093335518708259,955.887903564105,30
epsilon_greedy,3,13,154.28303700481928,4850.488779787502,256.2617065693229,0,,0.01917379880026972,1051.4662985763885,30
ucb1,3,13,119.84478797287501,4333.652685476042,175.09340638544796,0,,0.0006572960535145172,931.4759565218787,30
softmax,3,13,119.84478797287501,4333.652685476042,175.09340638544796,0,,0.0006572960535145172,931.4759565218787,30
pac_successive_elimination,3,13,130.65138523468588,7221.063201840793,195.42318102032664,0,,0.0003093335518708259,955.887903564105,30
epsilon_greedy,3,14,178.81523112693773,6828.12135846356,317.3515829056392,0,,0.7056776296685721,900.6177823067461,30
ucb1,3,14,119.84478797287501,4333.652685476042,175.09340638544796,0,,0.0006572960535145172,931.4759565218787,30
softmax,3,14,119.84478797287501,4333.652685476042,175.09340638544796,0,,0.0006572960535145172,931.4759565218787,30
pac_successive_elimination,3,14,130.65138523468588,7221.063201840793,195.42318102032664,0,,0.0003093335518708259,955.887903564105,30
epsilon_greedy,3,15,170.2334366159274,7154.652097262784,302.0251106504299,0,,0.663071580062337,872.1482951281833,30
ucb1,3,15,119.84478797287501,4333.652685476042,175.09340638544796,0,,0.0006572960535145172,931.4759565218787,30
softmax,3,15,119.84478797287501,4333.652685476042,175.09340638544796,0,,0.0006572960535145172,931.4759565218787,30
pac_successive_elimination,3,15,130.65138523468588,7221.063201840793,195.42318102032664,0,,0.0003093335518708259,955.887903564105,30
epsilon_greedy,3,16,178.77034843577076,6516.384497563522,317.3515829056392,0,,0.5863853409761666,926.5156795014573,30
ucb1,3,16,119.84478797287501,4333.652685476042,175.09340638544796,0,,0.0006572960535145172,931.4759565218787,30
softmax,3,16,119.84478797287501,4333.652685476042,175.09340638544796,0,,0.0006572960535145172,931.4759565218787,30
pac_successive_elimination,3,16,130.65138523468588,7221.063201840793,195.42318102032664,0,,0.0003093335518708259,955.887903564105,30
epsilon_greedy,3,17,161.5900882975225,10228.14290234421,317.3515829056392,0,,0.3188703158166016,431.83993292711335,30
ucb1,3,17,119.84478797287501,4333.652685476042,175.09340638544796,0,,0.0006572960535145172,931.4759565218787,30
softmax,3,17,119.84478797287501,4333.652685476042,175.09340638544796,0,,0.0006572960535145172,931.4759565218787,30
pac_successive_elimination,3,17,130.65138523468588,7221.063201840793,195.42318102032664,0,,0.0003093335518708259,955.887903564105,30
epsilon_greedy,3,18,166.62131111745404,4500.306092751223,278.7361253000429,0,,0.09264043037113895,1070.727751497391,30
ucb1,3,18,119.84478797287501,4333.652685476042,175.09340638544796,0,,0.0006572960535145172,931.4759565218787,30
softmax,3,18,119.84478797287501,4333.652685476042,175.09340638544796,0,,0.0006572960535145172,931.4759565218787,30
pac_successive_elimination,3,18,130.65138523468588,7221.063201840793,195.42318102032664,0,,0.0003093335518708259,955.887903564105,30
epsilon_greedy,3,19,168.9613897431797,10381.653423300426,317.3515829056392,0,,1.0250623896430864,519.2911437809606,30
ucb1,3,19,119.84478797287501,4333.652685476042,175.09340638544796,0,,0.0006572960535145172,931.4759565218787,30
softmax,3,19,119.84478797287501,4333.652685476042,175.09340638544796,0,,0.0006572960535145172,931.4759565218787,30
pac_successive_elimination,3,19,130.65138523468588,7221.063201840793,195.42318102032664,0,,0.0003093335518708259,955.887903564105,30
epsilon_greedy,3,20,-487.42153356659907,2918.048779613407,94.46772776772943,1,32,5.750910430060575e-10,592.1015810328986,30
ucb1,3,20,119.84478797287501,4333.652685476042,175.09340638544796,0,,0.0006572960535145172,931.4759565218787,30
softmax,3,20,119.84478797287501,4333.652685476042,175.09340638544796,0,,0.0006572960535145172,931.4759565218787,30
pac_successive_elimination,3,20,130.65138523468588,7221.063201840793,195.42318102032664,0,,0.0003093335518708259,955.887903564105,30
epsilon_greedy,3,21,175.3734453715086,10330.148663442093,317.3515829056392,0,,1.2458250551011096,510.4465347307793,30
ucb1,3,21,119.84478797287501,4333.652685476042,175.09340638544796,0,,0.0006572960535145172,931.4759565218787,30
softmax,3,21,119.84478797287501,4333.652685476042,175.09340638544796,0,,0.0006572960535145172,931.4759565218787,30
pac_successive_elimination,3,21,130.65138523468588,7221.063201840793,195.42318102032664,0,,0.0003093335518708259,955.887903564105,30
epsilon_greedy,3,22,178.74464962468053,7590.5766814160825,317.3515829056392,0,,0.9090859647391278,825.6365767969353,30
ucb1,3,22,119.84478797287501,4333.652685476042,175.09340638544796,0,,0.0006572960535145172,931.4759565218787,30
softmax,3,22,119.84478797287501,4333.652685476042,175.09340638544796,0,,0.0006572960535145172,931.4759565218787,30
pac_successive_elimination,3,22,130.65138523468588,7221.063201840793,195.42318102032664,0,,0.0003093335518708259,955.887903564105,30
epsilon_greedy,3,23,178.7114093308626,7096.20921780735,317.3515829056392,0,,0.6257276193806719,881.3858989759397,30
ucb1,3,23,119.84478797287501,4333.652685476042,175.09340638544796,0,,0.0006572960535145172,931.4759565218787,30
softmax,3,23,119.84478797287501,4333.652685476042,175.09340638544796,0,,0.0006572960535145172,931.4759565218787,30
pac_successive_elimination,3,23,130.65138523468588,7221.063201840793,195.42318102032664,0,,0.0003093335518708259,955.887903564105,30
epsilon_greedy,3,24,176.7512075777392,9378.30457272805,317.3515829056392,0,,1.1652329624703184,629.9167232353772,30
ucb1,3,24,119.84478797287501,4333.652685476042,175.09340638544796,0,,0.0006572960535145172,931.4759565218787,30
softmax,3,24,119.84478797287501,4333.652685476042,175.09340638544796,0,,0.0006572960535145172,931.4759565218787,30
pac_successive_elimination,3,24,130.65138523468588,7221.063201840793,195.42318102032664,0,,0.0003093335518708259,955.887903564105,30
epsilon_greedy,3,25,159.58723500879816,4829.60634282985,263.4837037123018,0,,0.015753570838021192,1068.4037540353281,30
ucb1,3,25,119.84478797287501,4333.652685476042,175.09340638544796,0,,0.0006572960535145172,931.4759565218787,30
softmax,3,25,119.84478797287501,4333.652685476042,175.09340638544796,0,,0.0006572960535145172,931.4759565218787,30
pac_successive_elimination,3,25,130.65138523468588,7221.063201840793,195.42318102032664,0,,0.0003093335518708259,955.887903564105,30
epsilon_greedy,3,26,178.24489973429672,7461.2411499895015,317.3515829056392,0,,0.8147943769125701,836.0068387051446,30
ucb1,3,26,119.84478797287501,4333.652685476042,175.09340638544796,0,,0.0006572960535145172,931.4759565218787,30
softmax,3,26,119.84478797287501,4333.652685476042,175.09340638544796,0,,0.0006572960535145172,931.4759565218787,30
pac_successive_elimination,3,26,130.65138523468588,7221.063201840793,195.42318102032664,0,,0.0003093335518708259,955.887903564105,30
epsilon_greedy,3,27,151.08436300811024,4049.896322882825,240.70835665333624,0,,0.00321513771597825,1053.9314490106287,30
ucb1,3,27,119.84478797287501,4333.652685476042,175.09340638544796,0,,0.0006572960535145172,931.4759565218787,30
softmax,3,27,119.84478797287501,4333.652685476042,175.09340638544796,0,,0.0006572960535145172,931.4759565218787,30
pac_successive_elimination,3,27,130.65138523468588,7221.063201840793,195.42318102032664,0,,0.0003093335518708259,955.887903564105,30
epsilon_greedy,3,28,166.18948070154906,4655.8736012921445,278.7361253000429,0,,0.11180045229851801,1057.5716640998905,30
ucb1,3,28,119.84478797287501,4333.652685476042,175.09340638544796,0,,0.0006572960535145172,931.4759565218787,30
softmax,3,28,119.84478797287501,4333.652685476042,175.09340638544796,0,,0.0006572960535145172,931.4759565218787,30
pac_successive_elimination,3,28,130.65138523468588,7221.063201840793,195.42318102032664,0,,0.0003093335518708259,955.887903564105,30
epsilon_greedy,3,29,178.48464165886713,7164.655563191282,317.3515829056392,0,,0.7485754807256059,864.5093614825396,30
ucb1,3,29,119.84478797287501,4333.652685476042,175.09340638544796,0,,0.0006572960535145172,931.4759565218787,30
softmax,3,29,119.84478797287501,4333.652685476042,175.09340638544796,0,,0.0006572960535145172,931.4759565218787,30
pac_successive_elimination,3,29,130.65138523468588,7221.063201840793,195.42318102032664,0,,0.0003093335518708259,955.887903564105,30
epsilon_greedy,4,0,-453.5317825170133,4273.384856377078,100.61355233735424,1,33,2.9584338976192983e-06,601.1794726897681,30
ucb1,4,0,-453.5317825170133,4273.384856377078,100.61355233735424,1,33,2.9584338976192983e-06,601.1794726897681,30
softmax,4,0,-453.5317825170133,4273.384856377078,100.61355233735424,1,33,2.9584338976192983e-06,601.1794726897681,30
pac_successive_elimination,4,0,-536.7147264708465,4717.684840264517,92.88818246655615,1,30,2.128840560366924e-08,579.951181716252,30
epsilon_greedy,4,1,-1126.6849812214966,3380.204428845153,64.70802322165552,1,25,1.8415671911031324e-09,397.7826702758576,30
ucb1,4,1,-1126.684981223025,3380.204429702363,64.70802322165552,1,25,2.064925021614682e-09,397.78267011357514,30
softmax,4,1,-1126.684981223025,3380.204429702363,64.70802322165552,1,25,2.064925021614682e-09,397.78267011357514,30
pac_successive_elimination,4,1,130.65138523468588,7221.063201840793,195.42318102032664,0,,0.0003093335518708259,955.887903564105,30
epsilon_greedy,4,2,-1126.684981223025,3380.204429702363,64.70802322165552,1,25,2.064925021614682e-09,397.78267011357514,30
ucb1,4,2,-1126.684981223025,3380.204429702363,64.70802322165552,1,25,2.064925021614682e-09,397.78267011357514,30
softmax,4,2,-1126.684981223025,3380.204429702363,64.70802322165552,1,25,2.064925021614682e-09,397.78267011357514,30
pac_successive_elimination,4,2,130.65138523468588,7221.063201840793,195.42318102032664,0,,0.0003093335518708259,955.887903564105,30
epsilon_greedy,4,3,-1126.6845442895767,3380.1701851424727,64.70802322165552,1,25,2.0653479400027686e-09,397.7885519536922,30
ucb1,4,3,-1126.684981223025,3380.204429702363,64.70802322165552,1,25,2.064925021614682e-09,397.78267011357514,30
softmax,4,3,-1126.684981223025,3380.204429702363,64.70802322165552,1,25,2.064925021614682e-09,397.78267011357514,30
pac_successive_elimination,4,3,130.65138523468588,7221.063201840793,195.42318102032664,0,,0.0003093335518708259,955.887903564105,30
epsilon_greedy,4,4,-1126.684981223025,3380.204429702363,64.70802322165552,1,25,2.064925021614682e-09,397.78267011357514,30
ucb1,4,4,-1126.684981223025,3380.204429702363,64.70802322165552,1,25,2.064925021614682e-09,397.78267011357514,30
softmax,4,4,-1126.684981223025,3380.204429702363,64.70802322165552,1,25,2.064925021614682e-09,397.78267011357514,30
pac_successive_elimination,4,4,130.65138523468588,7221.063201840793,195.42318102032664,0,,0.0003093335518708259,955.887903564105,30
epsilon_greedy,4,5,-1126.6849812231678,3380.2044294570023,64.70802322165552,1,25,1.6685690817764523e-09,397.78267014793363,30
ucb1,4,5,-1126.684981223025,3380.204429702363,64.70802322165552,1,25,2.064925021614682e-09,397.78267011357514,30
softmax,4,5,-1126.684981223025,3380.204429702363,64.70802322165552,1,25,2.064925021614682e-09,397.78267011357514,30
pac_successive_elimination,4,5,130.65138523468588,7221.063201840793,195.42318102032664,0,,0.0003093335518708259,955.887903564105,30
epsilon_greedy,4,6,-1126.5923409114755,3376.3584740986944,64.70802322165552,1,25,1.0652231944311508e-10,398.83389226670937,30
ucb1,4,6,-1126.684981223025,3380.204429702363,64.70802322165552,1,25,2.064925021614682e-09,397.78267011357514,30
softmax,4,6,-1126.684981223025,3380.204429702363,64.70802322165552,1,25,2.064925021614682e-09,397.78267011357514,30
pac_successive_elimination,4,6,130.65138523468588,7221.063201840793,195.42318102032664,0,,0.0003093335518708259,955.887903564105,30
epsilon_greedy,4,7,178.87997936729593,6275.402173694392,317.3515829056392,0,,0.5244679818435866,948.9231235149006,30
ucb1,4,7,-1126.684981223025,3380.204429702363,64.70802322165552,1,25,2.064925021614682e-09,397.78267011357514,30
softmax,4,7,-1126.684981223025,3380.204429702363,64.70802322165552,1,25,2.064925021614682e-09,397.78267011357514,30
pac_successive_elimination,4,7,130.65138523468588,7221.063201840793,195.42318102032664,0,,0.0003093335518708259,955.887903564105,30
epsilon_greedy,4,8,166.57406169810133,4507.993157633175,278.7361253000429,0,,0.0866941107809221,1069.4551102068147,30
ucb1,4,8,-1126.684981223025,3380.204429702363,64.70802322165552,1,25,2.064925021614682e-09,397.78267011357514,30
softmax,4,8,-1126.684981223025,3380.204429702363,64.70802322165552,1,25,2.064925021614682e-09,397.78267011357514,30
pac_successive_elimination,4,8,130.65138523468588,7221.063201840793,195.42318102032664,0,,0.0003093335518708259,955.887903564105,30
epsilon_greedy,4,9,107.51398858487411,3293.3109814110285,152.76633252822444,0,,6.43743923850467e-07,864.7703119336029,30
ucb1,4,9,-1126.684981223025,3380.204429702363,64.70802322165552,1,25,2.064925021614682e-09,397.78267011357514,30
softmax,4,9,-1126.684981223025,3380.204429702363,64.70802322165552,1,25,2.064925021614682e-09,397.78267011357514,30
pac_successive_elimination,4,9,130.65138523468588,7221.063201840793,195.42318102032664,0,,0.0003093335518708259,955.887903564105,30
epsilon_greedy,4,10,176.08150837326104,8632.341800001032,317.3515829056392,0,,0.992474269379533,726.5678037822172,30
ucb1,4,10,-1126.684981223025,3380.204429702363,64.70802322165552,1,25,2.064925021614682e-09,397.78267011357514,30
softmax,4,10,-1126.684981223025,3380.204429702363,64.70802322165552,1,25,2.064925021614682e-09,397.78267011357514,30
pac_successive_elimination,4,10,130.65138523468588,7221.063201840793,195.42318102032664,0,,0.0003093335518708259,955.887903564105,30
epsilon_greedy,4,11,172.8952632498419,6883.017419556044,317.3515829056392,0,,0.6124904919508904,897.3320358749138,30
ucb1,4,11,-1126.684981223025,3380.204429702363,64.70802322165552,1,25,2.064925021614682e-09,397.78267011357514,30
softmax,4,11,-1126.684981223025,3380.204429702363,64.70802322165552,1,25,2.064925021614682e-09,397.78267011357514,30
pac_successive_elimination,4,11,130.65138523468588,7221.063201840793,195.42318102032664,0,,0.0003093335518708259,955.887903564105,30
epsilon_greedy,4,12,155.74124599182483,4769.50203276774,256.2617065693229,0,,0.012969669865393513,1058.2407624129582,30
ucb1,4,12,-1126.684981223025,3380.204429702363,64.70802322165552,1,25,2.064925021614682e-09,397.78267011357514,30
softmax,4,12,-1126.684981223025,3380.204429702363,64.70802322165552,1,25,2.064925021614682e-09,397.78267011357514,30
pac_successive_elimination,4,12,130.65138523468588,7221.063201840793,195.42318102032664,0,,0.0003093335518708259,955.887903564105,30
epsilon_greedy,4,13,156.60451835633688,4541.244011946581,254.32574091747895,0,,0.031961382266796956,1057.4006746297453,30
ucb1,4,13,-1126.684981223025,3380.204429702363,64.70802322165552,1,25,2.064925021614682e-09,397.78267011357514,30
softmax,4,13,-1126.684981223025,3380.204429702363,64.70802322165552,1,25,2.064925021614682e-09,397.78267011357514,30
pac_successive_elimination,4,13,130.65138523468588,7221.063201840793,195.42318102032664,0,,0.0003093335518708259,955.887903564105,30
epsilon_greedy,4,14,170.65341854757108,6795.915048999577,300.7318427352047,0,,0.6197513441869047,905.5412063389412,30
ucb1,4,14,-1126.684981223025,3380.204429702363,64.70802322165552,1,25,2.064925021614682e-09,397.78267011357514,30
softmax,4,14,-1126.684981223025,3380.204429702363,64.70802322165552,1,25,2.064925021614682e-09,397.78267011357514,30
pac_successive_elimination,4,14,130.65138523468588,7221.063201840793,195.42318102032664,0,,0.0003093335518708259,955.887903564105,30
epsilon_greedy,4,15,177.4492231859284,8487.578441842219,317.3515829056392,0,,1.0291880011909633,731.3581713128948,30
ucb1,4,15,-1126.684981223025,3380.204429702363,64.70802322165552,1,25,2.064925021614682e-09,397.78267011357514,30
softmax,4,15,-1126.684981223025,3380.204429702363,64.70802322165552,1,25,2.064925021614682e-09,397.78267011357514,30
pac_successive_elimination,4,15,130.65138523468588,7221.063201840793,195.42318102032664,0,,0.0003093335518708259,955.887903564105,30
epsilon_greedy,4,16,178.53471774518144,6521.465766257683,317.3515829056392,0,,0.5465823621620935,931.3042589762496,30
ucb1,4,16,-1126.684981223025,3380.204429702363,64.70802322165552,1,25,2.064925021614682e-09,397.78267011357514,30
softmax,4,16,-1126.684981223025,3380.204429702363,64.70802322165552,1,25,2.064925021614682e-09,397.78267011357514,30
pac_successive_elimination,4,16,130.65138523468588,7221.063201840793,195.42318102032664,0,,0.0003093335518708259,955.887903564105,30
epsilon_greedy,4,17,177.17788926312136,8713.4845357138,317.3515829056392,0,,1.0597829853054788,707.018057636403,30
ucb1,4,17,-1126.684981223025,3380.204429702363,64.70802322165552,1,25,2.064925021614682e-09,397.78267011357514,30
softmax,4,17,-1126.684981223025,3380.204429702363,64.70802322165552,1,25,2.064925021614682e-09,397.78267011357514,30
pac_successive_elimination,4,17,130.65138523468588,7221.063201840793,195.42318102032664,0,,0.0003093335518708259,955.887903564105,30
epsilon_greedy,4,18,169.35588193222324,11075.255179759703,363.2425213955696,0,,0.10171897473725808,410.5307104218665,30
ucb1,4,18,-1126.684981223025,3380.204429702363,64.70802322165552,1,25,2.064925021614682e-09,397.78267011357514,30
softmax,4,18,-1126.684981223025,3380.204429702363,64.70802322165552,1,25,2.064925021614682e-09,397.78267011357514,30
pac_successive_elimination,4,18,130.65138523468588,7221.063201840793,195.42318102032664,0,,0.0003093335518708259,955.887903564105,30
epsilon_greedy,4,19,178.06716264886802,7675.551481655404,317.3515829056392,0,,0.8619652370567756,815.051035335526,30
ucb1,4,19,-1126.684981223025,3380.204429702363,64.70802322165552,1,25,2.064925021614682e-09,397.78267011357514,30
softmax,4,19,-1126.684981223025,3380.204429702363,64.70802322165552,1,25,2.064925021614682e-09,397.78267011357514,30
pac_successive_elimination,4,19,130.65138523468588,7221.063201840793,195.42318102032664,0,,0.0003093335518708259,955.887903564105,30
epsilon_greedy,4,20,117.12635195349911,4116.799476588932,169.6213314533946,0,,1.1412993739759038e-05,910.4199718789101,30
ucb1,4,20,-1126.684981223025,3380.204429702363,64.70802322165552,1,25,2.064925021614682e-09,397.78267011357514,30
softmax,4,20,-1126.684981223025,3380.204429702363,64.70802322165552,1,25,2.064925021614682e-09,397.78267011357514,30
pac_successive_elimination,4,20,130.65138523468588,7221.063201840793,195.42318102032664,0,,0.0003093335518708259,955.887903564105,30
epsilon_greedy,4,21,117.13457697528736,4116.392716963107,169.6213314533946,0,,7.843664502419933e-06,910.4817947425405,30
ucb1,4,21,-1126.684981223025,3380.204429702363,64.70802322165552,1,25,2.064925021614682e-09,397.78267011357514,30
softmax,4,21,-1126.684981223025,3380.204429702363,64.70802322165552,1,25,2.064925021614682e-09,397.78267011357514,30
pac_successive_elimination,4,21,130.65138523468588,7221.063201840793,195.42318102032664,0,,0.0003093335518708259,955.887903564105,30
epsilon_greedy,4,22,178.69871090457679,6675.853716650236,317.3515829056392,0,,0.6271604908357817,911.3943867197247,30
ucb1,4,22,-1126.684981223025,3380.204429702363,64.70802322165552,1,25,2.064925021614682e-09,397.78267011357514,30
softmax,4,22,-1126.684981223025,3380.204429702363,64.70802322165552,1,25,2.064925021614682e-09,397.78267011357514,30
pac_successive_elimination,4,22,130.65138523468588,7221.063201840793,195.42318102032664,0,,0.0003093335518708259,955.887903564105,30
epsilon_greedy,4,23,94.70731063090125,4413.961543862777,127.90674386582957,0,,2.643131312441611e-07,755.9367808715791,30
ucb1,4,23,-1126.684981223025,3380.204429702363,64.70802322165552,1,25,2.064925021614682e-09,397.78267011357514,30
softmax,4,23,-1126.684981223025,3380.204429702363,64.70802322165552,1,25,2.064925021614682e-09,397.78267011357514,30
pac_successive_elimination,4,23,130.65138523468588,7221.063201840793,195.42318102032664,0,,0.0003093335518708259,955.887903564105,30
epsilon_greedy,4,24,154.49580512868206,4798.425670877159,256.2617065693229,0,,0.007279883209647466,1056.0728532028866,30
ucb1,4,24,-1126.684981223025,3380.204429702363,64.70802322165552,1,25,2.064925021614682e-09,397.78267011357514,30
softmax,4,24,-1126.684981223025,3380.204429702363,64.70802322165552,1,25,2.064925021614682e-09,397.78267011357514,30
pac_successive_elimination,4,24,130.65138523468588,7221.063201840793,195.42318102032664,0,,0.0003093335518708259,955.887903564105,30
epsilon_greedy,4,25,178.29028601048896,7375.632966656846,317.3515829056392,0,,0.7949647124943571,844.4049364585516,30
ucb1,4,25,-1126.684981223025,3380.204429702363,64.70802322165552,1,25,2.064925021614682e-09,397.78267011357514,30
softmax,4,25,-1126.684981223025,3380.204429702363,64.70802322165552,1,25,2.064925021614682e-09,397.78267011357514,30
pac_successive_elimination,4,25,130.65138523468588,7221.063201840793,195.42318102032664,0,,0.0003093335518708259,955.887903564105,30
epsilon_greedy,4,26,177.93211940449748,8086.066071542053,317.3515829056392,0,,0.957512517653854,772.9573500463996,30
ucb1,4,26,-1126.684981223025,3380.204429702363,64.70802322165552,1,25,2.064925021614682e-09,397.78267011357514,30
softmax,4,26,-1126.684981223025,3380.204429702363,64.70802322165552,1,25,2.064925021614682e-09,397.78267011357514,30
pac_successive_elimination,4,26,130.65138523468588,7221.063201840793,195.42318102032664,0,,0.0003093335518708259,955.887903564105,30
epsilon_greedy,4,27,166.60842336396985,4401.376393669558,278.7361253000429,0,,0.046385455486838256,1079.5322842558442,30
ucb1,4,27,-1126.684981223025,3380.204429702363,64.70802322165552,1,25,2.064925021614682e-09,397.78267011357514,30
softmax,4,27,-1126.684981223025,3380.204429702363,64.70802322165552,1,25,2.064925021614682e-09,397.78267011357514,30
pac_successive_elimination,4,27,130.65138523468588,7221.063201840793,195.42318102032664,0,,0.0003093335518708259,955.887903564105,30
epsilon_greedy,4,28,178.3159838399432,7358.60203728687,317.3515829056392,0,,0.7914377693527598,845.9942473737458,30
ucb1,4,28,-1126.684981223025,3380.204429702363,64.70802322165552,1,25,2.064925021614682e-09,397.78267011357514,30
softmax,4,28,-1126.684981223025,3380.204429702363,64.70802322165552,1,25,2.064925021614682e-09,397.78267011357514,30
pac_successive_elimination,4,28,130.65138523468588,7221.063201840793,195.42318102032664,0,,0.0003093335518708259,955.887903564105,30
epsilon_greedy,4,29,164.41925701708746,10339.710899503789,317.3515829056392,0,,0.6574354283155077,462.4739539577458,30
ucb1,4,29,-1126.684981223025,3380.204429702363,64.70802322165552,1,25,2.064925021614682e-09,397.78267011357514,30
softmax,4,29,-1126.684981223025,3380.204429702363,64.70802322165552,1,25,2.064925021614682e-09,397.78267011357514,30
pac_successive_elimination,4,29,130.65138523468588,7221.063201840793,195.42318102032664,0,,0.0003093335518708259,955.887903564105,30
epsilon_greedy,5,0,-101.92093070230455,5391.759435483257,116.92425307608083,1,39,2.3882392263986786e-07,708.7465386874867,30
ucb1,5,0,-101.92099602957563,5391.874955227139,116.92425307608083,1,39,3.3912377155210515e-05,708.7332930100688,30
softmax,5,0,-101.92097712168713,5391.786355280614,116.92425307608083,1,39,4.470579422422917e-06,708.7432370515085,30
pac_successive_elimination,5,0,-536.7147264708465,4717.684840264517,92.88818246655615,1,30,2.128840560366924e-08,579.951181716252,30
epsilon_greedy,5,1,130.64761590274023,7223.321170332107,195.42318102032664,0,,0.0005182259140457218,955.6974463513806,30
ucb1,5,1,-1095.7951213319338,3349.9539750136337,64.81157573410937,1,25,2.904780943587026e-09,407.49128804999395,30
softmax,5,1,-1044.4692763672313,3312.4152796131475,68.51515841036272,1,25,4.7588492652387536e-09,421.50312295509735,30
pac_successive_elimination,5,1,130.65138523468588,7221.063201840793,195.42318102032664,0,,0.0003093335518708259,955.887903564105,30
epsilon_greedy,5,2,130.6499538451745,7222.92055444242,195.42318102032664,0,,0.0005506363432391039,955.7244839203801,30
ucb1,5,2,-1126.684981223025,3380.204429702363,64.70802322165552,1,25,2.064925021614682e-09,397.78267011357514,30
softmax,5,2,-1126.684981209924,3380.204425013618,64.70802322165552,1,25,5.767708311523046e-10,397.78267110488497,30
pac_successive_elimination,5,2,130.65138523468588,7221.063201840793,195.42318102032664,0,,0.0003093335518708259,955.887903564105,30
epsilon_greedy,5,3,-132.40528554153312,5691.887878084774,115.73502113928443,1,44,4.4249302061768076e-07,678.657120978601,30
ucb1,5,3,-1126.684981209924,3380.204425013618,64.70802322165552,1,25,5.767708311523046e-10,397.78267110488497,30
softmax,5,3,130.65138523468588,7221.063201840793,195.42318102032664,0,,0.0003093335518708259,955.887903564105,30
pac_successive_elimination,5,3,130.65138523468588,7221.063201840793,195.42318102032664,0,,0.0003093335518708259,955.887903564105,30
epsilon_greedy,5,4,130.66723652187463,7219.4279074758815,195.42318102032664,0,,0.00036242157927105086,956.0433775862662,30
ucb1,5,4,130.65138523468588,7221.063201840793,195.42318102032664,0,,0.0003093335518708259,955.887903564105,30
softmax,5,4,130.65138523468588,7221.063201840793,195.42318102032664,0,,0.0003093335518708259,955.887903564105,30
pac_successive_elimination,5,4,130.65138523468588,7221.063201840793,195.42318102032664,0,,0.0003093335518708259,955.887903564105,30
epsilon_greedy,5,5,130.64991872839775,7222.158061042036,195.42318102032664,0,,0.0004220517336826103,955.7933771413432,30
ucb1,5,5,130.65138523468588,7221.063201840793,195.42318102032664,0,,0.0003093335518708259,955.887903564105,30
softmax,5,5,130.65138523468588,7221.063201840793,195.42318102032664,0,,0.0003093335518708259,955.887903564105,30
pac_successive_elimination,5,5,130.65138523468588,7221.063201840793,195.42318102032664,0,,0.0003093335518708259,955.887903564105,30
epsilon_greedy,5,6,129.45892357136174,7201.658255436561,193.16211538743596,0,,0.00055419572731843,949.90757193746,30
ucb1,5,6,130.65138523468588,7221.063201840793,195.42318102032664,0,,0.0003093335518708259,955.887903564105,30
softmax,5,6,130.65138523468588,7221.063201840793,195.42318102032664,0,,0.0003093335518708259,955.887903564105,30
pac_successive_elimination,5,6,130.65138523468588,7221.063201840793,195.42318102032664,0,,0.0003093335518708259,955.887903564105,30
epsilon_greedy,5,7,130.65255918229238,7221.1467061533685,195.42318102032664,0,,0.00033775317067740883,955.8784949831455,30
ucb1,5,7,130.65138523468588,7221.063201840793,195.42318102032664,0,,0.0003093335518708259,955.887903564105,30
softmax,5,7,130.65138523468588,7221.063201840793,195.42318102032664,0,,0.0003093335518708259,955.887903564105,30
pac_successive_elimination,5,7,130.65138523468588,7221.063201840793,195.42318102032664,0,,0.0003093335518708259,955.887903564105,30
epsilon_greedy,5,8,130.64240462328792,7226.676609790835,195.42318102032664,0,,0.0008565761221414593,955.4101504140206,30
ucb1,5,8,130.65138523468588,7221.063201840793,195.42318102032664,0,,0.0003093335518708259,955.887903564105,30
softmax,5,8,130.65138523468588,7221.063201840793,195.42318102032664,0,,0.0003093335518708259,955.887903564105,30
pac_successive_elimination,5,8,130.65138523468588,7221.063201840793,195.42318102032664,0,,0.0003093335518708259,955.887903564105,30
epsilon_greedy,5,9,130.65138523468588,7221.063201840793,195.42318102032664,0,,0.0003093335518708259,955.887903564105,30
ucb1,5,9,130.65138523468588,7221.063201840793,195.42318102032664,0,,0.0003093335518708259,955.887903564105,30
softmax,5,9,130.65138523468588,7221.063201840793,195.42318102032664,0,,0.0003093335518708259,955.887903564105,30
pac_successive_elimination,5,9,130.65138523468588,7221.063201840793,195.42318102032664,0,,0.0003093335518708259,955.887903564105,30
epsilon_greedy,5,10,133.09334394556822,7202.61326146649,196.68638115261598,0,,0.02992672764523082,960.0738691298169,30
ucb1,5,10,130.65138523468588,7221.063201840793,195.42318102032664,0,,0.0003093335518708259,955.887903564105,30
softmax,5,10,130.65138523468588,7221.063201840793,195.42318102032664,0,,0.0003093335518708259,955.887903564105,30
pac_successive_elimination,5,10,130.65138523468588,7221.063201840793,195.42318102032664,0,,0.0003093335518708259,955.887903564105,30
epsilon_greedy,5,11,-1095.795121270628,3349.953953937672,64.81157573410937,1,25,6.828070498167294e-10,407.49129083335197,30
ucb1,5,11,130.65138523468588,7221.063201840793,195.42318102032664,0,,0.0003093335518708259,955.887903564105,30
softmax,5,11,130.65138523468588,7221.063201840793,195.42318102032664,0,,0.0003093335518708259,955.887903564105,30
pac_successive_elimination,5,11,130.65138523468588,7221.063201840793,195.42318102032664,0,,0.0003093335518708259,955.887903564105,30
epsilon_greedy,5,12,115.18924843880474,6778.078016496922,164.3190684835155,0,,3.802944519307801e-05,877.5988321644221,30
ucb1,5,12,130.65138523468588,7221.063201840793,195.42318102032664,0,,0.0003093335518708259,955.887903564105,30
softmax,5,12,130.65138523468588,7221.063201840793,195.42318102032664,0,,0.0003093335518708259,955.887903564105,30
pac_successive_elimination,5,12,130.65138523468588,7221.063201840793,195.42318102032664,0,,0.0003093335518708259,955.887903564105,30
epsilon_greedy,5,13,130.62972862719872,7227.935670337586,195.42318102032664,0,,0.0008366996116260503,955.2888407771527,30
ucb1,5,13,130.65138523468588,7221.063201840793,195.42318102032664,0,,0.0003093335518708259,955.887903564105,30
softmax,5,13,130.65138523468588,7221.063201840793,195.42318102032664,0,,0.0003093335518708259,955.887903564105,30
pac_successive_elimination,5,13,130.65138523468588,7221.063201840793,195.42318102032664,0,,0.0003093335518708259,955.887903564105,30
epsilon_greedy,5,14,148.1590723838796,6806.459252003673,239.3643585921644,0,,0.0034241665891701373,1027.2116270352938,30
ucb1,5,14,130.65138523468588,7221.063201840793,195.42318102032664,0,,0.0003093335518708259,955.887903564105,30
softmax,5,14,130.65138523468588,7221.063201840793,195.42318102032664,0,,0.0003093335518708259,955.887903564105,30
pac_successive_elimination,5,14,130.65138523468588,7221.063201840793,195.42318102032664,0,,0.0003093335518708259,955.887903564105,30
epsilon_greedy,5,15,132.1604809883369,7161.515484638212,196.66421198459173,0,,0.0017788352125715163,962.9671693807376,30
ucb1,5,15,130.65138523468588,7221.063201840793,195.42318102032664,0,,0.0003093335518708259,955.887903564105,30
softmax,5,15,130.65138523468588,7221.063201840793,195.42318102032664,0,,0.0003093335518708259,955.887903564105,30
pac_successive_elimination,5,15,130.65138523468588,7221.063201840793,195.42318102032664,0,,0.0003093335518708259,955.887903564105,30
epsilon_greedy,5,16,103.94607242440412,6502.328911880074,144.98867758562312,0,,4.318682503844408e-06,798.0337035862793,30
ucb1,5,16,130.65138523468588,7221.063201840793,195.42318102032664,0,,0.0003093335518708259,955.887903564105,30
softmax,5,16,130.65138523468588,7221.063201840793,195.42318102032664,0,,0.0003093335518708259,955.887903564105,30
pac_successive_elimination,5,16,130.65138523468588,7221.063201840793,195.42318102032664,0,,0.0003093335518708259,955.887903564105,30
epsilon_greedy,5,17,130.66231496157553,7218.782130448094,195.42318102032664,0,,0.000166479106938302,956.090270499977,30
ucb1,5,17,130.65138523468588,7221.063201840793,195.42318102032664,0,,0.0003093335518708259,955.887903564105,30
softmax,5,17,130.65138523468588,7221.063201840793,195.42318102032664,0,,0.0003093335518708259,955.887903564105,30
pac_successive_elimination,5,17,130.65138523468588,7221.063201840793,195.42318102032664,0,,0.0003093335518708259,955.887903564105,30
epsilon_greedy,5,18,129.44007959712852,7204.371983429291,193.16211538743596,0,,0.0006779880908911252,949.6358395437215,30
ucb1,5,18,130.65138523468588,7221.063201840793,195.42318102032664,0,,0.0003093335518708259,955.887903564105,30
softmax,5,18,130.65138523468588,7221.063201840793,195.42318102032664,0,,0.0003093335518708259,955.887903564105,30
pac_successive_elimination,5,18,130.65138523468588,7221.063201840793,195.42318102032664,0,,0.0003093335518708259,955.887903564105,30
epsilon_greedy,5,19,131.25414951274237,7195.445116093622,195.42318102032664,0,,0.0006700699620617649,958.7552799359355,30
ucb1,5,19,130.65138523468588,7221.063201840793,195.42318102032664,0,,0.0003093335518708259,955.887903564105,30
softmax,5,19,130.65138523468588,7221.063201840793,195.42318102032664,0,,0.0003093335518708259,955.887903564105,30
pac_successive_elimination,5,19,130.65138523468588,7221.063201840793,195.42318102032664,0,,0.0003093335518708259,955.887903564105,30
epsilon_greedy,5,20,-132.73734695074126,5706.613914699324,115.73502113928443,1,44,3.012636785511386e-07,675.2448076954105,30
ucb1,5,20,130.65138523468588,7221.063201840793,195.42318102032664,0,,0.0003093335518708259,955.887903564105,30
softmax,5,20,130.65138523468588,7221.063201840793,195.42318102032664,0,,0.0003093335518708259,955.887903564105,30
pac_successive_elimination,5,20,130.65138523468588,7221.063201840793,195.42318102032664,0,,0.0003093335518708259,955.887903564105,30
epsilon_greedy,5,21,129.45046757899743,7200.985333254554,193.16211538743596,0,,0.0004159401335496485,949.930836597451,30
ucb1,5,21,130.65138523468588,7221.063201840793,195.42318102032664,0,,0.0003093335518708259,955.887903564105,30
softmax,5,21,130.65138523468588,7221.063201840793,195.42318102032664,0,,0.0003093335518708259,955.887903564105,30
pac_successive_elimination,5,21,130.65138523468588,7221.063201840793,195.42318102032664,0,,0.0003093335518708259,955.887903564105,30
epsilon_greedy,5,22,130.64465461985486,7227.968253175439,195.42318102032664,0,,0.0011201424913354994,955.2919139180907,30
ucb1,5,22,130.65138523468588,7221.063201840793,195.42318102032664,0,,0.0003093335518708259,955.887903564105,30
softmax,5,22,130.65138523468588,7221.063201840793,195.42318102032664,0,,0.0003093335518708259,955.887903564105,30
pac_successive_elimination,5,22,130.65138523468588,7221.063201840793,195.42318102032664,0,,0.0003093335518708259,955.887903564105,30
epsilon_greedy,5,23,130.64068956186776,7224.31328561323,195.42318102032664,0,,0.0005547587510909175,955.6036256845432,30
ucb1,5,23,130.65138523468588,7221.063201840793,195.42318102032664,0,,0.0003093335518708259,955.887903564105,30
softmax,5,23,130.65138523468588,7221.063201840793,195.42318102032664,0,,0.0003093335518708259,955.887903564105,30
pac_successive_elimination,5,23,130.65138523468588,7221.063201840793,195.42318102032664,0,,0.0003093335518708259,955.887903564105,30
epsilon_greedy,5,24,115.84672699044276,6709.444766883909,165.29540096447187,0,,9.892938664189606e-05,888.7163871399221,30
ucb1,5,24,130.65138523468588,7221.063201840793,195.42318102032664,0,,0.0003093335518708259,955.887903564105,30
softmax,5,24,130.65138523468588,7221.063201840793,195.42318102032664,0,,0.0003093335518708259,955.887903564105,30
pac_successive_elimination,5,24,130.65138523468588,7221.063201840793,195.42318102032664,0,,0.0003093335518708259,955.887903564105,30
epsilon_greedy,5,25,119.04040592533518,5831.528865844593,174.11249639348756,0,,0.00010220167621759304,913.803351372064,30
ucb1,5,25,130.65138523468588,7221.063201840793,195.42318102032664,0,,0.0003093335518708259,955.887903564105,30
softmax,5,25,130.65138523468588,7221.063201840793,195.42318102032664,0,,0.0003093335518708259,955.887903564105,30
pac_successive_elimination,5,25,130.65138523468588,7221.063201840793,195.42318102032664,0,,0.0003093335518708259,955.887903564105,30
epsilon_greedy,5,26,152.48413108623822,7544.655010987664,265.40784654154885,0,,0.05416794843550318,999.0154375825905,30
ucb1,5,26,130.65138523468588,7221.063201840793,195.42318102032664,0,,0.0003093335518708259,955.887903564105,30
softmax,5,26,130.65138523468588,7221.063201840793,195.42318102032664,0,,0.0003093335518708259,955.887903564105,30
pac_successive_elimination,5,26,130.65138523468588,7221.063201840793,195.42318102032664,0,,0.0003093335518708259,955.887903564105,30
epsilon_greedy,5,27,152.61716655114137,7649.509983680837,265.40784654154885,0,,0.06183318355874106,991.694911806074,30
ucb1,5,27,130.65138523468588,7221.063201840793,195.42318102032664,0,,0.0003093335518708259,955.887903564105,30
softmax,5,27,130.65138523468588,7221.063201840793,195.42318102032664,0,,0.0003093335518708259,955.887903564105,30
pac_successive_elimination,5,27,130.65138523468588,7221.063201840793,195.42318102032664,0,,0.0003093335518708259,955.887903564105,30
epsilon_greedy,5,28,109.81692279521242,6542.55288467751,154.63392859709484,0,,2.1786606568391917e-05,851.6641285546687,30
ucb1,5,28,130.65138523468588,7221.063201840793,195.42318102032664,0,,0.0003093335518708259,955.887903564105,30
softmax,5,28,130.65138523468588,7221.063201840793,195.42318102032664,0,,0.0003093335518708259,955.887903564105,30
pac_successive_elimination,5,28,130.65138523468588,7221.063201840793,195.42318102032664,0,,0.0003093335518708259,955.887903564105,30
epsilon_greedy,5,29,130.65013029839946,7221.811367922485,195.42318102032664,0,,0.00037843980223331716,955.8247989485826,30
ucb1,5,29,130.65138523468588,7221.063201840793,195.42318102032664,0,,0.0003093335518708259,955.887903564105,30
softmax,5,29,130.65138523468588,7221.063201840793,195.42318102032664,0,,0.0003093335518708259,955.887903564105,30
pac_successive_elimination,5,29,130.65138523468588,7221.063201840793,195.42318102032664,0,,0.0003093335518708259,955.887903564105,30
epsilon_greedy,6,0,-733.3609528044824,3689.799886993841,84.98573738083766,1,29,5.059104029102579e-08,513.0835957209662,30
ucb1,6,0,-733.3609530114759,3689.800234997114,84.98573738083766,1,29,1.3921223768234534e-07,513.0835530216577,30
softmax,6,0,-733.3609530114759,3689.800234997114,84.98573738083766,1,29,1.3921223768234534e-07,513.0835530216577,30
pac_successive_elimination,6,0,-536.7147264708465,4717.684840264517,92.88818246655615,1,30,2.128840560366924e-08,579.951181716252,30
epsilon_greedy,6,1,-1126.684981223025,3380.204429702363,64.70802322165552,1,25,2.064925021614682e-09,397.78267011357514,30
ucb1,6,1,-1126.684981223025,3380.204429702363,64.70802322165552,1,25,2.064925021614682e-09,397.78267011357514,30
softmax,6,1,-1126.684981223025,3380.204429702363,64.70802322165552,1,25,2.064925021614682e-09,397.78267011357514,30
pac_successive_elimination,6,1,130.65138523468588,7221.063201840793,195.42318102032664,0,,0.0003093335518708259,955.887903564105,30
epsilon_greedy,6,2,-1126.684981224338,3380.204427798751,64.70802322165552,1,25,1.1554449715651476e-09,397.7826702666646,30
ucb1,6,2,-1126.684981223025,3380.204429702363,64.70802322165552,1,25,2.064925021614682e-09,397.78267011357514,30
softmax,6,2,-1126.684981223025,3380.204429702363,64.70802322165552,1,25,2.064925021614682e-09,397.78267011357514,30
pac_successive_elimination,6,2,130.65138523468588,7221.063201840793,195.42318102032664,0,,0.0003093335518708259,955.887903564105,30
epsilon_greedy,6,3,-1126.684981223025,3380.204429702363,64.70802322165552,1,25,2.064925021614682e-09,397.78267011357514,30
ucb1,6,3,-1126.684981223025,3380.204429702363,64.70802322165552,1,25,2.064925021614682e-09,397.78267011357514,30
softmax,6,3,-1126.684981223025,3380.204429702363,64.70802322165552,1,25,2.064925021614682e-09,397.78267011357514,30
pac_successive_elimination,6,3,130.65138523468588,7221.063201840793,195.42318102032664,0,,0.0003093335518708259,955.887903564105,30
epsilon_greedy,6,4,-1126.6849512244837,3380.2000911154655,64.70802322165552,1,25,1.6659753236621066e-10,397.783189364398,30
ucb1,6,4,-1126.684981223025,3380.204429702363,64.70802322165552,1,25,2.064925021614682e-09,397.78267011357514,30
softmax,6,4,-1126.684981223025,3380.204429702363,64.70802322165552,1,25,2.064925021614682e-09,397.78267011357514,30
pac_successive_elimination,6,4,130.65138523468588,7221.063201840793,195.42318102032664,0,,0.0003093335518708259,955.887903564105,30
epsilon_greedy,6,5,165.82289745087775,4926.907030976587,278.7361253000429,0,,0.20006993460891717,1032.0615765953787,30
ucb1,6,5,-1126.684981223025,3380.204429702363,64.70802322165552,1,25,2.064925021614682e-09,397.78267011357514,30
softmax,6,5,-1126.684981223025,3380.204429702363,64.70802322165552,1,25,2.064925021614682e-09,397.78267011357514,30
pac_successive_elimination,6,5,130.65138523468588,7221.063201840793,195.42318102032664,0,,0.0003093335518708259,955.887903564105,30
epsilon_greedy,6,6,117.1799729026132,4113.555125600914,169.6213314533946,0,,3.976300967756784e-06,910.7897754547366,30
ucb1,6,6,-1126.684981223025,3380.204429702363,64.70802322165552,1,25,2.064925021614682e-09,397.78267011357514,30
softmax,6,6,-1126.684981223025,3380.204429702363,64.70802322165552,1,25,2.064925021614682e-09,397.78267011357514,30
pac_successive_elimination,6,6,130.65138523468588,7221.063201840793,195.42318102032664,0,,0.0003093335518708259,955.887903564105,30
epsilon_greedy,6,7,178.88270047139608,7284.001436207842,317.3515829056392,0,,0.8526462262963658,858.3786983746203,30
ucb1,6,7,-1126.684981223025,3380.204429702363,64.70802322165552,1,25,2.064925021614682e-09,397.78267011357514,30
softmax,6,7,-1126.684981223025,3380.204429702363,64.70802322165552,1,25,2.064925021614682e-09,397.78267011357514,30
pac_successive_elimination,6,7,130.65138523468588,7221.063201840793,195.42318102032664,0,,0.0003093335518708259,955.887903564105,30
epsilon_greedy,6,8,155.93444393485612,4819.302678719374,256.2617065693229,0,,0.028761875592073678,1053.824444661117,30
ucb1,6,8,-1126.684981223025,3380.204429702363,64.70802322165552,1,25,2.064925021614682e-09,397.78267011357514,30
softmax,6,8,-1126.684981223025,3380.204429702363,64.70802322165552,1,25,2.064925021614682e-09,397.78267011357514,30
pac_successive_elimination,6,8,130.65138523468588,7221.063201840793,195.42318102032664,0,,0.0003093335518708259,955.887903564105,30
epsilon_greedy,6,9,176.69148117705797,8190.870526054991,317.3515829056392,0,,0.9558623912141333,763.889429792899,30
ucb1,6,9,-1126.684981223025,3380.204429702363,64.70802322165552,1,25,2.064925021614682e-09,397.78267011357514,30
softmax,6,9,-1126.684981223025,3380.204429702363,64.70802322165552,1,25,2.064925021614682e-09,397.78267011357514,30
pac_successive_elimination,6,9,130.65138523468588,7221.063201840793,195.42318102032664,0,,0.0003093335518708259,955.887903564105,30
epsilon_greedy,6,10,178.69871090457679,6675.853716650236,317.3515829056392,0,,0.6271604908357817,911.3943867197247,30
ucb1,6,10,-1126.684981223025,3380.204429702363,64.70802322165552,1,25,2.064925021614682e-09,397.78267011357514,30
softmax,6,10,-1126.684981223025,3380.204429702363,64.70802322165552,1,25,2.064925021614682e-09,397.78267011357514,30
pac_successive_elimination,6,10,130.65138523468588,7221.063201840793,195.42318102032664,0,,0.0003093335518708259,955.887903564105,30
epsilon_greedy,6,11,172.07936164171173,5803.536469691982,302.0251106504299,0,,0.32983308258209343,999.5176492798223,30
ucb1,6,11,-1126.684981223025,3380.204429702363,64.70802322165552,1,25,2.064925021614682e-09,397.78267011357514,30
softmax,6,11,-1126.684981223025,3380.204429702363,64.70802322165552,1,25,2.064925021614682e-09,397.78267011357514,30
pac_successive_elimination,6,11,130.65138523468588,7221.063201840793,195.42318102032664,0,,0.0003093335518708259,955.887903564105,30
epsilon_greedy,6,12,178.8936181821087,7014.685659206355,317.3515829056392,0,,0.7758202376628067,884.2215675488209,30
ucb1,6,12,-1126.684981223025,3380.204429702363,64.70802322165552,1,25,2.064925021614682e-09,397.78267011357514,30
softmax,6,12,-1126.684981223025,3380.204429702363,64.70802322165552,1,25,2.064925021614682e-09,397.78267011357514,30
pac_successive_elimination,6,12,130.65138523468588,7221.063201840793,195.42318102032664,0,,0.0003093335518708259,955.887903564105,30
epsilon_greedy,6,13,168.13176566283735,5350.880855958965,280.2619971611721,0,,0.06751058129061815,1074.9232757661844,30
ucb1,6,13,-1126.684981223025,3380.204429702363,64.70802322165552,1,25,2.064925021614682e-09,397.78267011357514,30
softmax,6,13,-1126.684981223025,3380.204429702363,64.70802322165552,1,25,2.064925021614682e-09,397.78267011357514,30
pac_successive_elimination,6,13,130.65138523468588,7221.063201840793,195.42318102032664,0,,0.0003093335518708259,955.887903564105,30
epsilon_greedy,6,14,178.69871090457679,6675.853716650236,317.3515829056392,0,,0.6271604908357817,911.3943867197247,30
ucb1,6,14,-1126.684981223025,3380.204429702363,64.70802322165552,1,25,2.064925021614682e-09,397.78267011357514,30
softmax,6,14,-1126.684981223025,3380.204429702363,64.70802322165552,1,25,2.064925021614682e-09,397.78267011357514,30
pac_successive_elimination,6,14,130.65138523468588,7221.063201840793,195.42318102032664,0,,0.0003093335518708259,955.887903564105,30
epsilon_greedy,6,15,170.65436597615016,10306.623667489745,317.3515829056392,0,,0.7923794191516862,469.85476193901394,30
ucb1,6,15,-1126.684981223025,3380.204429702363,64.70802322165552,1,25,2.064925021614682e-09,397.78267011357514,30
softmax,6,15,-1126.684981223025,3380.204429702363,64.70802322165552,1,25,2.064925021614682e-09,397.78267011357514,30
pac_successive_elimination,6,15,130.65138523468588,7221.063201840793,195.42318102032664,0,,0.0003093335518708259,955.887903564105,30
epsilon_greedy,6,16,163.67440368164839,5684.322899132235,292.6638323993391,0,,0.17485658410307367,1004.6005272218702,30
ucb1,6,16,-1126.684981223025,3380.204429702363,64.70802322165552,1,25,2.064925021614682e-09,397.78267011357514,30
softmax,6,16,-1126.684981223025,3380.204429702363,64.70802322165552,1,25,2.064925021614682e-09,397.78267011357514,30
pac_successive_elimination,6,16,130.65138523468588,7221.063201840793,195.42318102032664,0,,0.0003093335518708259,955.887903564105,30
epsilon_greedy,6,17,175.89292224297722,6233.152199330667,317.3515829056392,0,,0.48008230240743743,956.8114436154926,30
ucb1,6,17,-1126.684981223025,3380.204429702363,64.70802322165552,1,25,2.064925021614682e-09,397.78267011357514,30
softmax,6,17,-1126.684981223025,3380.204429702363,64.70802322165552,1,25,2.064925021614682e-09,397.78267011357514,30
pac_successive_elimination,6,17,130.65138523468588,7221.063201840793,195.42318102032664,0,,0.0003093335518708259,955.887903564105,30
epsilon_greedy,6,18,127.88520350095888,4504.956260120272,189.2424471534479,0,,2.9441236262973932e-05,963.7282169964916,30
ucb1,6,18,-1126.684981223025,3380.204429702363,64.70802322165552,1,25,2.064925021614682e-09,397.78267011357514,30
softmax,6,18,-1126.684981223025,3380.204429702363,64.70802322165552,1,25,2.064925021614682e-09,397.78267011357514,30
pac_successive_elimination,6,18,130.65138523468588,7221.063201840793,195.42318102032664,0,,0.0003093335518708259,955.887903564105,30
epsilon_greedy,6,19,112.79932829281748,3102.509886612992,163.0877133707246,0,,3.2268040310150607e-06,899.0495010340417,30
ucb1,6,19,-1126.684981223025,3380.204429702363,64.70802322165552,1,25,2.064925021614682e-09,397.78267011357514,30
softmax,6,19,-1126.684981223025,3380.204429702363,64.70802322165552,1,25,2.064925021614682e-09,397.78267011357514,30
pac_successive_elimination,6,19,130.65138523468588,7221.063201840793,195.42318102032664,0,,0.0003093335518708259,955.887903564105,30
epsilon_greedy,6,20,178.67834917187164,6494.546352889417,317.3515829056392,0,,0.5464173841180163,932.7796124441428,30
ucb1,6,20,-1126.684981223025,3380.204429702363,64.70802322165552,1,25,2.064925021614682e-09,397.78267011357514,30
softmax,6,20,-1126.684981223025,3380.204429702363,64.70802322165552,1,25,2.064925021614682e-09,397.78267011357514,30
pac_successive_elimination,6,20,130.65138523468588,7221.063201840793,195.42318102032664,0,,0.0003093335518708259,955.887903564105,30
epsilon_greedy,6,21,178.87325614203854,6057.74273889861,317.3515829056392,0,,0.45695078306394726,970.6426904717616,30
ucb1,6,21,-1126.684981223025,3380.204429702363,64.70802322165552,1,25,2.064925021614682e-09,397.78267011357514,30
softmax,6,21,-1126.684981223025,3380.204429702363,64.70802322165552,1,25,2.064925021614682e-09,397.78267011357514,30
pac_successive_elimination,6,21,130.65138523468588,7221.063201840793,195.42318102032664,0,,0.0003093335518708259,955.887903564105,30
epsilon_greedy,6,22,178.50136514707833,6981.7981757428115,317.3515829056392,0,,0.7003682128874041,882.8102638913259,30
ucb1,6,22,-1126.684981223025,3380.204429702363,64.70802322165552,1,25,2.064925021614682e-09,397.78267011357514,30
softmax,6,22,-1126.684981223025,3380.204429702363,64.70802322165552,1,25,2.064925021614682e-09,397.78267011357514,30
pac_successive_elimination,6,22,130.65138523468588,7221.063201840793,195.42318102032664,0,,0.0003093335518708259,955.887903564105,30
epsilon_greedy,6,23,175.92574657288446,9023.947478645987,317.3515829056392,0,,0.9342963726140714,692.9343677033869,30
ucb1,6,23,-1126.684981223025,3380.204429702363,64.70802322165552,1,25,2.064925021614682e-09,397.78267011357514,30
softmax,6,23,-1126.684981223025,3380.204429702363,64.70802322165552,1,25,2.064925021614682e-09,397.78267011357514,30
pac_successive_elimination,6,23,130.65138523468588,7221.063201840793,195.42318102032664,0,,0.0003093335518708259,955.887903564105,30
epsilon_greedy,6,24,166.38814541862538,4549.492055690408,278.7361253000429,0,,0.08960537045455823,1066.7358075424088,30
ucb1,6,24,-1126.684981223025,3380.204429702363,64.70802322165552,1,25,2.064925021614682e-09,397.78267011357514,30
softmax,6,24,-1126.684981223025,3380.204429702363,64.70802322165552,1,25,2.064925021614682e-09,397.78267011357514,30
pac_successive_elimination,6,24,130.65138523468588,7221.063201840793,195.42318102032664,0,,0.0003093335518708259,955.887903564105,30
epsilon_greedy,6,25,171.61448571122958,10393.167224883653,317.3515829056392,0,,0.8161351133615491,446.2013210851742,30
ucb1,6,25,-1126.684981223025,3380.204429702363,64.70802322165552,1,25,2.064925021614682e-09,397.78267011357514,30
softmax,6,25,-1126.684981223025,3380.204429702363,64.70802322165552,1,25,2.064925021614682e-09,397.78267011357514,30
pac_successive_elimination,6,25,130.65138523468588,7221.063201840793,195.42318102032664,0,,0.0003093335518708259,955.887903564105,30
epsilon_greedy,6,26,174.44900783450487,5492.214157883944,301.8711135457028,0,,0.25687693327108835,1028.2271462231504,30
ucb1,6,26,-1126.684981223025,3380.204429702363,64.70802322165552,1,25,2.064925021614682e-09,397.78267011357514,30
softmax,6,26,-1126.684981223025,3380.204429702363,64.70802322165552,1,25,2.064925021614682e-09,397.78267011357514,30
pac_successive_elimination,6,26,130.65138523468588,7221.063201840793,195.42318102032664,0,,0.0003093335518708259,955.887903564105,30
epsilon_greedy,6,27,171.4244533504122,10274.27127702439,317.3515829056392,0,,0.853330768837047,480.75293369878466,30
ucb1,6,27,-1126.684981223025,3380.204429702363,64.70802322165552,1,25,2.064925021614682e-09,397.78267011357514,30
softmax,6,27,-1126.684981223025,3380.204429702363,64.70802322165552,1,25,2.064925021614682e-09,397.78267011357514,30
pac_successive_elimination,6,27,130.65138523468588,7221.063201840793,195.42318102032664,0,,0.0003093335518708259,955.887903564105,30
epsilon_greedy,6,28,112.8026537684049,3102.3521479249107,163.0877133707246,0,,2.1144292312321356e-06,899.0763172189809,30
ucb1,6,28,-1126.684981223025,3380.204429702363,64.70802322165552,1,25,2.064925021614682e-09,397.78267011357514,30
softmax,6,28,-1126.684981223025,3380.204429702363,64.70802322165552,1,25,2.064925021614682e-09,397.78267011357514,30
pac_successive_elimination,6,28,130.65138523468588,7221.063201840793,195.42318102032664,0,,0.0003093335518708259,955.887903564105,30
epsilon_greedy,6,29,178.71909599118902,6466.941798121318,317.3515829056392,0,,0.5668674064023506,932.4233266291247,30
ucb1,6,29,-1126.684981223025,3380.204429702363,64.70802322165552,1,25,2.064925021614682e-09,397.78267011357514,30
softmax,6,29,-1126.684981223025,3380.204429702363,64.70802322165552,1,25,2.064925021614682e-09,397.78267011357514,30
pac_successive_elimination,6,29,130.65138523468588,7221.063201840793,195.42318102032664,0,,0.0003093335518708259,955.887903564105,30
epsilon_greedy,7,0,129.97626865070333,6413.919007798626,194.14043736263127,0,,0.0006060046293005926,957.7867687208693,30
ucb1,7,0,130.0251502033439,6461.871880642074,194.14043736263127,0,,0.016836387264732335,953.3062297957058,30
softmax,7,0,130.01437221115154,6417.249773038734,194.14043736263127,0,,0.0020112537563554945,957.5825699463757,30
pac_successive_elimination,7,0,-536.7147264708465,4717.684840264517,92.88818246655615,1,30,2.128840560366924e-08,579.951181716252,30
epsilon_greedy,7,1,93.56040405495207,5161.228166900736,129.07503253949776,0,,2.2236213684712347e-06,730.2475409310454,30
ucb1,7,1,119.82694337577382,4338.475614014003,175.09340638544796,0,,0.0018362269046321342,930.9677526804397,30
softmax,7,1,94.46712145917746,5974.555591523911,128.0561653727147,0,,8.485355067298201e-06,743.4794235836555,30
pac_successive_elimination,7,1,130.65138523468588,7221.063201840793,195.42318102032664,0,,0.0003093335518708259,955.887903564105,30
epsilon_greedy,7,2,130.90737895204924,7207.234996776457,195.42318102032664,0,,0.0003240069424489189,957.2811530370644,30
ucb1,7,2,119.8317667949695,4332.177476322814,175.09340638544796,0,,3.3756482353787026e-05,931.5869156614203,30
softmax,7,2,126.7770001717056,5899.279621333331,186.39361202127319,0,,0.0014109356197845317,945.4768026812985,30
pac_successive_elimination,7,2,130.65138523468588,7221.063201840793,195.42318102032664,0,,0.0003093335518708259,955.887903564105,30
epsilon_greedy,7,3,130.64102220916982,7222.197412344673,195.42318102032664,0,,0.00037467222957505015,955.7610530697422,30
ucb1,7,3,178.69871090457679,6675.853716650236,317.3515829056392,0,,0.6271604908357817,911.3943867197247,30
softmax,7,3,116.51634861518494,6680.671504286034,165.29540096447187,0,,0.0007314937452612816,892.9495780361258,30
pac_successive_elimination,7,3,130.65138523468588,7221.063201840793,195.42318102032664,0,,0.0003093335518708259,955.887903564105,30
epsilon_greedy,7,4,130.64386957716377,7223.569475598705,195.42318102032664,0,,0.000533226622596027,955.6614761126175,30
ucb1,7,4,178.69871090457679,6675.853716650236,317.3515829056392,0,,0.6271604908357817,911.3943867197247,30
softmax,7,4,118.14502060765558,4408.209785981663,175.09340638544796,0,,0.0001713465051470776,921.6336783934646,30
pac_successive_elimination,7,4,130.65138523468588,7221.063201840793,195.42318102032664,0,,0.0003093335518708259,955.887903564105,30
epsilon_greedy,7,5,133.1010116215363,7116.419908769437,196.68638115261598,0,,0.0008116730227870636,968.0381282000071,30
ucb1,7,5,178.69871090457679,6675.853716650236,317.3515829056392,0,,0.6271604908357817,911.3943867197247,30
softmax,7,5,120.235292239139,5702.977714590399,172.86676372701473,0,,0.00047183762138285307,925.8083868890217,30
pac_successive_elimination,7,5,130.65138523468588,7221.063201840793,195.42318102032664,0,,0.0003093335518708259,955.887903564105,30
epsilon_greedy,7,6,127.55914858838699,7161.636964107055,189.53198860948376,0,,0.00017888289538147006,940.7133565262945,30
ucb1,7,6,178.69871090457679,6675.853716650236,317.3515829056392,0,,0.6271604908357817,911.3943867197247,30
softmax,7,6,110.0528453810781,4671.62593672203,156.27448302686673,0,,0.00019802048129042058,872.530438775601,30
pac_successive_elimination,7,6,130.65138523468588,7221.063201840793,195.42318102032664,0,,0.0003093335518708259,955.887903564105,30
epsilon_greedy,7,7,130.7561356428224,7214.772840723762,195.42318102032664,0,,0.0003154287286343354,956.475755934817,30
ucb1,7,7,178.69871090457679,6675.853716650236,317.3515829056392,0,,0.6271604908357817,911.3943867197247,30
softmax,7,7,124.08277150145526,5422.10034842174,184.53609547311166,0,,0.0015182105497757357,941.0178282888625,30
pac_successive_elimination,7,7,130.65138523468588,7221.063201840793,195.42318102032664,0,,0.0003093335518708259,955.887903564105,30
epsilon_greedy,7,8,127.56829737471891,7161.151420967385,189.53198860948376,0,,0.00016815628528853242,940.7750664930604,30
ucb1,7,8,178.69871090457679,6675.853716650236,317.3515829056392,0,,0.6271604908357817,911.3943867197247,30
softmax,7,8,104.50031992976585,5631.014594541305,143.45568503878226,0,,2.0437417710204283e-05,831.6044179188352,30
pac_successive_elimination,7,8,130.65138523468588,7221.063201840793,195.42318102032664,0,,0.0003093335518708259,955.887903564105,30
epsilon_greedy,7,9,130.64755959141405,7223.134919395358,195.42318102032664,0,,0.0005977092826882867,955.6955677148939,30
ucb1,7,9,178.69871090457679,6675.853716650236,317.3515829056392,0,,0.6271604908357817,911.3943867197247,30
softmax,7,9,95.62933507579157,5931.414278085701,128.2992818432063,0,,1.6540419600575766e-06,754.101139818027,30
pac_successive_elimination,7,9,130.65138523468588,7221.063201840793,195.42318102032664,0,,0.0003093335518708259,955.887903564105,30
epsilon_greedy,7,10,130.65559374835942,7219.6276462248625,195.42318102032664,0,,0.0002053621765536085,956.0068704387402,30
ucb1,7,10,178.69871090457679,6675.853716650236,317.3515829056392,0,,0.6271604908357817,911.3943867197247,30
softmax,7,10,120.9056587033519,5530.975667918439,177.84178769653343,0,,0.0006562345050323874,923.9919554041315,30
pac_successive_elimination,7,10,130.65138523468588,7221.063201840793,195.42318102032664,0,,0.0003093335518708259,955.887903564105,30
epsilon_greedy,7,11,131.0535237252814,7199.648248837523,195.42318102032664,0,,0.0006629079557943131,958.0128947624759,30
ucb1,7,11,178.69871090457679,6675.853716650236,317.3515829056392,0,,0.6271604908357817,911.3943867197247,30
softmax,7,11,94.47038432296081,5297.65966863605,128.42964226808897,0,,9.656807540108658e-06,748.7722382890429,30
pac_successive_elimination,7,11,130.65138523468588,7221.063201840793,195.42318102032664,0,,0.0003093335518708259,955.887903564105,30
epsilon_greedy,7,12,130.64762976343357,7223.705335743861,195.42318102032664,0,,0.0006059152151392473,955.6526812181932,30
ucb1,7,12,178.69871090457679,6675.853716650236,317.3515829056392,0,,0.6271604908357817,911.3943867197247,30
softmax,7,12,100.02399319410213,5448.520733183529,136.3812162932714,0,,5.9148781058254925e-06,792.5621364121204,30
pac_successive_elimination,7,12,130.65138523468588,7221.063201840793,195.42318102032664,0,,0.0003093335518708259,955.887903564105,30
epsilon_greedy,7,13,115.18030124121734,6778.815976190622,164.3190684835155,0,,5.3581562868103723e-05,877.5040121840796,30
ucb1,7,13,178.69871090457679,6675.853716650236,317.3515829056392,0,,0.6271604908357817,911.3943867197247,30
softmax,7,13,-349.57149297708924,5038.484469692308,104.2211067795114,1,35,1.613687498963158e-07,636.3511252485655,30
pac_successive_elimination,7,13,130.65138523468588,7221.063201840793,195.42318102032664,0,,0.0003093335518708259,955.887903564105,30
epsilon_greedy,7,14,130.6546628888636,7224.249429144224,195.42318102032664,0,,0.0018485511803627247,955.5830782494556,30
ucb1,7,14,178.69871090457679,6675.853716650236,317.3515829056392,0,,0.6271604908357817,911.3943867197247,30
softmax,7,14,91.14037501752647,5410.076428246607,123.0459796651768,0,,2.2014518646197464e-06,717.9023199791128,30
pac_successive_elimination,7,14,130.65138523468588,7221.063201840793,195.42318102032664,0,,0.0003093335518708259,955.887903564105,30
epsilon_greedy,7,15,103.23720288822408,4950.622731984903,144.24897814706392,0,,5.268835992346788e-06,824.7943153811403,30
ucb1,7,15,178.69871090457679,6675.853716650236,317.3515829056392,0,,0.6271604908357817,911.3943867197247,30
softmax,7,15,-216.25670364928965,4451.523314466663,112.26084802987685,1,38,1.0929401931622483e-06,669.3071345424167,30
pac_successive_elimination,7,15,130.65138523468588,7221.063201840793,195.42318102032664,0,,0.0003093335518708259,955.887903564105,30
epsilon_greedy,7,16,130.6375933924989,7221.937412860106,195.42318102032664,0,,0.0006087631053313119,955.7510533088061,30
ucb1,7,16,178.69871090457679,6675.853716650236,317.3515829056392,0,,0.6271604908357817,911.3943867197247,30
softmax,7,16,-349.637728216698,5041.832110726401,104.2211067795114,1,35,9.383219223248324e-07,635.6331921594186,30
pac_successive_elimination,7,16,130.65138523468588,7221.063201840793,195.42318102032664,0,,0.0003093335518708259,955.887903564105,30
epsilon_greedy,7,17,-1116.5299725553662,3373.6686558898427,64.70802322165552,1,25,5.840382934394015e-10,399.54727707022465,30
ucb1,7,17,178.69871090457679,6675.853716650236,317.3515829056392,0,,0.6271604908357817,911.3943867197247,30
softmax,7,17,119.6156509929384,4405.33380781297,175.15886283157604,0,,0.0005620016252843895,929.9279829914125,30
pac_successive_elimination,7,17,130.65138523468588,7221.063201840793,195.42318102032664,0,,0.0003093335518708259,955.887903564105,30
epsilon_greedy,7,18,130.70126547964182,7218.20301540998,195.42318102032664,0,,0.0005411493497456038,956.1645983305807,30
ucb1,7,18,178.69871090457679,6675.853716650236,317.3515829056392,0,,0.6271604908357817,911.3943867197247,30
softmax,7,18,178.55228504993005,6947.506415393559,317.3515829056392,0,,0.6939032654235671,885.6673198532017,30
pac_successive_elimination,7,18,130.65138523468588,7221.063201840793,195.42318102032664,0,,0.0003093335518708259,955.887903564105,30
epsilon_greedy,7,19,-1126.6847002883846,3380.1797654869506,64.70802322165552,1,25,6.326935927302774e-10,397.7866044830106,30
ucb1,7,19,178.69871090457679,6675.853716650236,317.3515829056392,0,,0.6271604908357817,911.3943867197247,30
softmax,7,19,178.69871090457679,6675.853716650236,317.3515829056392,0,,0.6271604908357817,911.3943867197247,30
pac_successive_elimination,7,19,130.65138523468588,7221.063201840793,195.42318102032664,0,,0.0003093335518708259,955.887903564105,30
epsilon_greedy,7,20,130.69453651384288,7219.740428060832,195.42318102032664,0,,0.0005745018164596996,956.0338908047129,30
ucb1,7,20,178.69871090457679,6675.853716650236,317.3515829056392,0,,0.6271604908357817,911.3943867197247,30
softmax,7,20,178.69871090457679,6675.853716650236,317.3515829056392,0,,0.6271604908357817,911.3943867197247,30
pac_successive_elimination,7,20,130.65138523468588,7221.063201840793,195.42318102032664,0,,0.0003093335518708259,955.887903564105,30
epsilon_greedy,7,21,130.6425346644964,7224.55796717503,195.42318102032664,0,,0.0006548182780643193,955.571998384404,30
ucb1,7,21,178.69871090457679,6675.853716650236,317.3515829056392,0,,0.6271604908357817,911.3943867197247,30
softmax,7,21,178.69871090457679,6675.853716650236,317.3515829056392,0,,0.6271604908357817,911.3943867197247,30
pac_successive_elimination,7,21,130.65138523468588,7221.063201840793,195.42318102032664,0,,0.0003093335518708259,955.887903564105,30
epsilon_greedy,7,22,130.6504912083659,7222.750248606302,195.42318102032664,0,,0.000539861908503048,955.7393362902382,30
ucb1,7,22,178.69871090457679,6675.853716650236,317.3515829056392,0,,0.6271604908357817,911.3943867197247,30
softmax,7,22,169.90328348700876,5306.257867766447,298.5745049099939,0,,0.19811897721007854,1035.9503866355876,30
pac_successive_elimination,7,22,130.65138523468588,7221.063201840793,195.42318102032664,0,,0.0003093335518708259,955.887903564105,30
epsilon_greedy,7,23,115.74846114700082,6753.829243686412,164.3190684835155,0,,5.79373691514909e-05,881.3671096246572,30
ucb1,7,23,178.69871090457679,6675.853716650236,317.3515829056392,0,,0.6271604908357817,911.3943867197247,30
softmax,7,23,178.69871090457679,6675.853716650236,317.3515829056392,0,,0.6271604908357817,911.3943867197247,30
pac_successive_elimination,7,23,130.65138523468588,7221.063201840793,195.42318102032664,0,,0.0003093335518708259,955.887903564105,30
epsilon_greedy,7,24,130.6579585678518,7219.033268556523,195.42318102032664,0,,0.00016752815490689242,956.0570338856049,30
ucb1,7,24,178.69871090457679,6675.853716650236,317.3515829056392,0,,0.6271604908357817,911.3943867197247,30
softmax,7,24,178.69871090457679,6675.853716650236,317.3515829056392,0,,0.6271604908357817,911.3943867197247,30
pac_successive_elimination,7,24,130.65138523468588,7221.063201840793,195.42318102032664,0,,0.0003093335518708259,955.887903564105,30
epsilon_greedy,7,25,130.6382246706362,7227.577194607063,195.42318102032664,0,,0.0009253665606339165,955.3234897233003,30
ucb1,7,25,178.69871090457679,6675.853716650236,317.3515829056392,0,,0.6271604908357817,911.3943867197247,30
softmax,7,25,178.69871090457679,6675.853716650236,317.3515829056392,0,,0.6271604908357817,911.3943867197247,30
pac_successive_elimination,7,25,130.65138523468588,7221.063201840793,195.42318102032664,0,,0.0003093335518708259,955.887903564105,30
epsilon_greedy,7,26,130.65138523468588,7221.063201840793,195.42318102032664,0,,0.0003093335518708259,955.887903564105,30
ucb1,7,26,178.69871090457679,6675.853716650236,317.3515829056392,0,,0.6271604908357817,911.3943867197247,30
softmax,7,26,178.69871090457679,6675.853716650236,317.3515829056392,0,,0.6271604908357817,911.3943867197247,30
pac_successive_elimination,7,26,130.65138523468588,7221.063201840793,195.42318102032664,0,,0.0003093335518708259,955.887903564105,30
epsilon_greedy,7,27,-123.16314111155191,5527.799667469671,115.71795953623291,1,40,8.971962162918703e-07,695.6530323361823,30
ucb1,7,27,178.69871090457679,6675.853716650236,317.3515829056392,0,,0.6271604908357817,911.3943867197247,30
softmax,7,27,178.69871090457679,6675.853716650236,317.3515829056392,0,,0.6271604908357817,911.3943867197247,30
pac_successive_elimination,7,27,130.65138523468588,7221.063201840793,195.42318102032664,0,,0.0003093335518708259,955.887903564105,30
epsilon_greedy,7,28,130.69893103945265,7220.418096923475,195.42318102032664,0,,0.0006398007858260872,955.970885803854,30
ucb1,7,28,178.69871090457679,6675.853716650236,317.3515829056392,0,,0.6271604908357817,911.3943867197247,30
softmax,7,28,178.69871090457679,6675.853716650236,317.3515829056392,0,,0.6271604908357817,911.3943867197247,30
pac_successive_elimination,7,28,130.65138523468588,7221.063201840793,195.42318102032664,0,,0.0003093335518708259,955.887903564105,30
epsilon_greedy,7,29,130.65435143208447,7220.3550952431415,195.42318102032664,0,,0.0002657744324158175,955.9473520538708,30
ucb1,7,29,178.69871090457679,6675.853716650236,317.3515829056392,0,,0.6271604908357817,911.3943867197247,30
softmax,7,29,178.69871090457679,6675.853716650236,317.3515829056392,0,,0.6271604908357817,911.3943867197247,30
pac_successive_elimination,7,29,130.65138523468588,7221.063201840793,195.42318102032664,0,,0.0003093335518708259,955.887903564105,30
epsilon_greedy,8,0,93.31569918331229,4785.508860072088,127.57449747230987,0,,1.0461672910282427e-05,747.0972733395531,30
ucb1,8,0,93.31541641733692,4786.1352980371885,127.57449747230987,0,,0.00020416069285211715,747.0286468827219,30
softmax,8,0,93.31545262569199,4785.78277335924,127.57449747230987,0,,6.882058115168001e-05,747.066522510156,30
pac_successive_elimination,8,0,-536.7147264708465,4717.684840264517,92.88818246655615,1,30,2.128840560366924e-08,579.951181716252,30
epsilon_greedy,8,1,94.46213791519546,5974.885691789863,128.0561653727147,0,,6.928948552176522e-06,743.4272198863354,30
ucb1,8,1,-1044.3909092469423,3306.8650590506613,67.25404458835523,1,25,4.932065571814906e-09,422.5205562335137,30
softmax,8,1,94.461904878175,5974.970903015301,128.0561653727147,0,,2.032427055925323e-05,743.4164091681135,30
pac_successive_elimination,8,1,130.65138523468588,7221.063201840793,195.42318102032664,0,,0.0003093335518708259,955.887903564105,30
epsilon_greedy,8,2,94.46214758115603,5974.908946104327,128.0561653727147,0,,1.2879928091956883e-05,743.4246570225412,30
ucb1,8,2,-1126.684981223025,3380.204429702363,64.70802322165552,1,25,2.064925021614682e-09,397.78267011357514,30
softmax,8,2,-702.0567433814393,4503.126193570008,84.84173599540338,1,31,1.5257483170036673e-07,515.9741884886474,30
pac_successive_elimination,8,2,130.65138523468588,7221.063201840793,195.42318102032664,0,,0.0003093335518708259,955.887903564105,30
epsilon_greedy,8,3,94.46211086395013,5974.901434604333,128.0561653727147,0,,9.926648712197349e-06,743.4250987365924,30
ucb1,8,3,-1126.6849812146154,3380.2044264365286,64.70802322165552,1,25,9.455811535424116e-10,397.782670788793,30
softmax,8,3,-1126.6849812146154,3380.2044264365286,64.70802322165552,1,25,9.455811535424116e-10,397.782670788793,30
pac_successive_elimination,8,3,130.65138523468588,7221.063201840793,195.42318102032664,0,,0.0003093335518708259,955.887903564105,30
epsilon_greedy,8,4,94.46198390579384,5974.913051717215,128.0561653727147,0,,8.06381531049674e-06,743.4232460317836,30
ucb1,8,4,94.46198107624167,5974.915117765583,128.0561653727147,0,,1.001405364406694e-05,743.4229887172512,30
softmax,8,4,94.46198107624167,5974.915117765583,128.0561653727147,0,,1.001405364406694e-05,743.4229887172512,30
pac_successive_elimination,8,4,130.65138523468588,7221.063201840793,195.42318102032664,0,,0.0003093335518708259,955.887903564105,30
epsilon_greedy,8,5,94.46198107624167,5974.915117765583,128.0561653727147,0,,1.001405364406694e-05,743.4229887172512,30
ucb1,8,5,94.46198107624167,5974.915117765583,128.0561653727147,0,,1.001405364406694e-05,743.4229887172512,30
softmax,8,5,94.46198107624167,5974.915117765583,128.0561653727147,0,,1.001405364406694e-05,743.4229887172512,30
pac_successive_elimination,8,5,130.65138523468588,7221.063201840793,195.42318102032664,0,,0.0003093335518708259,955.887903564105,30
epsilon_greedy,8,6,97.16086201777071,5886.666886862104,133.29572990615512,0,,1.872544031302603e-05,767.177460727002,30
ucb1,8,6,94.46198107624167,5974.915117765583,128.0561653727147,0,,1.001405364406694e-05,743.4229887172512,30
softmax,8,6,94.46198107624167,5974.915117765583,128.0561653727147,0,,1.001405364406694e-05,743.4229887172512,30
pac_successive_elimination,8,6,130.65138523468588,7221.063201840793,195.42318102032664,0,,0.0003093335518708259,955.887903564105,30
epsilon_greedy,8,7,94.46250650906427,5974.865990963693,128.0561653727147,0,,1.0220992227660609e-05,743.4291525117726,30
ucb1,8,7,94.46198107624167,5974.915117765583,128.0561653727147,0,,1.001405364406694e-05,743.4229887172512,30
softmax,8,7,94.46198107624167,5974.915117765583,128.0561653727147,0,,1.001405364406694e-05,743.4229887172512,30
pac_successive_elimination,8,7,130.65138523468588,7221.063201840793,195.42318102032664,0,,0.0003093335518708259,955.887903564105,30
epsilon_greedy,8,8,94.47012641080852,5974.37862949709,128.0561653727147,0,,1.3916572384562231e-05,743.5087005683981,30
ucb1,8,8,94.46198107624167,5974.915117765583,128.0561653727147,0,,1.001405364406694e-05,743.4229887172512,30
softmax,8,8,94.46198107624167,5974.915117765583,128.0561653727147,0,,1.001405364406694e-05,743.4229887172512,30
pac_successive_elimination,8,8,130.65138523468588,7221.063201840793,195.42318102032664,0,,0.0003093335518708259,955.887903564105,30
epsilon_greedy,8,9,94.46197982074042,5974.9132993114645,128.0561653727147,0,,8.085775579630148e-06,743.42317818042,30
ucb1,8,9,94.46198107624167,5974.915117765583,128.0561653727147,0,,1.001405364406694e-05,743.4229887172512,30
softmax,8,9,94.46198107624167,5974.915117765583,128.0561653727147,0,,1.001405364406694e-05,743.4229887172512,30
pac_successive_elimination,8,9,130.65138523468588,7221.063201840793,195.42318102032664,0,,0.0003093335518708259,955.887903564105,30
epsilon_greedy,8,10,96.16766812581746,5912.896333087721,128.2992818432063,0,,1.5730554057386932e-05,758.8651119084045,30
ucb1,8,10,94.46198107624167,5974.915117765583,128.0561653727147,0,,1.001405364406694e-05,743.4229887172512,30
softmax,8,10,94.46198107624167,5974.915117765583,128.0561653727147,0,,1.001405364406694e-05,743.4229887172512,30
pac_successive_elimination,8,10,130.65138523468588,7221.063201840793,195.42318102032664,0,,0.0003093335518708259,955.887903564105,30
epsilon_greedy,8,11,94.46198107624167,5974.915117765583,128.0561653727147,0,,1.001405364406694e-05,743.4229887172512,30
ucb1,8,11,94.46198107624167,5974.915117765583,128.0561653727147,0,,1.001405364406694e-05,743.4229887172512,30
softmax,8,11,94.46198107624167,5974.915117765583,128.0561653727147,0,,1.001405364406694e-05,743.4229887172512,30
pac_successive_elimination,8,11,130.65138523468588,7221.063201840793,195.42318102032664,0,,0.0003093335518708259,955.887903564105,30
epsilon_greedy,8,12,95.16093275985335,5946.813578195716,128.0561653727147,0,,1.0515599021448413e-05,749.9394187220609,30
ucb1,8,12,94.46198107624167,5974.915117765583,128.0561653727147,0,,1.001405364406694e-05,743.4229887172512,30
softmax,8,12,94.46198107624167,5974.915117765583,128.0561653727147,0,,1.001405364406694e-05,743.4229887172512,30
pac_successive_elimination,8,12,130.65138523468588,7221.063201840793,195.42318102032664,0,,0.0003093335518708259,955.887903564105,30
epsilon_greedy,8,13,-1126.5882788452036,3376.1087481538852,64.70802322165552,1,25,9.742374322872413e-10,398.88462872118777,30
ucb1,8,13,94.46198107624167,5974.915117765583,128.0561653727147,0,,1.001405364406694e-05,743.4229887172512,30
softmax,8,13,94.46198107624167,5974.915117765583,128.0561653727147,0,,1.001405364406694e-05,743.4229887172512,30
pac_successive_elimination,8,13,130.65138523468588,7221.063201840793,195.42318102032664,0,,0.0003093335518708259,955.887903564105,30
epsilon_greedy,8,14,94.46193889557115,5974.929178596184,128.0561653727147,0,,1.1898200469728325e-05,743.4211491899443,30
ucb1,8,14,94.46198107624167,5974.915117765583,128.0561653727147,0,,1.001405364406694e-05,743.4229887172512,30
softmax,8,14,94.46198107624167,5974.915117765583,128.0561653727147,0,,1.001405364406694e-05,743.4229887172512,30
pac_successive_elimination,8,14,130.65138523468588,7221.063201840793,195.42318102032664,0,,0.0003093335518708259,955.887903564105,30
epsilon_greedy,8,15,94.46198107624167,5974.915117765583,128.0561653727147,0,,1.001405364406694e-05,743.4229887172512,30
ucb1,8,15,94.46198107624167,5974.915117765583,128.0561653727147,0,,1.001405364406694e-05,743.4229887172512,30
softmax,8,15,94.46198107624167,5974.915117765583,128.0561653727147,0,,1.001405364406694e-05,743.4229887172512,30
pac_successive_elimination,8,15,130.65138523468588,7221.063201840793,195.42318102032664,0,,0.0003093335518708259,955.887903564105,30
epsilon_greedy,8,16,94.46230681824237,5974.881731108887,128.0561653727147,0,,8.908743495130422e-06,743.4278599705785,30
ucb1,8,16,94.46198107624167,5974.915117765583,128.0561653727147,0,,1.001405364406694e-05,743.4229887172512,30
softmax,8,16,94.46198107624167,5974.915117765583,128.0561653727147,0,,1.001405364406694e-05,743.4229887172512,30
pac_successive_elimination,8,16,130.65138523468588,7221.063201840793,195.42318102032664,0,,0.0003093335518708259,955.887903564105,30
epsilon_greedy,8,17,94.46198107624167,5974.915117765583,128.0561653727147,0,,1.001405364406694e-05,743.4229887172512,30
ucb1,8,17,94.46198107624167,5974.915117765583,128.0561653727147,0,,1.001405364406694e-05,743.4229887172512,30
softmax,8,17,94.46198107624167,5974.915117765583,128.0561653727147,0,,1.001405364406694e-05,743.4229887172512,30
pac_successive_elimination,8,17,130.65138523468588,7221.063201840793,195.42318102032664,0,,0.0003093335518708259,955.887903564105,30
epsilon_greedy,8,18,94.46198107624167,5974.915117765583,128.0561653727147,0,,1.001405364406694e-05,743.4229887172512,30
ucb1,8,18,94.46198107624167,5974.915117765583,128.0561653727147,0,,1.001405364406694e-05,743.4229887172512,30
softmax,8,18,94.46198107624167,5974.915117765583,128.0561653727147,0,,1.001405364406694e-05,743.4229887172512,30
pac_successive_elimination,8,18,130.65138523468588,7221.063201840793,195.42318102032664,0,,0.0003093335518708259,955.887903564105,30
epsilon_greedy,8,19,94.46198107624167,5974.915117765583,128.0561653727147,0,,1.001405364406694e-05,743.4229887172512,30
ucb1,8,19,94.46198107624167,5974.915117765583,128.0561653727147,0,,1.001405364406694e-05,743.4229887172512,30
softmax,8,19,94.46198107624167,5974.915117765583,128.0561653727147,0,,1.001405364406694e-05,743.4229887172512,30
pac_successive_elimination,8,19,130.65138523468588,7221.063201840793,195.42318102032664,0,,0.0003093335518708259,955.887903564105,30
epsilon_greedy,8,20,94.46202618743581,5974.933004253033,128.0561653727147,0,,1.4091219993270452e-05,743.4214108191273,30
ucb1,8,20,94.46198107624167,5974.915117765583,128.0561653727147,0,,1.001405364406694e-05,743.4229887172512,30
softmax,8,20,94.46198107624167,5974.915117765583,128.0561653727147,0,,1.001405364406694e-05,743.4229887172512,30
pac_successive_elimination,8,20,130.65138523468588,7221.063201840793,195.42318102032664,0,,0.0003093335518708259,955.887903564105,30
epsilon_greedy,8,21,94.46198699056913,5974.914710626687,128.0561653727147,0,,1.1371324752497797e-05,743.4230667271127,30
ucb1,8,21,94.46198107624167,5974.915117765583,128.0561653727147,0,,1.001405364406694e-05,743.4229887172512,30
softmax,8,21,94.46198107624167,5974.915117765583,128.0561653727147,0,,1.001405364406694e-05,743.4229887172512,30
pac_successive_elimination,8,21,130.65138523468588,7221.063201840793,195.42318102032664,0,,0.0003093335518708259,955.887903564105,30
epsilon_greedy,8,22,95.55195870159115,5935.322988491256,128.2992818432063,0,,1.0512528966159786e-05,753.3494704164798,30
ucb1,8,22,94.46198107624167,5974.915117765583,128.0561653727147,0,,1.001405364406694e-05,743.4229887172512,30
softmax,8,22,94.46198107624167,5974.915117765583,128.0561653727147,0,,1.001405364406694e-05,743.4229887172512,30
pac_successive_elimination,8,22,130.65138523468588,7221.063201840793,195.42318102032664,0,,0.0003093335518708259,955.887903564105,30
epsilon_greedy,8,23,-61.847332855533324,5711.961297787717,117.81174478821956,1,46,2.703068368668427e-06,689.6452541919585,30
ucb1,8,23,94.46198107624167,5974.915117765583,128.0561653727147,0,,1.001405364406694e-05,743.4229887172512,30
softmax,8,23,94.46198107624167,5974.915117765583,128.0561653727147,0,,1.001405364406694e-05,743.4229887172512,30
pac_successive_elimination,8,23,130.65138523468588,7221.063201840793,195.42318102032664,0,,0.0003093335518708259,955.887903564105,30
epsilon_greedy,8,24,94.46194383713035,5974.933530362957,128.0561653727147,0,,1.2693230725443715e-05,743.4207432186206,30
ucb1,8,24,94.46198107624167,5974.915117765583,128.0561653727147,0,,1.001405364406694e-05,743.4229887172512,30
softmax,8,24,94.46198107624167,5974.915117765583,128.0561653727147,0,,1.001405364406694e-05,743.4229887172512,30
pac_successive_elimination,8,24,130.65138523468588,7221.063201840793,195.42318102032664,0,,0.0003093335518708259,955.887903564105,30
epsilon_greedy,8,25,95.75069493607475,5926.297315514602,128.2992818432063,0,,2.2552735089109514e-05,755.2173457885342,30
ucb1,8,25,94.46198107624167,5974.915117765583,128.0561653727147,0,,1.001405364406694e-05,743.4229887172512,30
softmax,8,25,94.46198107624167,5974.915117765583,128.0561653727147,0,,1.001405364406694e-05,743.4229887172512,30
pac_successive_elimination,8,25,130.65138523468588,7221.063201840793,195.42318102032664,0,,0.0003093335518708259,955.887903564105,30
epsilon_greedy,8,26,94.46191483039543,5974.949053443403,128.0561653727147,0,,1.537003281182811e-05,743.4188387214614,30
ucb1,8,26,94.46198107624167,5974.915117765583,128.0561653727147,0,,1.001405364406694e-05,743.4229887172512,30
softmax,8,26,94.46198107624167,5974.915117765583,128.0561653727147,0,,1.001405364406694e-05,743.4229887172512,30
pac_successive_elimination,8,26,130.65138523468588,7221.063201840793,195.42318102032664,0,,0.0003093335518708259,955.887903564105,30
epsilon_greedy,8,27,94.46198458155317,5974.924852589585,128.0561653727147,0,,1.3885030557196598e-05,743.4219633298087,30
ucb1,8,27,94.46198107624167,5974.915117765583,128.0561653727147,0,,1.001405364406694e-05,743.4229887172512,30
softmax,8,27,94.46198107624167,5974.915117765583,128.0561653727147,0,,1.001405364406694e-05,743.4229887172512,30
pac_successive_elimination,8,27,130.65138523468588,7221.063201840793,195.42318102032664,0,,0.0003093335518708259,955.887903564105,30
epsilon_greedy,8,28,94.46198769954826,5974.909517925037,128.0561653727147,0,,9.273622129116995e-06,743.4235623493656,30
ucb1,8,28,94.46198107624167,5974.915117765583,128.0561653727147,0,,1.001405364406694e-05,743.4229887172512,30
softmax,8,28,94.46198107624167,5974.915117765583,128.0561653727147,0,,1.001405364406694e-05,743.4229887172512,30
pac_successive_elimination,8,28,130.65138523468588,7221.063201840793,195.42318102032664,0,,0.0003093335518708259,955.887903564105,30
epsilon_greedy,8,29,94.46230398094401,5974.901778753265,128.0561653727147,0,,1.3683362960434824e-05,743.4250010644344,30
ucb1,8,29,94.46198107624167,5974.915117765583,128.0561653727147,0,,1.001405364406694e-05,743.4229887172512,30
softmax,8,29,94.46198107624167,5974.915117765583,128.0561653727147,0,,1.001405364406694e-05,743.4229887172512,30
pac_successive_elimination,8,29,130.65138523468588,7221.063201840793,195.42318102032664,0,,0.0003093335518708259,955.887903564105,30
epsilon_greedy,9,0,-144.12076014523484,4639.935190039009,114.90285728202504,1,40,3.1183695286197116e-05,693.3286111950625,30
ucb1,9,0,-144.12023289280194,4639.79421282783,114.90285728202504,1,40,2.616837510284301e-07,693.3466293569293,30
softmax,9,0,-144.1201734139495,4639.794515704243,114.90285728202504,1,40,3.301980109753983e-06,693.3462006901922,30
pac_successive_elimination,9,0,-536.7147264708465,4717.684840264517,92.88818246655615,1,30,2.128840560366924e-08,579.951181716252,30
epsilon_greedy,9,1,-102.3835891311186,5499.8576787827615,115.71795953623291,1,40,1.6963718173181745e-06,703.2281353382099,30
ucb1,9,1,130.65138523468588,7221.063201840793,195.42318102032664,0,,0.0003093335518708259,955.887903564105,30
softmax,9,1,118.17234928257375,4417.732376032064,175.09340638544796,0,,0.0038702809237614257,920.7299679513764,30
pac_successive_elimination,9,1,130.65138523468588,7221.063201840793,195.42318102032664,0,,0.0003093335518708259,955.887903564105,30
epsilon_greedy,9,2,-1126.6843557795003,3380.1496096216238,64.70802322165552,1,25,1.6660503043778515e-10,397.7914241171385,30
ucb1,9,2,130.65138523468588,7221.063201840793,195.42318102032664,0,,0.0003093335518708259,955.887903564105,30
softmax,9,2,106.67951228061989,4382.748120171237,150.95819679034736,0,,0.0008887592499972698,857.7567644633898,30
pac_successive_elimination,9,2,130.65138523468588,7221.063201840793,195.42318102032664,0,,0.0003093335518708259,955.887903564105,30
epsilon_greedy,9,3,172.65551946030877,5894.052894388357,301.8711135457028,0,,0.38539357748248115,995.6089464628352,30
ucb1,9,3,130.65138523468588,7221.063201840793,195.42318102032664,0,,0.0003093335518708259,955.887903564105,30
softmax,9,3,-12.339522458432963,4344.030096323503,118.85589629940547,1,47,1.761217021272678e-06,705.9436201057304,30
pac_successive_elimination,9,3,130.65138523468588,7221.063201840793,195.42318102032664,0,,0.0003093335518708259,955.887903564105,30
epsilon_greedy,9,4,176.42023163694304,8836.3846454212,317.3515829056392,0,,1.0639288951343926,694.6985196257586,30
ucb1,9,4,130.65138523468588,7221.063201840793,195.42318102032664,0,,0.0003093335518708259,955.887903564105,30
softmax,9,4,103.29942750882792,4501.595760438953,146.7581747551341,0,,3.81886759015955e-05,833.7248417466951,30
pac_successive_elimination,9,4,130.65138523468588,7221.063201840793,195.42318102032664,0,,0.0003093335518708259,955.887903564105,30
epsilon_greedy,9,5,169.0043416902576,6611.959564864208,298.5745049099939,0,,0.5273754323567355,918.6531247288335,30
ucb1,9,5,130.65138523468588,7221.063201840793,195.42318102032664,0,,0.0003093335518708259,955.887903564105,30
softmax,9,5,113.1761206401717,4554.534845305861,161.2812789442872,0,,0.00039654338080817223,892.876947580754,30
pac_successive_elimination,9,5,130.65138523468588,7221.063201840793,195.42318102032664,0,,0.0003093335518708259,955.887903564105,30
epsilon_greedy,9,6,147.41097176799332,5088.156648667622,235.26614569874815,0,,0.011365923295280253,1030.9282321721328,30
ucb1,9,6,130.65138523468588,7221.063201840793,195.42318102032664,0,,0.0003093335518708259,955.887903564105,30
softmax,9,6,-972.221106087962,3250.814188277172,70.99516205421189,1,25,8.703652170338807e-10,445.08434505150217,30
pac_successive_elimination,9,6,130.65138523468588,7221.063201840793,195.42318102032664,0,,0.0003093335518708259,955.887903564105,30
epsilon_greedy,9,7,178.02024829856245,7648.242980932209,317.3515829056392,0,,0.8465388474050205,819.7396626292505,30
ucb1,9,7,130.65138523468588,7221.063201840793,195.42318102032664,0,,0.0003093335518708259,955.887903564105,30
softmax,9,7,-972.3111105119633,3254.4919113483456,70.99516205421189,1,25,4.978392966236438e-10,444.0727926810339,30
pac_successive_elimination,9,7,130.65138523468588,7221.063201840793,195.42318102032664,0,,0.0003093335518708259,955.887903564105,30
epsilon_greedy,9,8,134.70912067907722,4731.270395548523,202.4823313393188,0,,0.00013664656189073658,992.7452647715506,30
ucb1,9,8,130.65138523468588,7221.063201840793,195.42318102032664,0,,0.0003093335518708259,955.887903564105,30
softmax,9,8,119.84478797287501,4333.652685476042,175.09340638544796,0,,0.0006572960535145172,931.4759565218787,30
pac_successive_elimination,9,8,130.65138523468588,7221.063201840793,195.42318102032664,0,,0.0003093335518708259,955.887903564105,30
epsilon_greedy,9,9,169.7128679644286,5678.0764991378155,298.5745049099939,0,,0.29923455515675906,1002.5113184038734,30
ucb1,9,9,130.65138523468588,7221.063201840793,195.42318102032664,0,,0.0003093335518708259,955.887903564105,30
softmax,9,9,119.84478797287501,4333.652685476042,175.09340638544796,0,,0.0006572960535145172,931.4759565218787,30
pac_successive_elimination,9,9,130.65138523468588,7221.063201840793,195.42318102032664,0,,0.0003093335518708259,955.887903564105,30
epsilon_greedy,9,10,178.61110293520767,6729.679820237275,317.3515829056392,0,,0.6334973759712081,907.6956451275612,30
ucb1,9,10,130.65138523468588,7221.063201840793,195.42318102032664,0,,0.0003093335518708259,955.887903564105,30
softmax,9,10,119.84478797287501,4333.652685476042,175.09340638544796,0,,0.0006572960535145172,931.4759565218787,30
pac_successive_elimination,9,10,130.65138523468588,7221.063201840793,195.42318102032664,0,,0.0003093335518708259,955.887903564105,30
epsilon_greedy,9,11,176.59993458540217,7015.78736487187,317.3515829056392,0,,0.6941849049386473,880.4203507316286,30
ucb1,9,11,130.65138523468588,7221.063201840793,195.42318102032664,0,,0.0003093335518708259,955.887903564105,30
softmax,9,11,119.84478797287501,4333.652685476042,175.09340638544796,0,,0.0006572960535145172,931.4759565218787,30
pac_successive_elimination,9,11,130.65138523468588,7221.063201840793,195.42318102032664,0,,0.0003093335518708259,955.887903564105,30
epsilon_greedy,9,12,177.7116834893977,8255.081731037595,317.3515829056392,0,,0.9845079953923013,755.6310428712997,30
ucb1,9,12,130.65138523468588,7221.063201840793,195.42318102032664,0,,0.0003093335518708259,955.887903564105,30
softmax,9,12,119.84478797287501,4333.652685476042,175.09340638544796,0,,0.0006572960535145172,931.4759565218787,30
pac_successive_elimination,9,12,130.65138523468588,7221.063201840793,195.42318102032664,0,,0.0003093335518708259,955.887903564105,30
epsilon_greedy,9,13,178.67835703735247,7368.049909913041,317.3515829056392,0,,0.6925706229535948,856.8326532989297,30
ucb1,9,13,130.65138523468588,7221.063201840793,195.42318102032664,0,,0.0003093335518708259,955.887903564105,30
softmax,9,13,119.84478797287501,4333.652685476042,175.09340638544796,0,,0.0006572960535145172,931.4759565218787,30
pac_successive_elimination,9,13,130.65138523468588,7221.063201840793,195.42318102032664,0,,0.0003093335518708259,955.887903564105,30
epsilon_greedy,9,14,173.63146029906542,8884.15337810541,317.3515829056392,0,,0.8974077166918962,709.1032224636923,30
ucb1,9,14,130.65138523468588,7221.063201840793,195.42318102032664,0,,0.0003093335518708259,955.887903564105,30
softmax,9,14,119.84478797287501,4333.652685476042,175.09340638544796,0,,0.0006572960535145172,931.4759565218787,30
pac_successive_elimination,9,14,130.65138523468588,7221.063201840793,195.42318102032664,0,,0.0003093335518708259,955.887903564105,30
epsilon_greedy,9,15,176.2718920195994,9262.722783708296,317.3515829056392,0,,1.1182818916923698,645.5614060456328,30
ucb1,9,15,130.65138523468588,7221.063201840793,195.42318102032664,0,,0.0003093335518708259,955.887903564105,30
softmax,9,15,119.84478797287501,4333.652685476042,175.09340638544796,0,,0.0006572960535145172,931.4759565218787,30
pac_successive_elimination,9,15,130.65138523468588,7221.063201840793,195.42318102032664,0,,0.0003093335518708259,955.887903564105,30
epsilon_greedy,9,16,178.24489973429672,7461.2411499895015,317.3515829056392,0,,0.8147943769125701,836.0068387051446,30
ucb1,9,16,130.65138523468588,7221.063201840793,195.42318102032664,0,,0.0003093335518708259,955.887903564105,30
softmax,9,16,119.84478797287501,4333.652685476042,175.09340638544796,0,,0.0006572960535145172,931.4759565218787,30
pac_successive_elimination,9,16,130.65138523468588,7221.063201840793,195.42318102032664,0,,0.0003093335518708259,955.887903564105,30
epsilon_greedy,9,17,178.69871090457679,6675.853716650236,317.3515829056392,0,,0.6271604908357817,911.3943867197247,30
ucb1,9,17,130.65138523468588,7221.063201840793,195.42318102032664,0,,0.0003093335518708259,955.887903564105,30
softmax,9,17,119.84478797287501,4333.652685476042,175.09340638544796,0,,0.0006572960535145172,931.4759565218787,30
pac_successive_elimination,9,17,130.65138523468588,7221.063201840793,195.42318102032664,0,,0.0003093335518708259,955.887903564105,30
epsilon_greedy,9,18,166.22435306749688,5007.605214618845,278.7361253000429,0,,0.22344121750653168,1024.8106996734546,30
ucb1,9,18,130.65138523468588,7221.063201840793,195.42318102032664,0,,0.0003093335518708259,955.887903564105,30
softmax,9,18,119.84478797287501,4333.652685476042,175.09340638544796,0,,0.0006572960535145172,931.4759565218787,30
pac_successive_elimination,9,18,130.65138523468588,7221.063201840793,195.42318102032664,0,,0.0003093335518708259,955.887903564105,30
epsilon_greedy,9,19,173.802001075738,8773.755271749202,317.3515829056392,0,,1.0333766999654739,704.8914860161817,30
ucb1,9,19,130.65138523468588,7221.063201840793,195.42318102032664,0,,0.0003093335518708259,955.887903564105,30
softmax,9,19,119.84478797287501,4333.652685476042,175.09340638544796,0,,0.0006572960535145172,931.4759565218787,30
pac_successive_elimination,9,19,130.65138523468588,7221.063201840793,195.42318102032664,0,,0.0003093335518708259,955.887903564105,30
epsilon_greedy,9,20,174.8916480694177,9782.544846716843,317.3515829056392,0,,1.1037040127731783,576.6568477589616,30
ucb1,9,20,130.65138523468588,7221.063201840793,195.42318102032664,0,,0.0003093335518708259,955.887903564105,30
softmax,9,20,119.84478797287501,4333.652685476042,175.09340638544796,0,,0.0006572960535145172,931.4759565218787,30
pac_successive_elimination,9,20,130.65138523468588,7221.063201840793,195.42318102032664,0,,0.0003093335518708259,955.887903564105,30
epsilon_greedy,9,21,178.3883890989991,7464.054137547362,317.3515829056392,0,,0.8241822839592625,835.1466767654267,30
ucb1,9,21,130.65138523468588,7221.063201840793,195.42318102032664,0,,0.0003093335518708259,955.887903564105,30
softmax,9,21,119.84478797287501,4333.652685476042,175.09340638544796,0,,0.0006572960535145172,931.4759565218787,30
pac_successive_elimination,9,21,130.65138523468588,7221.063201840793,195.42318102032664,0,,0.0003093335518708259,955.887903564105,30
epsilon_greedy,9,22,174.865757220141,11009.117109497525,335.01027463698074,0,,0.761480989856369,462.0930804451389,30
ucb1,9,22,130.65138523468588,7221.063201840793,195.42318102032664,0,,0.0003093335518708259,955.887903564105,30
softmax,9,22,119.84478797287501,4333.652685476042,175.09340638544796,0,,0.0006572960535145172,931.4759565218787,30
pac_successive_elimination,9,22,130.65138523468588,7221.063201840793,195.42318102032664,0,,0.0003093335518708259,955.887903564105,30
epsilon_greedy,9,23,176.60314919551487,6935.788864103325,317.3515829056392,0,,0.6723221619297454,888.0856226419711,30
ucb1,9,23,130.65138523468588,7221.063201840793,195.42318102032664,0,,0.0003093335518708259,955.887903564105,30
softmax,9,23,119.84478797287501,4333.652685476042,175.09340638544796,0,,0.0006572960535145172,931.4759565218787,30
pac_successive_elimination,9,23,130.65138523468588,7221.063201840793,195.42318102032664,0,,0.0003093335518708259,955.887903564105,30
epsilon_greedy,9,24,174.44740279097306,9970.68162472068,317.3515829056392,0,,1.0653836825546759,544.5860109257376,30
ucb1,9,24,130.65138523468588,7221.063201840793,195.42318102032664,0,,0.0003093335518708259,955.887903564105,30
softmax,9,24,119.84478797287501,4333.652685476042,175.09340638544796,0,,0.0006572960535145172,931.4759565218787,30
pac_successive_elimination,9,24,130.65138523468588,7221.063201840793,195.42318102032664,0,,0.0003093335518708259,955.887903564105,30
epsilon_greedy,9,25,167.9362770251913,5822.174804751319,280.2619971611721,0,,0.1986238927634769,1032.8262044111102,30
ucb1,9,25,130.65138523468588,7221.063201840793,195.42318102032664,0,,0.0003093335518708259,955.887903564105,30
softmax,9,25,119.84478797287501,4333.652685476042,175.09340638544796,0,,0.0006572960535145172,931.4759565218787,30
pac_successive_elimination,9,25,130.65138523468588,7221.063201840793,195.42318102032664,0,,0.0003093335518708259,955.887903564105,30
epsilon_greedy,9,26,176.88680716042816,8779.815923555207,317.3515829056392,0,,1.060506897268089,700.5924491271583,30
ucb1,9,26,130.65138523468588,7221.063201840793,195.42318102032664,0,,0.0003093335518708259,955.887903564105,30
softmax,9,26,119.84478797287501,4333.652685476042,175.09340638544796,0,,0.0006572960535145172,931.4759565218787,30
pac_successive_elimination,9,26,130.65138523468588,7221.063201840793,195.42318102032664,0,,0.0003093335518708259,955.887903564105,30
epsilon_greedy,9,27,177.9562677371076,7851.318417267784,317.3515829056392,0,,0.8997502284229019,797.4405146775116,30
ucb1,9,27,130.65138523468588,7221.063201840793,195.42318102032664,0,,0.0003093335518708259,955.887903564105,30
softmax,9,27,119.84478797287501,4333.652685476042,175.09340638544796,0,,0.0006572960535145172,931.4759565218787,30
pac_successive_elimination,9,27,130.65138523468588,7221.063201840793,195.42318102032664,0,,0.0003093335518708259,955.887903564105,30
epsilon_greedy,9,28,151.73123337965518,4928.505426099556,253.93631266587073,0,,0.010643462545557019,1045.5581993913574,30
ucb1,9,28,130.65138523468588,7221.063201840793,195.42318102032664,0,,0.0003093335518708259,955.887903564105,30
softmax,9,28,119.84478797287501,4333.652685476042,175.09340638544796,0,,0.0006572960535145172,931.4759565218787,30
pac_successive_elimination,9,28,130.65138523468588,7221.063201840793,195.42318102032664,0,,0.0003093335518708259,955.887903564105,30
epsilon_greedy,9,29,96.48998848781753,4774.383087148863,129.0096054958167,0,,1.389159791521733e-07,763.5982059849875,30
ucb1,9,29,130.65138523468588,7221.063201840793,195.42318102032664,0,,0.0003093335518708259,955.887903564105,30
softmax,9,29,119.84478797287501,4333.652685476042,175.09340638544796,0,,0.0006572960535145172,931.4759565218787,30
pac_successive_elimination,9,29,130.65138523468588,7221.063201840793,195.42318102032664,0,,0.0003093335518708259,955.887903564105,30
