algorithm,seed,episode,window_index,window_start_step,window_end_step,context_bias,context_fish_norm,context_ships_norm,context_time_norm,arm_id,arm_name,window_cumulative_reward,window_cumulative_profit,window_mean_fish_stock,window_min_fish_stock,window_collapse_flag,window_time_to_collapse,end_ships,end_fish_population
linucb,0,0,0,0,9,1.0,0.8333333333333334,0.1,0.0,11,strong_marine_reserve,9.792141478367618,2535.374790314274,870.8120025664012,750.1462119556977,0,,1.6231724943666623,750.1462119556977
contextual_thompson,0,0,0,0,9,1.0,0.8333333333333334,0.1,0.0,11,strong_marine_reserve,9.792141478367618,2535.374790314274,870.8120025664012,750.1462119556977,0,,1.6231724943666623,750.1462119556977
discretized_contextual,0,0,0,0,9,1.0,0.8333333333333334,0.1,0.0,11,strong_marine_reserve,9.792141478367618,2535.374790314274,870.8120025664012,750.1462119556977,0,,1.6231724943666623,750.1462119556977
linucb,0,0,1,10,19,1.0,0.6251218432964147,0.16231724943666623,0.08333333333333333,5,hard_capacity_control,8.477824768140737,4112.878671603311,523.793531584491,316.05665030206364,0,,2.579618925738808,316.05665030206364
contextual_thompson,0,0,1,10,19,1.0,0.6251218432964147,0.16231724943666623,0.08333333333333333,5,hard_capacity_control,8.477824768140737,4112.878671603311,523.793531584491,316.05665030206364,0,,2.579618925738808,316.05665030206364
discretized_contextual,0,0,1,10,19,1.0,0.6251218432964147,0.16231724943666623,0.08333333333333333,5,hard_capacity_control,8.477824768140737,4112.878671603311,523.793531584491,316.05665030206364,0,,2.579618925738808,316.05665030206364
linucb,0,0,2,20,29,1.0,0.2633805419183864,0.2579618925738808,0.16666666666666666,7,weak_capacity_control,-9.110390279053906,-590.1033349913797,177.5655667124967,118.89015826889568,1,9,1.1821808523338009,118.89015826889568
contextual_thompson,0,0,2,20,29,1.0,0.2633805419183864,0.2579618925738808,0.16666666666666666,7,weak_capacity_control,-9.110390279053906,-590.1033349913797,177.5655667124967,118.89015826889568,1,9,1.1821808523338009,118.89015826889568
discretized_contextual,0,0,2,20,29,1.0,0.2633805419183864,0.2579618925738808,0.16666666666666666,7,weak_capacity_control,-9.110390279053906,-590.1033349913797,177.5655667124967,118.89015826889568,1,9,1.1821808523338009,118.89015826889568
linucb,0,0,3,30,39,1.0,0.09907513189074639,0.1182180852333801,0.25,1,baseline_laissez_faire,-100.41797436397944,-1217.0430546238945,95.88824287733519,84.40490608300503,1,0,0.495220155225351,84.40490608300503
contextual_thompson,0,0,3,30,39,1.0,0.09907513189074639,0.1182180852333801,0.25,1,baseline_laissez_faire,-100.41797436397944,-1217.0430546238945,95.88824287733519,84.40490608300503,1,0,0.495220155225351,84.40490608300503
discretized_contextual,0,0,3,30,39,1.0,0.09907513189074639,0.1182180852333801,0.25,1,baseline_laissez_faire,-100.41797436397944,-1217.0430546238945,95.88824287733519,84.40490608300503,1,0,0.495220155225351,84.40490608300503
linucb,0,0,4,40,49,1.0,0.07033742173583753,0.0495220155225351,0.3333333333333333,4,high_taxation,-99.92601118600132,-585.3879778316903,79.12521501964461,76.71386602353644,1,0,0.20744964838271113,76.71386602353644
contextual_thompson,0,0,4,40,49,1.0,0.07033742173583753,0.0495220155225351,0.3333333333333333,4,high_taxation,-99.92601118600132,-585.3879778316903,79.12521501964461,76.71386602353644,1,0,0.20744964838271113,76.71386602353644
discretized_contextual,0,0,4,40,49,1.0,0.07033742173583753,0.0495220155225351,0.3333333333333333,4,high_taxation,-99.92601118600132,-585.3879778316903,79.12521501964461,76.71386602353644,1,0,0.20744964838271113,76.71386602353644
linucb,0,0,5,50,59,1.0,0.06392822168628037,0.020744964838271113,0.4166666666666667,10,moderate_marine_reserve,-99.63287857609372,-277.97969273597977,77.41213399707186,76.71299716802845,1,0,0.08690146424780947,78.52975220988013
contextual_thompson,0,0,5,50,59,1.0,0.06392822168628037,0.020744964838271113,0.4166666666666667,10,moderate_marine_reserve,-99.63287857609372,-277.97969273597977,77.41213399707186,76.71299716802845,1,0,0.08690146424780947,78.52975220988013
discretized_contextual,0,0,5,50,59,1.0,0.06392822168628037,0.020744964838271113,0.4166666666666667,10,moderate_marine_reserve,-99.63287857609372,-277.97969273597977,77.41213399707186,76.71299716802845,1,0,0.08690146424780947,78.52975220988013
linucb,0,0,6,60,69,1.0,0.0654414601749001,0.008690146424780946,0.5,3,moderate_taxation,-99.43286358698333,-103.14178798058359,80.4333841196731,78.79849720358848,1,0,0.03640336123627133,82.32958438475279
contextual_thompson,0,0,6,60,69,1.0,0.0654414601749001,0.008690146424780946,0.5,3,moderate_taxation,-99.43286358698333,-103.14178798058359,80.4333841196731,78.79849720358848,1,0,0.03640336123627133,82.32958438475279
discretized_contextual,0,0,6,60,69,1.0,0.0654414601749001,0.008690146424780946,0.5,3,moderate_taxation,-99.43286358698333,-103.14178798058359,80.4333841196731,78.79849720358848,1,0,0.03640336123627133,82.32958438475279
linucb,0,0,7,70,79,1.0,0.06860798698729399,0.003640336123627133,0.5833333333333334,11,strong_marine_reserve,-99.33790050696508,-50.590049516746475,85.52274510619804,82.87901870140308,1,0,0.015249509553941346,88.28030266419307
contextual_thompson,0,0,7,70,79,1.0,0.06860798698729399,0.003640336123627133,0.5833333333333334,11,strong_marine_reserve,-99.33790050696508,-50.590049516746475,85.52274510619804,82.87901870140308,1,0,0.015249509553941346,88.28030266419307
discretized_contextual,0,0,7,70,79,1.0,0.06860798698729399,0.003640336123627133,0.5833333333333334,11,strong_marine_reserve,-99.33790050696508,-50.590049516746475,85.52274510619804,82.87901870140308,1,0,0.015249509553941346,88.28030266419307
linucb,0,0,8,80,89,1.0,0.07356691888682756,0.0015249509553941346,0.6666666666666666,5,hard_capacity_control,-99.25165350099708,-16.938340869839507,91.8341807847332,88.89833020409596,1,0,0.006388078840479273,94.87498115454673
contextual_thompson,0,0,8,80,89,1.0,0.07356691888682756,0.0015249509553941346,0.6666666666666666,5,hard_capacity_control,-99.25165350099708,-16.938340869839507,91.8341807847332,88.89833020409596,1,0,0.006388078840479273,94.87498115454673
discretized_contextual,0,0,8,80,89,1.0,0.07356691888682756,0.0015249509553941346,0.6666666666666666,11,strong_marine_reserve,-99.25449333070625,-20.791183072622996,91.955742283964,88.925254830474,1,0,0.006388078840479273,95.07546319075581
linucb,0,0,9,90,99,1.0,0.0790624842954556,0.0006388078840479273,0.75,7,weak_capacity_control,-99.18276509195469,-6.7871588366287305,98.88264802583322,95.58095203871821,1,0,0.0026759910623900696,102.2725195939485
contextual_thompson,0,0,9,90,99,1.0,0.0790624842954556,0.0006388078840479273,0.75,7,weak_capacity_control,-99.18276509195469,-6.7871588366287305,98.88264802583322,95.58095203871821,1,0,0.0026759910623900696,102.2725195939485
discretized_contextual,0,0,9,90,99,1.0,0.07922955265896317,0.0006388078840479273,0.75,5,hard_capacity_control,-99.18101489470223,-6.777814869445895,99.09155042006678,95.7829179327021,1,0,0.0026759910623900696,102.48853779719289
linucb,0,0,10,100,109,1.0,0.08522709966162376,0.00026759910623900694,0.8333333333333334,5,hard_capacity_control,-99.11372185668733,-2.6923376446397276,106.67645771487601,103.05217870928469,1,0,0.0011209830599796225,110.38465418999613
contextual_thompson,0,0,10,100,109,1.0,0.08522709966162376,0.00026759910623900694,0.8333333333333334,5,hard_capacity_control,-99.11372185668733,-2.6923376446397276,106.67645771487601,103.05217870928469,1,0,0.0011209830599796225,110.38465418999613
discretized_contextual,0,0,10,100,109,1.0,0.08540711483099407,0.00026759910623900694,0.8333333333333334,1,baseline_laissez_faire,-99.11184024450964,-2.687856553621102,106.90171344527943,103.26983220907599,1,0,0.0011209830599796225,110.61768803938784
linucb,0,0,11,110,119,1.0,0.09198721182499678,0.00011209830599796225,0.9166666666666666,11,strong_marine_reserve,-99.04153804253184,-1.421031760977072,115.18595870749654,111.23686532457164,1,0,0.0004695841620782316,119.21912744772227
contextual_thompson,0,0,11,110,119,1.0,0.09198721182499678,0.00011209830599796225,0.9166666666666666,11,strong_marine_reserve,-99.04153804253184,-1.421031760977072,115.18595870749654,111.23686532457164,1,0,0.0004695841620782316,119.21912744772227
discretized_contextual,0,0,11,110,119,1.0,0.09218140669948988,0.00011209830599796225,0.9166666666666666,7,weak_capacity_control,-99.03924184768968,-1.0550775752890775,115.41758758627296,111.46915992233538,1,0,0.0004695841620782316,119.45171324341524
linucb,0,1,0,0,9,1.0,0.8333333333333334,0.1,0.0,5,hard_capacity_control,10.490521369403732,3448.0349987194627,845.0983644821124,685.0617923614428,0,,2.0946658360156425,685.0617923614428
contextual_thompson,0,1,0,0,9,1.0,0.8333333333333334,0.1,0.0,5,hard_capacity_control,10.490521369403732,3448.0349987194627,845.0983644821124,685.0617923614428,0,,2.0946658360156425,685.0617923614428
discretized_contextual,0,1,0,0,9,1.0,0.8333333333333334,0.1,0.0,7,weak_capacity_control,10.490521369403732,3448.0349987194627,845.0983644821124,685.0617923614428,0,,2.0946658360156425,685.0617923614428
linucb,0,1,1,10,19,1.0,0.570884826967869,0.20946658360156425,0.08333333333333333,5,hard_capacity_control,7.172915297017182,3721.5387171817497,414.165189580252,210.99693960739452,0,,2.433656061354898,210.99693960739452
contextual_thompson,0,1,1,10,19,1.0,0.570884826967869,0.20946658360156425,0.08333333333333333,5,hard_capacity_control,7.172915297017182,3721.5387171817497,414.165189580252,210.99693960739452,0,,2.433656061354898,210.99693960739452
discretized_contextual,0,1,1,10,19,1.0,0.570884826967869,0.20946658360156425,0.08333333333333333,5,hard_capacity_control,7.172915297017182,3721.5387171817497,414.165189580252,210.99693960739452,0,,2.433656061354898,210.99693960739452
linucb,0,1,2,20,29,1.0,0.1758307830061621,0.2433656061354898,0.16666666666666666,5,hard_capacity_control,-50.58587411208708,-1652.3190888752126,127.9733972145757,92.3055313030015,1,5,1.0194679858754725,92.3055313030015
contextual_thompson,0,1,2,20,29,1.0,0.1758307830061621,0.2433656061354898,0.16666666666666666,5,hard_capacity_control,-50.58587411208708,-1652.3190888752126,127.9733972145757,92.3055313030015,1,5,1.0194679858754725,92.3055313030015
discretized_contextual,0,1,2,20,29,1.0,0.1758307830061621,0.2433656061354898,0.16666666666666666,5,hard_capacity_control,-50.58587411208708,-1652.3190888752126,127.9733972145757,92.3055313030015,1,5,1.0194679858754725,92.3055313030015
linucb,0,1,3,30,39,1.0,0.07692127608583459,0.10194679858754725,0.25,7,weak_capacity_control,-100.55626119379933,-1199.919120068375,77.23895115228476,69.61524112997978,1,0,0.42705910285711063,69.61524112997978
contextual_thompson,0,1,3,30,39,1.0,0.07692127608583459,0.10194679858754725,0.25,7,weak_capacity_control,-100.55626119379933,-1199.919120068375,77.23895115228476,69.61524112997978,1,0,0.42705910285711063,69.61524112997978
discretized_contextual,0,1,3,30,39,1.0,0.07692127608583459,0.10194679858754725,0.25,5,hard_capacity_control,-100.55626119379933,-1199.919120068375,77.23895115228476,69.61524112997978,1,0,0.42705910285711063,69.61524112997978
linucb,0,1,4,40,49,1.0,0.058012700941649814,0.042705910285711066,0.3333333333333333,5,hard_capacity_control,-99.99275753515425,-544.7100541464667,66.23430227906685,64.81157573410937,1,0,0.17889671854334988,64.81157573410937
contextual_thompson,0,1,4,40,49,1.0,0.058012700941649814,0.042705910285711066,0.3333333333333333,5,hard_capacity_control,-99.99275753515425,-544.7100541464667,66.23430227906685,64.81157573410937,1,0,0.17889671854334988,64.81157573410937
discretized_contextual,0,1,4,40,49,1.0,0.058012700941649814,0.042705910285711066,0.3333333333333333,5,hard_capacity_control,-99.99275753515425,-544.7100541464667,66.23430227906685,64.81157573410937,1,0,0.17889671854334988,64.81157573410937
linucb,0,1,5,50,59,1.0,0.05400964644509114,0.017889671854334988,0.4166666666666667,11,strong_marine_reserve,-99.71197404468631,-262.73424069429916,66.091223520959,64.96751845301627,1,0,0.074940530927605,67.47117386730665
contextual_thompson,0,1,5,50,59,1.0,0.05400964644509114,0.017889671854334988,0.4166666666666667,11,strong_marine_reserve,-99.71197404468631,-262.73424069429916,66.091223520959,64.96751845301627,1,0,0.074940530927605,67.47117386730665
discretized_contextual,0,1,5,50,59,1.0,0.05400964644509114,0.017889671854334988,0.4166666666666667,7,weak_capacity_control,-99.6886091012348,-230.8885876618605,65.07353837124532,64.70802322165552,1,0,0.074940530927605,65.81291244353963
linucb,0,1,6,60,69,1.0,0.05622597822275554,0.0074940530927604995,0.5,1,baseline_laissez_faire,-99.51734957730199,-94.74963688104943,69.28800714948845,67.74273592749914,1,0,0.03139287976570931,71.03338484039924
contextual_thompson,0,1,6,60,69,1.0,0.05622597822275554,0.0074940530927604995,0.5,1,baseline_laissez_faire,-99.51734957730199,-94.74963688104943,69.28800714948845,67.74273592749914,1,0,0.03139287976570931,71.03338484039924
discretized_contextual,0,1,6,60,69,1.0,0.054844093702949695,0.0074940530927604995,0.5,1,baseline_laissez_faire,-99.53242042209965,-95.63170556904626,67.58535401632729,66.07784570581023,1,0,0.03139287976570931,69.28806030275011
linucb,0,1,7,70,79,1.0,0.059194487366999365,0.0031392879765709306,0.5833333333333334,4,high_taxation,-99.42514143905552,-38.788903452376346,73.63769572762186,71.47384572427126,1,0,0.013150599385749199,75.91981109655678
contextual_thompson,0,1,7,70,79,1.0,0.059194487366999365,0.0031392879765709306,0.5833333333333334,3,moderate_taxation,-99.42514143905552,-38.788903452376346,73.63769572762186,71.47384572427126,1,0,0.013150599385749199,75.91981109655678
discretized_contextual,0,1,7,70,79,1.0,0.05774005025229176,0.0031392879765709306,0.5833333333333334,11,strong_marine_reserve,-99.4451760432704,-45.38063502969419,72.02455101111848,69.76125227268118,1,0,0.013150599385749199,74.37764707785732
linucb,0,1,8,80,89,1.0,0.06326650924713065,0.00131505993857492,0.6666666666666666,10,moderate_marine_reserve,-99.35863289012244,-17.55542824639032,79.07070457487305,76.47214436910056,1,0,0.005508837210703079,81.74769594695007
contextual_thompson,0,1,8,80,89,1.0,0.06326650924713065,0.00131505993857492,0.6666666666666666,4,high_taxation,-99.35731626409735,-15.76916567214494,79.01434818897638,76.4596644813359,1,0,0.005508837210703079,81.65474319955
discretized_contextual,0,1,8,80,89,1.0,0.0619813725648811,0.00131505993857492,0.6666666666666666,4,high_taxation,-99.3708344670325,-15.91451089439991,77.40960526342867,74.90658217873882,1,0,0.005508837210703079,79.99661230533295
linucb,0,1,9,90,99,1.0,0.06812307995579173,0.0005508837210703079,0.75,3,moderate_taxation,-99.2962074030839,-6.371808314601684,85.2197286276842,82.3600267854566,1,0,0.002307673325286836,88.1534648366238
contextual_thompson,0,1,9,90,99,1.0,0.06804561933295833,0.0005508837210703079,0.75,10,moderate_marine_reserve,-99.2976130105706,-7.181961784182433,85.1482741456303,82.27200372192894,1,0,0.002307673325286836,88.09522815708037
discretized_contextual,0,1,9,90,99,1.0,0.06666384358777745,0.0005508837210703079,0.75,3,moderate_taxation,-99.31148589350451,-6.441023884615959,83.39461564561294,80.59588502475951,1,0,0.002307673325286836,86.26581207899426
linucb,0,1,10,100,109,1.0,0.0734612206971865,0.00023076733252868362,0.8333333333333334,7,weak_capacity_control,-99.23622904243894,-2.562376007054212,91.9600000281738,88.82765246181492,1,0,0.0009666933279302226,95.16391753584305
contextual_thompson,0,1,10,100,109,1.0,0.07341269013090031,0.00023076733252868362,0.8333333333333334,7,weak_capacity_control,-99.23673616373465,-2.563340759085224,91.89926124293343,88.76897253245708,1,0,0.0009666933279302226,95.10107325572542
discretized_contextual,0,1,10,100,109,1.0,0.07188817673249522,0.00023076733252868362,0.8333333333333334,10,moderate_marine_reserve,-99.25293006713972,-2.950873287754139,90.00249673776533,86.92811941798485,1,0,0.0009666933279302226,93.145488026451
linucb,0,1,11,110,119,1.0,0.07930326461320254,9.666933279302226e-05,0.9166666666666666,1,baseline_laissez_faire,-99.17352110539369,-1.024466557101126,99.30040333960963,95.89782297174857,1,0,0.0004049515934620661,102.7764553250707
contextual_thompson,0,1,11,110,119,1.0,0.07925089437977119,9.666933279302226e-05,0.9166666666666666,1,baseline_laissez_faire,-99.17406789238619,-1.0249104957656112,99.23484217314959,95.83449652591432,1,0,0.0004049515934620661,102.70861189822705
discretized_contextual,0,1,11,110,119,1.0,0.0776212400220425,9.666933279302226e-05,0.9166666666666666,7,weak_capacity_control,-99.19108276237091,-1.0386110001396287,97.19470183550874,93.86390564282569,1,0,0.0004049515934620661,100.5974394551586
linucb,0,2,0,0,9,1.0,0.8333333333333334,0.1,0.0,5,hard_capacity_control,10.490521369403732,3448.0349987194627,845.0983644821124,685.0617923614428,0,,2.0946658360156425,685.0617923614428
contextual_thompson,0,2,0,0,9,1.0,0.8333333333333334,0.1,0.0,5,hard_capacity_control,10.490521369403732,3448.0349987194627,845.0983644821124,685.0617923614428,0,,2.0946658360156425,685.0617923614428
discretized_contextual,0,2,0,0,9,1.0,0.8333333333333334,0.1,0.0,4,high_taxation,9.919364828836628,2630.4171257777757,874.6737243670624,769.2682333080999,0,,1.1885390363166835,769.2682333080999
linucb,0,2,1,10,19,1.0,0.570884826967869,0.20946658360156425,0.08333333333333333,5,hard_capacity_control,7.172915297017182,3721.5387171817497,414.165189580252,210.99693960739452,0,,2.433656061354898,210.99693960739452
contextual_thompson,0,2,1,10,19,1.0,0.570884826967869,0.20946658360156425,0.08333333333333333,5,hard_capacity_control,7.172915297017182,3721.5387171817497,414.165189580252,210.99693960739452,0,,2.433656061354898,210.99693960739452
discretized_contextual,0,2,1,10,19,1.0,0.6410568610900832,0.11885390363166834,0.08333333333333333,10,moderate_marine_reserve,7.902166216581205,2690.860851012485,625.3566438682465,493.7649342228274,0,,1.7520081405675934,493.7649342228274
linucb,0,2,2,20,29,1.0,0.1758307830061621,0.2433656061354898,0.16666666666666666,5,hard_capacity_control,-50.58587411208708,-1652.3190888752126,127.9733972145757,92.3055313030015,1,5,1.0194679858754725,92.3055313030015
contextual_thompson,0,2,2,20,29,1.0,0.1758307830061621,0.2433656061354898,0.16666666666666666,5,hard_capacity_control,-50.58587411208708,-1652.3190888752126,127.9733972145757,92.3055313030015,1,5,1.0194679858754725,92.3055313030015
discretized_contextual,0,2,2,20,29,1.0,0.4114707785190228,0.17520081405675933,0.16666666666666666,10,moderate_marine_reserve,3.886751008399517,867.6244304030611,362.2951893595748,286.4603952971064,0,,1.0625490005429294,286.4603952971064
linucb,0,2,3,30,39,1.0,0.07692127608583459,0.10194679858754725,0.25,5,hard_capacity_control,-100.55626119379933,-1199.919120068375,77.23895115228476,69.61524112997978,1,0,0.42705910285711063,69.61524112997978
contextual_thompson,0,2,3,30,39,1.0,0.07692127608583459,0.10194679858754725,0.25,5,hard_capacity_control,-100.55626119379933,-1199.919120068375,77.23895115228476,69.61524112997978,1,0,0.42705910285711063,69.61524112997978
discretized_contextual,0,2,3,30,39,1.0,0.238716996080922,0.10625490005429294,0.25,11,strong_marine_reserve,1.5263797518819033,-633.0822038713585,259.13543469039143,245.7000728900403,0,,0.4451059073953215,245.7000728900403
linucb,0,2,4,40,49,1.0,0.058012700941649814,0.042705910285711066,0.3333333333333333,5,hard_capacity_control,-99.99275753515425,-544.7100541464667,66.23430227906685,64.81157573410937,1,0,0.17889671854334988,64.81157573410937
contextual_thompson,0,2,4,40,49,1.0,0.058012700941649814,0.042705910285711066,0.3333333333333333,5,hard_capacity_control,-99.99275753515425,-544.7100541464667,66.23430227906685,64.81157573410937,1,0,0.17889671854334988,64.81157573410937
discretized_contextual,0,2,4,40,49,1.0,0.20475006074170024,0.04451059073953215,0.3333333333333333,11,strong_marine_reserve,1.6998316749632865,-313.233191425097,241.56778396660604,240.57253826705033,0,,0.1864565951282997,241.19462932096334
linucb,0,2,5,50,59,1.0,0.05400964644509114,0.017889671854334988,0.4166666666666667,7,weak_capacity_control,-99.6886091012348,-230.8885876618605,65.07353837124532,64.70802322165552,1,0,0.074940530927605,65.81291244353963
contextual_thompson,0,2,5,50,59,1.0,0.05400964644509114,0.017889671854334988,0.4166666666666667,7,weak_capacity_control,-99.6886091012348,-230.8885876618605,65.07353837124532,64.70802322165552,1,0,0.074940530927605,65.81291244353963
discretized_contextual,0,2,5,50,59,1.0,0.20099552443413612,0.01864565951282997,0.4166666666666667,11,strong_marine_reserve,1.915600400691291,-129.9188797820427,245.46231365680003,241.66900699002852,0,,0.07810739262096819,250.25733531241613
linucb,0,2,6,60,69,1.0,0.054844093702949695,0.0074940530927604995,0.5,11,strong_marine_reserve,-99.54265279116433,-109.53735576405228,68.02614775196672,66.17648679781846,1,0,0.03139287976570931,70.01187009473206
contextual_thompson,0,2,6,60,69,1.0,0.054844093702949695,0.0074940530927604995,0.5,11,strong_marine_reserve,-99.54265279116433,-109.53735576405228,68.02614775196672,66.17648679781846,1,0,0.03139287976570931,70.01187009473206
discretized_contextual,0,2,6,60,69,1.0,0.20854777942701344,0.007810739262096819,0.5,11,strong_marine_reserve,2.1028267931729645,-50.25733285455236,258.37009512330206,251.57956470730733,0,,0.032719490441451934,265.69244774387226
linucb,0,2,7,70,79,1.0,0.058343225078943385,0.0031392879765709306,0.5833333333333334,3,moderate_taxation,-99.43419388707535,-39.01807732477688,72.57890282993223,70.44602661132059,1,0,0.013150599385749199,74.82835153834093
contextual_thompson,0,2,7,70,79,1.0,0.058343225078943385,0.0031392879765709306,0.5833333333333334,10,moderate_marine_reserve,-99.43707626645505,-42.93076608896954,72.70253995607021,70.47350003907128,1,0,0.013150599385749199,75.03197858994926
discretized_contextual,0,2,7,70,79,1.0,0.22141037311989356,0.0032719490441451933,0.5833333333333334,11,strong_marine_reserve,2.2809948480234983,-18.54751518489151,275.9450835850068,267.462593052885,0,,0.01370632175552699,284.771243174579
linucb,0,2,8,80,89,1.0,0.062356959615284105,0.00131505993857492,0.6666666666666666,10,moderate_marine_reserve,-99.36818139927084,-17.632618533837487,77.93414631156045,75.37277823332587,1,0,0.005508837210703079,80.57282789810887
contextual_thompson,0,2,8,80,89,1.0,0.06252664882495772,0.00131505993857492,0.6666666666666666,3,moderate_taxation,-99.36509875769234,-15.852841646033552,78.09049007444389,75.56554649928508,1,0,0.005508837210703079,80.70015057911567
discretized_contextual,0,2,8,80,89,1.0,0.2373093693121492,0.001370632175552699,0.6666666666666666,1,baseline_laissez_faire,2.4733740993019713,6.775705890213848,295.99180720941087,286.7442506000133,0,,0.008874094542606837,305.4963906745264
linucb,0,2,9,90,99,1.0,0.06714402324842406,0.0005508837210703079,0.75,4,high_taxation,-99.30645830458184,-6.418247607243256,83.9951931630493,81.1763978341745,1,0,0.002307673325286836,86.88697053983722
contextual_thompson,0,2,9,90,99,1.0,0.06725012548259639,0.0005508837210703079,0.75,4,high_taxation,-99.30534739219001,-6.4132148843790135,84.12789872332455,81.30467000638534,1,0,0.002307673325286836,87.02422354638466
discretized_contextual,0,2,9,90,99,1.0,0.25458032556210536,0.0008874094542606837,0.75,5,hard_capacity_control,2.6550778077170687,6.242182056982082,317.8602750792104,307.68467481782545,0,,0.006606777639655661,328.2709359878503
linucb,0,2,10,100,109,1.0,0.07240580878319769,0.00023076733252868362,0.8333333333333334,7,weak_capacity_control,-99.24725762544915,-2.5833568622613683,90.63908776957364,87.55151801214913,1,0,0.0009666933279302226,93.79721300224062
contextual_thompson,0,2,10,100,109,1.0,0.07252018628865388,0.00023076733252868362,0.8333333333333334,7,weak_capacity_control,-99.24606242843831,-2.5810831127921325,90.78223856093979,87.68981580962827,1,0,0.0009666933279302226,93.9453267469314
discretized_contextual,0,2,10,100,109,1.0,0.2735591133232086,0.0006606777639655661,0.8333333333333334,10,moderate_marine_reserve,2.850093155361594,0.8012963366285021,341.9150230829958,330.68293857327933,0,,0.0031518548508782827,353.41439307459336
linucb,0,2,11,110,119,1.0,0.07816434416853385,9.666933279302226e-05,0.9166666666666666,1,baseline_laissez_faire,-99.1854123333859,-1.0340689301372785,97.87460826531037,94.52063180783914,1,0,0.0004049515934620661,101.30102108171343
contextual_thompson,0,2,11,110,119,1.0,0.0782877722891095,9.666933279302226e-05,0.9166666666666666,1,baseline_laissez_faire,-99.18412364905133,-1.0330352773805067,98.02912634712636,94.66988209435564,1,0,0.0004049515934620661,101.46091936811898
discretized_contextual,0,2,11,110,119,1.0,0.2945119942288278,0.00031518548508782825,0.9166666666666666,1,baseline_laissez_faire,3.0717805654191275,3.8582710558505084,368.1506753235932,356.03657779549195,0,,0.0031364634622466333,380.49428276889057
linucb,0,3,0,0,9,1.0,0.8333333333333334,0.1,0.0,5,hard_capacity_control,10.490521369403732,3448.0349987194627,845.0983644821124,685.0617923614428,0,,2.0946658360156425,685.0617923614428
contextual_thompson,0,3,0,0,9,1.0,0.8333333333333334,0.1,0.0,5,hard_capacity_control,10.490521369403732,3448.0349987194627,845.0983644821124,685.0617923614428,0,,2.0946658360156425,685.0617923614428
discretized_contextual,0,3,0,0,9,1.0,0.8333333333333334,0.1,0.0,5,hard_capacity_control,10.490521369403732,3448.0349987194627,845.0983644821124,685.0617923614428,0,,2.0946658360156425,685.0617923614428
linucb,0,3,1,10,19,1.0,0.570884826967869,0.20946658360156425,0.08333333333333333,5,hard_capacity_control,7.172915297017182,3721.5387171817497,414.165189580252,210.99693960739452,0,,2.433656061354898,210.99693960739452
contextual_thompson,0,3,1,10,19,1.0,0.570884826967869,0.20946658360156425,0.08333333333333333,5,hard_capacity_control,7.172915297017182,3721.5387171817497,414.165189580252,210.99693960739452,0,,2.433656061354898,210.99693960739452
discretized_contextual,0,3,1,10,19,1.0,0.570884826967869,0.20946658360156425,0.08333333333333333,7,weak_capacity_control,7.172915297017182,3721.5387171817497,414.165189580252,210.99693960739452,0,,2.433656061354898,210.99693960739452
linucb,0,3,2,20,29,1.0,0.1758307830061621,0.2433656061354898,0.16666666666666666,5,hard_capacity_control,-50.58587411208708,-1652.3190888752126,127.9733972145757,92.3055313030015,1,5,1.0194679858754725,92.3055313030015
contextual_thompson,0,3,2,20,29,1.0,0.1758307830061621,0.2433656061354898,0.16666666666666666,5,hard_capacity_control,-50.58587411208708,-1652.3190888752126,127.9733972145757,92.3055313030015,1,5,1.0194679858754725,92.3055313030015
discretized_contextual,0,3,2,20,29,1.0,0.1758307830061621,0.2433656061354898,0.16666666666666666,4,high_taxation,-50.58587411208708,-1652.3190888752126,127.9733972145757,92.3055313030015,1,5,1.0194679858754725,92.3055313030015
linucb,0,3,3,30,39,1.0,0.07692127608583459,0.10194679858754725,0.25,5,hard_capacity_control,-100.55626119379933,-1199.919120068375,77.23895115228476,69.61524112997978,1,0,0.42705910285711063,69.61524112997978
contextual_thompson,0,3,3,30,39,1.0,0.07692127608583459,0.10194679858754725,0.25,5,hard_capacity_control,-100.55626119379933,-1199.919120068375,77.23895115228476,69.61524112997978,1,0,0.42705910285711063,69.61524112997978
discretized_contextual,0,3,3,30,39,1.0,0.07692127608583459,0.10194679858754725,0.25,4,high_taxation,-100.55626119379933,-1199.919120068375,77.23895115228476,69.61524112997978,1,0,0.42705910285711063,69.61524112997978
linucb,0,3,4,40,49,1.0,0.058012700941649814,0.042705910285711066,0.3333333333333333,11,strong_marine_reserve,-100.0486177066229,-621.3964115117823,68.73344458666753,68.51515841036272,1,0,0.17889671854334988,68.8084742455193
contextual_thompson,0,3,4,40,49,1.0,0.058012700941649814,0.042705910285711066,0.3333333333333333,11,strong_marine_reserve,-100.0486177066229,-621.3964115117823,68.73344458666753,68.51515841036272,1,0,0.17889671854334988,68.8084742455193
discretized_contextual,0,3,4,40,49,1.0,0.058012700941649814,0.042705910285711066,0.3333333333333333,11,strong_marine_reserve,-100.0486177066229,-621.3964115117823,68.73344458666753,68.51515841036272,1,0,0.17889671854334988,68.8084742455193
linucb,0,3,5,50,59,1.0,0.05734039520459942,0.017889671854334988,0.4166666666666667,7,weak_capacity_control,-99.65017882208612,-225.89513561319743,69.0859576232515,68.69830683673841,1,0,0.074940530927605,69.87039832804552
contextual_thompson,0,3,5,50,59,1.0,0.05734039520459942,0.017889671854334988,0.4166666666666667,7,weak_capacity_control,-99.65017882208612,-225.89513561319743,69.0859576232515,68.69830683673841,1,0,0.074940530927605,69.87039832804552
discretized_contextual,0,3,5,50,59,1.0,0.05734039520459942,0.017889671854334988,0.4166666666666667,11,strong_marine_reserve,-99.6749845958924,-259.7044841908356,70.16638659581302,68.97391928456608,1,0,0.074940530927605,71.63088194905106
linucb,0,3,6,60,69,1.0,0.058225331940037935,0.0074940530927604995,0.5,5,hard_capacity_control,-99.49554481041929,-93.47344064987121,71.75143562767147,70.15154708409521,1,0,0.03139287976570931,73.55853154911993
contextual_thompson,0,3,6,60,69,1.0,0.058225331940037935,0.0074940530927604995,0.5,5,hard_capacity_control,-99.49554481041929,-93.47344064987121,71.75143562767147,70.15154708409521,1,0,0.03139287976570931,73.55853154911993
discretized_contextual,0,3,6,60,69,1.0,0.05969240162420922,0.0074940530927604995,0.5,11,strong_marine_reserve,-99.49068211222293,-107.6718018855299,74.03876275951077,72.02642322884442,1,0,0.03139287976570931,76.1991487765054
linucb,0,3,7,70,79,1.0,0.06129877629093328,0.0031392879765709306,0.5833333333333334,3,moderate_taxation,-99.40276430664258,-38.222397354864,76.25497088547482,74.01457286438503,1,0,0.013150599385749199,78.61781801617083
contextual_thompson,0,3,7,70,79,1.0,0.06129877629093328,0.0031392879765709306,0.5833333333333334,4,high_taxation,-99.40276430664258,-38.222397354864,76.25497088547482,74.01457286438503,1,0,0.013150599385749199,78.61781801617083
discretized_contextual,0,3,7,70,79,1.0,0.06349929064708783,0.0031392879765709306,0.5833333333333334,11,strong_marine_reserve,-99.38438766096684,-44.44851935389345,79.20730300644611,76.71931951954082,1,0,0.013150599385749199,81.79397919308656
linucb,0,3,8,80,89,1.0,0.06551484834680903,0.00131505993857492,0.6666666666666666,10,moderate_marine_reserve,-99.33502989489409,-17.364620764307485,81.88016710442682,79.1896915008854,1,0,0.005508837210703079,84.65183540579945
contextual_thompson,0,3,8,80,89,1.0,0.06551484834680903,0.00131505993857492,0.6666666666666666,3,moderate_taxation,-99.33366648216396,-15.514886804273539,81.82180855683674,79.176768108019,1,0,0.005508837210703079,84.55558092664414
discretized_contextual,0,3,8,80,89,1.0,0.06816164932757213,0.00131505993857492,0.6666666666666666,1,baseline_laissez_faire,-99.3058257509421,-15.215546215439451,85.12677543280037,82.37540263190247,1,0,0.005508837210703079,87.9704338793038
linucb,0,3,9,90,99,1.0,0.07054319617149954,0.0005508837210703079,0.75,4,high_taxation,-99.27086858974653,-6.257016453631929,88.24661120485386,85.28581725740713,1,0,0.002307673325286836,91.2840392724671
contextual_thompson,0,3,9,90,99,1.0,0.07046298410553678,0.0005508837210703079,0.75,10,moderate_marine_reserve,-99.27232411528537,-7.095947168168291,88.17261982593358,85.19466782869773,1,0,0.002307673325286836,91.22373601575006
discretized_contextual,0,3,9,90,99,1.0,0.07330869489941984,0.0005508837210703079,0.75,1,baseline_laissez_faire,-99.24191401683879,-6.125843603912193,91.70541921181291,88.62914802473385,1,0,0.002307673325286836,94.86129275024952
linucb,0,3,10,100,109,1.0,0.07607003272705591,0.00023076733252868362,0.8333333333333334,1,baseline_laissez_faire,-99.20896840419667,-2.5105150074681086,95.22505329729591,91.9820501017422,1,0,0.0009666933279302226,98.54213231794566
contextual_thompson,0,3,10,100,109,1.0,0.07601978001312505,0.00023076733252868362,0.8333333333333334,1,baseline_laissez_faire,-99.20949351338193,-2.5115139843815544,95.16216007229525,91.92128802338914,1,0,0.0009666933279302226,98.47705969934145
discretized_contextual,0,3,10,100,109,1.0,0.0790510772918746,0.00023076733252868362,0.8333333333333334,10,moderate_marine_reserve,-99.17810827046964,-2.8440695671295635,98.96829589170038,95.58925230720078,1,0,0.0009666933279302226,102.42268781948218
linucb,0,3,11,110,119,1.0,0.08211844359828804,9.666933279302226e-05,0.9166666666666666,1,baseline_laissez_faire,-99.14412830971722,-1.000192899535706,102.8246259818782,99.30195188566664,1,0,0.0004049515934620661,106.4233260021004
contextual_thompson,0,3,11,110,119,1.0,0.08206421641611787,9.666933279302226e-05,0.9166666666666666,4,high_taxation,-99.14469448933338,-1.0006710048717775,102.7567418005793,99.23638018779845,1,0,0.0004049515934620661,106.35307996647079
discretized_contextual,0,3,11,110,119,1.0,0.08535223984956848,9.666933279302226e-05,0.9166666666666666,1,baseline_laissez_faire,-99.11036469179808,-0.9712666836144207,106.8727889862619,103.21225384713395,1,0,0.0004049515934620661,110.61230135185122
linucb,0,4,0,0,9,1.0,0.8333333333333334,0.1,0.0,5,hard_capacity_control,10.490521369403732,3448.0349987194627,845.0983644821124,685.0617923614428,0,,2.0946658360156425,685.0617923614428
contextual_thompson,0,4,0,0,9,1.0,0.8333333333333334,0.1,0.0,5,hard_capacity_control,10.490521369403732,3448.0349987194627,845.0983644821124,685.0617923614428,0,,2.0946658360156425,685.0617923614428
discretized_contextual,0,4,0,0,9,1.0,0.8333333333333334,0.1,0.0,10,moderate_marine_reserve,10.141336477120525,2989.221945950384,858.253743740417,717.9373143653968,0,,1.8586333167843792,717.9373143653968
linucb,0,4,1,10,19,1.0,0.570884826967869,0.20946658360156425,0.08333333333333333,5,hard_capacity_control,7.172915297017182,3721.5387171817497,414.165189580252,210.99693960739452,0,,2.433656061354898,210.99693960739452
contextual_thompson,0,4,1,10,19,1.0,0.570884826967869,0.20946658360156425,0.08333333333333333,5,hard_capacity_control,7.172915297017182,3721.5387171817497,414.165189580252,210.99693960739452,0,,2.433656061354898,210.99693960739452
discretized_contextual,0,4,1,10,19,1.0,0.5982810953044974,0.1858633316784379,0.08333333333333333,1,baseline_laissez_faire,7.924042555857088,4037.6288681276483,466.36964252753285,255.2876783420126,0,,2.5690133477745953,255.2876783420126
linucb,0,4,2,20,29,1.0,0.1758307830061621,0.2433656061354898,0.16666666666666666,5,hard_capacity_control,-50.58587411208708,-1652.3190888752126,127.9733972145757,92.3055313030015,1,5,1.0194679858754725,92.3055313030015
contextual_thompson,0,4,2,20,29,1.0,0.1758307830061621,0.2433656061354898,0.16666666666666666,5,hard_capacity_control,-50.58587411208708,-1652.3190888752126,127.9733972145757,92.3055313030015,1,5,1.0194679858754725,92.3055313030015
discretized_contextual,0,4,2,20,29,1.0,0.21273973195167717,0.2569013347774595,0.16666666666666666,11,strong_marine_reserve,-0.6442457903279277,-2223.7774011638435,189.54379330030991,157.9223439268912,0,,1.0761696794101918,157.9223439268912
linucb,0,4,3,30,39,1.0,0.07692127608583459,0.10194679858754725,0.25,5,hard_capacity_control,-100.55626119379933,-1199.919120068375,77.23895115228476,69.61524112997978,1,0,0.42705910285711063,69.61524112997978
contextual_thompson,0,4,3,30,39,1.0,0.07692127608583459,0.10194679858754725,0.25,5,hard_capacity_control,-100.55626119379933,-1199.919120068375,77.23895115228476,69.61524112997978,1,0,0.42705910285711063,69.61524112997978
discretized_contextual,0,4,3,30,39,1.0,0.1316019532724093,0.10761696794101919,0.25,7,weak_capacity_control,-19.742749017754036,-824.3489706278264,129.7919943448546,115.7135830254916,1,8,0.4508116627284453,115.7135830254916
linucb,0,4,4,40,49,1.0,0.058012700941649814,0.042705910285711066,0.3333333333333333,11,strong_marine_reserve,-100.0486177066229,-621.3964115117823,68.73344458666753,68.51515841036272,1,0,0.17889671854334988,68.8084742455193
contextual_thompson,0,4,4,40,49,1.0,0.058012700941649814,0.042705910285711066,0.3333333333333333,11,strong_marine_reserve,-100.0486177066229,-621.3964115117823,68.73344458666753,68.51515841036272,1,0,0.17889671854334988,68.8084742455193
discretized_contextual,0,4,4,40,49,1.0,0.09642798585457633,0.04508116627284453,0.3333333333333333,11,strong_marine_reserve,-99.6213807537088,-570.4095544622679,113.88345609041721,113.44469006881951,1,0,0.18884675822066352,113.78306768810386
linucb,0,4,5,50,59,1.0,0.05734039520459942,0.017889671854334988,0.4166666666666667,7,weak_capacity_control,-99.65017882208612,-225.89513561319743,69.0859576232515,68.69830683673841,1,0,0.074940530927605,69.87039832804552
contextual_thompson,0,4,5,50,59,1.0,0.05734039520459942,0.017889671854334988,0.4166666666666667,7,weak_capacity_control,-99.65017882208612,-225.89513561319743,69.0859576232515,68.69830683673841,1,0,0.074940530927605,69.87039832804552
discretized_contextual,0,4,5,50,59,1.0,0.09481922307341988,0.018884675822066353,0.4166666666666667,11,strong_marine_reserve,-99.27269582390967,-238.24864062508044,115.86633800584717,114.0205543008335,1,0,0.07910864123303765,118.18252096422405
linucb,0,4,6,60,69,1.0,0.058225331940037935,0.0074940530927604995,0.5,3,moderate_taxation,-99.49554481041929,-93.47344064987121,71.75143562767147,70.15154708409521,1,0,0.03139287976570931,73.55853154911993
contextual_thompson,0,4,6,60,69,1.0,0.058225331940037935,0.0074940530927604995,0.5,10,moderate_marine_reserve,-99.50232096285787,-102.683917582306,72.04355456693222,70.21699864343056,1,0,0.03139287976570931,74.03795437759472
discretized_contextual,0,4,6,60,69,1.0,0.09848543413685337,0.007910864123303765,0.5,11,strong_marine_reserve,-19.080622608379677,-97.92021055239334,122.0757122607261,118.81804723977348,1,0,0.03313891737778689,125.58587111804536
linucb,0,4,7,70,79,1.0,0.06129877629093328,0.0031392879765709306,0.5833333333333334,4,high_taxation,-99.40276430664258,-38.222397354864,76.25497088547482,74.01457286438503,1,0,0.013150599385749199,78.61781801617083
contextual_thompson,0,4,7,70,79,1.0,0.06169829531466226,0.0031392879765709306,0.5833333333333334,1,baseline_laissez_faire,-99.39851582749733,-38.11484137180636,76.75188166493614,74.49695318395936,1,0,0.013150599385749199,79.13005342065473
discretized_contextual,0,4,7,70,79,1.0,0.10465489259837113,0.003313891737778689,0.5833333333333334,11,strong_marine_reserve,1.047597939801151,-39.89289211889993,130.49889983040612,126.4340159306353,0,,0.013882021329841229,134.72957893335678
linucb,0,4,8,80,89,1.0,0.06551484834680903,0.00131505993857492,0.6666666666666666,10,moderate_marine_reserve,-99.33502989489409,-17.364620764307485,81.88016710442682,79.1896915008854,1,0,0.005508837210703079,84.65183540579945
contextual_thompson,0,4,8,80,89,1.0,0.06594171118387894,0.00131505993857492,0.6666666666666666,3,moderate_taxation,-99.32917644012014,-15.466610441390367,82.35482043854849,79.69262847017613,1,0,0.005508837210703079,85.10631761738338
discretized_contextual,0,4,8,80,89,1.0,0.11227464911113065,0.001388202132984123,0.6666666666666666,7,weak_capacity_control,1.1575870603411686,-10.50023293323018,140.17047519292785,135.67746187948936,0,,0.005815232706767337,144.81845012598436
linucb,0,4,9,90,99,1.0,0.07054319617149954,0.0005508837210703079,0.75,1,baseline_laissez_faire,-99.27086858974653,-6.257016453631929,88.24661120485386,85.28581725740713,1,0,0.002307673325286836,91.2840392724671
contextual_thompson,0,4,9,90,99,1.0,0.07092193134781949,0.0005508837210703079,0.75,4,high_taxation,-99.26690323298536,-6.23905224243761,88.7202983108495,85.74368710012348,1,0,0.002307673325286836,91.77395030130799
discretized_contextual,0,4,9,90,99,1.0,0.12068204177165363,0.0005815232706767338,0.75,7,weak_capacity_control,1.253829747530511,-3.9362481748500047,150.93191948464332,145.89614537558938,0,,0.002436023589818483,156.09953019834103
linucb,0,4,10,100,109,1.0,0.07607003272705591,0.00023076733252868362,0.8333333333333334,1,baseline_laissez_faire,-99.20896840419667,-2.5105150074681086,95.22505329729591,91.9820501017422,1,0,0.0009666933279302226,98.54213231794566
contextual_thompson,0,4,10,100,109,1.0,0.07647829191775667,0.00023076733252868362,0.8333333333333334,4,high_taxation,-99.20470235851049,-2.5023992041592287,95.73600488324023,92.47568854132408,1,0,0.0009666933279302226,99.070788980817
discretized_contextual,0,4,10,100,109,1.0,0.13008294183195085,0.0002436023589818483,0.8333333333333334,7,weak_capacity_control,1.3552897408976432,-1.434418001339793,162.80689906787796,157.2873938448228,0,,0.001020459752753545,168.45267569417695
linucb,0,4,11,110,119,1.0,0.08211844359828804,9.666933279302226e-05,0.9166666666666666,1,baseline_laissez_faire,-99.14412830971722,-1.000192899535706,102.8246259818782,99.30195188566664,1,0,0.0004049515934620661,106.4233260021004
contextual_thompson,0,4,11,110,119,1.0,0.0825589908173475,9.666933279302226e-05,0.9166666666666666,1,baseline_laissez_faire,-99.13952861456788,-0.9963087263004071,103.37612329901044,99.83466298915347,1,0,0.0004049515934620661,106.99401058785513
discretized_contextual,0,4,11,110,119,1.0,0.14037722974514746,0.00010204597527535451,0.9166666666666666,7,weak_capacity_control,1.4640065232266992,-0.5028728526872472,175.74112752952638,169.74590873302145,0,,0.0004274745578582105,181.8652694519086
linucb,0,5,0,0,9,1.0,0.8333333333333334,0.1,0.0,5,hard_capacity_control,10.490521369403732,3448.0349987194627,845.0983644821124,685.0617923614428,0,,2.0946658360156425,685.0617923614428
contextual_thompson,0,5,0,0,9,1.0,0.8333333333333334,0.1,0.0,5,hard_capacity_control,10.490521369403732,3448.0349987194627,845.0983644821124,685.0617923614428,0,,2.0946658360156425,685.0617923614428
discretized_contextual,0,5,0,0,9,1.0,0.8333333333333334,0.1,0.0,3,moderate_taxation,10.118290610614807,2917.3699619718477,864.1104778371554,739.8811269985001,0,,1.4853708961653926,739.8811269985001
linucb,0,5,1,10,19,1.0,0.570884826967869,0.20946658360156425,0.08333333333333333,5,hard_capacity_control,7.172915297017182,3721.5387171817497,414.165189580252,210.99693960739452,0,,2.433656061354898,210.99693960739452
contextual_thompson,0,5,1,10,19,1.0,0.570884826967869,0.20946658360156425,0.08333333333333333,5,hard_capacity_control,7.172915297017182,3721.5387171817497,414.165189580252,210.99693960739452,0,,2.433656061354898,210.99693960739452
discretized_contextual,0,5,1,10,19,1.0,0.6165676058320835,0.14853708961653928,0.08333333333333333,3,moderate_taxation,8.091235544999945,3463.7698951987013,555.2958779761493,396.1874607197347,0,,1.852135913276932,396.1874607197347
linucb,0,5,2,20,29,1.0,0.1758307830061621,0.2433656061354898,0.16666666666666666,5,hard_capacity_control,-50.58587411208708,-1652.3190888752126,127.9733972145757,92.3055313030015,1,5,1.0194679858754725,92.3055313030015
contextual_thompson,0,5,2,20,29,1.0,0.1758307830061621,0.2433656061354898,0.16666666666666666,5,hard_capacity_control,-50.58587411208708,-1652.3190888752126,127.9733972145757,92.3055313030015,1,5,1.0194679858754725,92.3055313030015
discretized_contextual,0,5,2,20,29,1.0,0.33015621726644556,0.1852135913276932,0.16666666666666666,1,baseline_laissez_faire,2.8210803381188847,721.2872290077132,251.97517309334054,176.85306463235398,0,,1.0894489342778275,176.85306463235398
linucb,0,5,3,30,39,1.0,0.07692127608583459,0.10194679858754725,0.25,5,hard_capacity_control,-100.55626119379933,-1199.919120068375,77.23895115228476,69.61524112997978,1,0,0.42705910285711063,69.61524112997978
contextual_thompson,0,5,3,30,39,1.0,0.07692127608583459,0.10194679858754725,0.25,5,hard_capacity_control,-100.55626119379933,-1199.919120068375,77.23895115228476,69.61524112997978,1,0,0.42705910285711063,69.61524112997978
discretized_contextual,0,5,3,30,39,1.0,0.14737755386029497,0.10894489342778275,0.25,10,moderate_marine_reserve,0.3102082432866408,-974.5853537332306,154.17523164238455,142.80845831410863,0,,0.45637439422070825,142.80845831410863
linucb,0,5,4,40,49,1.0,0.058012700941649814,0.042705910285711066,0.3333333333333333,5,hard_capacity_control,-99.99275753515425,-544.7100541464667,66.23430227906685,64.81157573410937,1,0,0.17889671854334988,64.81157573410937
contextual_thompson,0,5,4,40,49,1.0,0.058012700941649814,0.042705910285711066,0.3333333333333333,5,hard_capacity_control,-99.99275753515425,-544.7100541464667,66.23430227906685,64.81157573410937,1,0,0.17889671854334988,64.81157573410937
discretized_contextual,0,5,4,40,49,1.0,0.11900704859509052,0.045637439422070825,0.3333333333333333,11,strong_marine_reserve,0.6438093171592234,-526.5198308228089,140.43949775784387,139.86911992496496,0,,0.1911770080700306,140.24662093314902
linucb,0,5,5,50,59,1.0,0.05400964644509114,0.017889671854334988,0.4166666666666667,7,weak_capacity_control,-99.6886091012348,-230.8885876618605,65.07353837124532,64.70802322165552,1,0,0.074940530927605,65.81291244353963
contextual_thompson,0,5,5,50,59,1.0,0.05400964644509114,0.017889671854334988,0.4166666666666667,11,strong_marine_reserve,-99.71197404468631,-262.73424069429916,66.091223520959,64.96751845301627,1,0,0.074940530927605,67.47117386730665
discretized_contextual,0,5,5,50,59,1.0,0.11687218411095751,0.01911770080700306,0.4166666666666667,11,strong_marine_reserve,0.9698860918889908,-219.80031187596776,142.76236845179503,140.52799123051832,0,,0.08008479195468003,145.58235327469276
linucb,0,5,6,60,69,1.0,0.054844093702949695,0.0074940530927604995,0.5,11,strong_marine_reserve,-99.54265279116433,-109.53735576405228,68.02614775196672,66.17648679781846,1,0,0.03139287976570931,70.01187009473206
contextual_thompson,0,5,6,60,69,1.0,0.05622597822275554,0.0074940530927604995,0.5,7,weak_capacity_control,-99.51734957730199,-94.74963688104943,69.28800714948845,67.74273592749914,1,0,0.03139287976570931,71.03338484039924
discretized_contextual,0,5,6,60,69,1.0,0.12131862772891064,0.008008479195468004,0.5,11,strong_marine_reserve,1.1631621582886331,-89.7496866000365,150.34942138664036,146.35929673034667,0,,0.033547830710244225,154.6527175355306
linucb,0,5,7,70,79,1.0,0.058343225078943385,0.0031392879765709306,0.5833333333333334,10,moderate_marine_reserve,-99.43707626645505,-42.93076608896954,72.70253995607021,70.47350003907128,1,0,0.013150599385749199,75.03197858994926
contextual_thompson,0,5,7,70,79,1.0,0.059194487366999365,0.0031392879765709306,0.5833333333333334,3,moderate_taxation,-99.42514143905552,-38.788903452376346,73.63769572762186,71.47384572427126,1,0,0.013150599385749199,75.91981109655678
discretized_contextual,0,5,7,70,79,1.0,0.12887726461294216,0.0033547830710244225,0.5833333333333334,11,strong_marine_reserve,1.3028297381708425,-36.19817759283709,160.68334989164154,155.69339522710445,0,,0.01405331671461545,165.87806824634401
linucb,0,5,8,80,89,1.0,0.06252664882495772,0.00131505993857492,0.6666666666666666,4,high_taxation,-99.36509875769234,-15.852841646033552,78.09049007444389,75.56554649928508,1,0,0.005508837210703079,80.70015057911567
contextual_thompson,0,5,8,80,89,1.0,0.06326650924713065,0.00131505993857492,0.6666666666666666,1,baseline_laissez_faire,-99.35731626409735,-15.76916567214494,79.01434818897638,76.4596644813359,1,0,0.005508837210703079,81.65474319955
discretized_contextual,0,5,8,80,89,1.0,0.13823172353862,0.001405331671461545,0.6666666666666666,7,weak_capacity_control,1.430688746368019,-7.243940016235956,172.5519223661106,167.04019230014586,0,,0.005886989009425947,178.25548452370262
linucb,0,5,9,90,99,1.0,0.06725012548259639,0.0005508837210703079,0.75,1,baseline_laissez_faire,-99.30534739219001,-6.4132148843790135,84.12789872332455,81.30467000638534,1,0,0.002307673325286836,87.02422354638466
contextual_thompson,0,5,9,90,99,1.0,0.06804561933295833,0.0005508837210703079,0.75,10,moderate_marine_reserve,-99.2976130105706,-7.181961784182433,85.1482741456303,82.27200372192894,1,0,0.002307673325286836,88.09522815708037
discretized_contextual,0,5,9,90,99,1.0,0.1485462371030855,0.0005886989009425946,0.75,7,weak_capacity_control,1.545544059263132,-2.460104558175077,185.76049965855682,179.57832555163068,0,,0.0024660825839823972,192.1049385958731
linucb,0,5,10,100,109,1.0,0.07252018628865388,0.00023076733252868362,0.8333333333333334,1,baseline_laissez_faire,-99.24606242843831,-2.5810831127921325,90.78223856093979,87.68981580962827,1,0,0.0009666933279302226,93.9453267469314
contextual_thompson,0,5,10,100,109,1.0,0.07341269013090031,0.00023076733252868362,0.8333333333333334,10,moderate_marine_reserve,-99.23700514303914,-2.9281415061279987,91.91075981603943,88.77151372005838,1,0,0.0009666933279302226,95.1200547362658
discretized_contextual,0,5,10,100,109,1.0,0.16008744882989426,0.0002466082583982397,0.8333333333333334,7,weak_capacity_control,1.6687369728690171,-0.7636278250765878,200.34007208329123,193.5633844364489,0,,0.0010330515822747095,207.2716011354446
linucb,0,5,11,110,119,1.0,0.0782877722891095,9.666933279302226e-05,0.9166666666666666,3,moderate_taxation,-99.18412364905133,-1.0330352773805067,98.02912634712636,94.66988209435564,1,0,0.0004049515934620661,101.46091936811898
contextual_thompson,0,5,11,110,119,1.0,0.0792667122802215,9.666933279302226e-05,0.9166666666666666,1,baseline_laissez_faire,-99.17390274087663,-1.0247764085628204,99.25464426383402,95.85362364008995,1,0,0.0004049515934620661,102.72910332442868
discretized_contextual,0,5,11,110,119,1.0,0.17272633427953715,0.00010330515822747095,0.9166666666666666,7,weak_capacity_control,1.8016269750991722,-0.19628182641268094,216.21879083107018,208.85926209926498,0,,0.00043274932420020625,223.73608147381947
linucb,0,6,0,0,9,1.0,0.8333333333333334,0.1,0.0,5,hard_capacity_control,10.490521369403732,3448.0349987194627,845.0983644821124,685.0617923614428,0,,2.0946658360156425,685.0617923614428
contextual_thompson,0,6,0,0,9,1.0,0.8333333333333334,0.1,0.0,5,hard_capacity_control,10.490521369403732,3448.0349987194627,845.0983644821124,685.0617923614428,0,,2.0946658360156425,685.0617923614428
discretized_contextual,0,6,0,0,9,1.0,0.8333333333333334,0.1,0.0,1,baseline_laissez_faire,10.490521369403732,3448.0349987194627,845.0983644821124,685.0617923614428,0,,2.0946658360156425,685.0617923614428
linucb,0,6,1,10,19,1.0,0.570884826967869,0.20946658360156425,0.08333333333333333,5,hard_capacity_control,7.172915297017182,3721.5387171817497,414.165189580252,210.99693960739452,0,,2.433656061354898,210.99693960739452
contextual_thompson,0,6,1,10,19,1.0,0.570884826967869,0.20946658360156425,0.08333333333333333,5,hard_capacity_control,7.172915297017182,3721.5387171817497,414.165189580252,210.99693960739452,0,,2.433656061354898,210.99693960739452
discretized_contextual,0,6,1,10,19,1.0,0.570884826967869,0.20946658360156425,0.08333333333333333,11,strong_marine_reserve,5.86776241183656,1687.8860746752352,501.58516045935914,386.3789228646541,0,,1.5375207433081963,386.3789228646541
linucb,0,6,2,20,29,1.0,0.1758307830061621,0.2433656061354898,0.16666666666666666,5,hard_capacity_control,-50.58587411208708,-1652.3190888752126,127.9733972145757,92.3055313030015,1,5,1.0194679858754725,92.3055313030015
contextual_thompson,0,6,2,20,29,1.0,0.1758307830061621,0.2433656061354898,0.16666666666666666,5,hard_capacity_control,-50.58587411208708,-1652.3190888752126,127.9733972145757,92.3055313030015,1,5,1.0194679858754725,92.3055313030015
discretized_contextual,0,6,2,20,29,1.0,0.3219824357205451,0.15375207433081964,0.16666666666666666,11,strong_marine_reserve,2.341160885081542,-383.67686710212695,326.98053026204025,297.0676424360814,0,,0.6440734170750125,297.0676424360814
linucb,0,6,3,30,39,1.0,0.07692127608583459,0.10194679858754725,0.25,5,hard_capacity_control,-100.55626119379933,-1199.919120068375,77.23895115228476,69.61524112997978,1,0,0.42705910285711063,69.61524112997978
contextual_thompson,0,6,3,30,39,1.0,0.07692127608583459,0.10194679858754725,0.25,5,hard_capacity_control,-100.55626119379933,-1199.919120068375,77.23895115228476,69.61524112997978,1,0,0.42705910285711063,69.61524112997978
discretized_contextual,0,6,3,30,39,1.0,0.24755636869673453,0.06440734170750126,0.25,3,moderate_taxation,2.3907088698857826,186.7935058464774,264.4698436847166,246.39030182137273,0,,0.32648715674184386,246.39030182137273
linucb,0,6,4,40,49,1.0,0.058012700941649814,0.042705910285711066,0.3333333333333333,7,weak_capacity_control,-99.99275753515425,-544.7100541464667,66.23430227906685,64.81157573410937,1,0,0.17889671854334988,64.81157573410937
contextual_thompson,0,6,4,40,49,1.0,0.058012700941649814,0.042705910285711066,0.3333333333333333,7,weak_capacity_control,-99.99275753515425,-544.7100541464667,66.23430227906685,64.81157573410937,1,0,0.17889671854334988,64.81157573410937
discretized_contextual,0,6,4,40,49,1.0,0.20532525151781061,0.032648715674184384,0.3333333333333333,11,strong_marine_reserve,1.8261676624414638,-224.66120034526992,246.09946353440802,245.2435394165595,0,,0.1367667393035449,248.0867003880003
linucb,0,6,5,50,59,1.0,0.05400964644509114,0.017889671854334988,0.4166666666666667,11,strong_marine_reserve,-99.71197404468631,-262.73424069429916,66.091223520959,64.96751845301627,1,0,0.074940530927605,67.47117386730665
contextual_thompson,0,6,5,50,59,1.0,0.05400964644509114,0.017889671854334988,0.4166666666666667,4,high_taxation,-99.6886091012348,-230.8885876618605,65.07353837124532,64.70802322165552,1,0,0.074940530927605,65.81291244353963
discretized_contextual,0,6,5,50,59,1.0,0.20673891699000027,0.013676673930354492,0.4166666666666667,11,strong_marine_reserve,2.0275476126201037,-90.2532479221249,254.13610326506745,248.95025258802582,0,,0.057292118827553515,260.1198009611852
linucb,0,6,6,60,69,1.0,0.05622597822275554,0.0074940530927604995,0.5,3,moderate_taxation,-99.51734957730199,-94.74963688104943,69.28800714948845,67.74273592749914,1,0,0.03139287976570931,71.03338484039924
contextual_thompson,0,6,6,60,69,1.0,0.054844093702949695,0.0074940530927604995,0.5,11,strong_marine_reserve,-99.54265279116433,-109.53735576405228,68.02614775196672,66.17648679781846,1,0,0.03139287976570931,70.01187009473206
discretized_contextual,0,6,6,60,69,1.0,0.21676650080098767,0.005729211882755351,0.5,11,strong_marine_reserve,2.209883439848986,-34.11985204374536,269.28039502712784,261.6573374612608,0,,0.023999891322008242,277.3567726060488
linucb,0,6,7,70,79,1.0,0.059194487366999365,0.0031392879765709306,0.5833333333333334,1,baseline_laissez_faire,-99.42514143905552,-38.788903452376346,73.63769572762186,71.47384572427126,1,0,0.013150599385749199,75.91981109655678
contextual_thompson,0,6,7,70,79,1.0,0.058343225078943385,0.0031392879765709306,0.5833333333333334,1,baseline_laissez_faire,-99.43419388707535,-39.01807732477688,72.57890282993223,70.44602661132059,1,0,0.013150599385749199,74.82835153834093
discretized_contextual,0,6,7,70,79,1.0,0.231130643838374,0.002399989132200824,0.5833333333333334,11,strong_marine_reserve,2.3908401668939607,-12.281905801411945,288.3746487234447,279.27555519325506,0,,0.010053647783596954,297.7879155564187
linucb,0,6,8,80,89,1.0,0.06326650924713065,0.00131505993857492,0.6666666666666666,4,high_taxation,-99.35731626409735,-15.76916567214494,79.01434818897638,76.4596644813359,1,0,0.005508837210703079,81.65474319955
contextual_thompson,0,6,8,80,89,1.0,0.062356959615284105,0.00131505993857492,0.6666666666666666,10,moderate_marine_reserve,-99.36818139927084,-17.632618533837487,77.93414631156045,75.37277823332587,1,0,0.005508837210703079,80.57282789810887
discretized_contextual,0,6,8,80,89,1.0,0.24815659629701556,0.0010053647783596954,0.6666666666666666,7,weak_capacity_control,2.587703342420701,6.3290097489852,309.76491992060585,299.90432711438694,0,,0.007134988349069331,319.8658148210131
linucb,0,6,9,90,99,1.0,0.06804561933295833,0.0005508837210703079,0.75,1,baseline_laissez_faire,-99.29701842780796,-6.375482473811152,85.12284655990278,82.26638093833184,1,0,0.002307673325286836,88.05326330362318
contextual_thompson,0,6,9,90,99,1.0,0.06714402324842406,0.0005508837210703079,0.75,1,baseline_laissez_faire,-99.30645830458184,-6.418247607243256,83.9951931630493,81.1763978341745,1,0,0.002307673325286836,86.88697053983722
discretized_contextual,0,6,9,90,99,1.0,0.2665548456841776,0.0007134988349069331,0.75,4,high_taxation,2.780164371243415,5.453046853859258,332.96535892674666,322.1826295840898,0,,0.0045469450787535524,344.00431926424244
linucb,0,6,10,100,109,1.0,0.07337771941968599,0.00023076733252868362,0.8333333333333334,10,moderate_marine_reserve,-99.23737044227484,-2.9286629474383967,91.86698648071192,88.72922825230722,1,0,0.0009666933279302226,95.07476062868929
contextual_thompson,0,6,10,100,109,1.0,0.07240580878319769,0.00023076733252868362,0.8333333333333334,1,baseline_laissez_faire,-99.24725762544915,-2.5833568622613683,90.63908776957364,87.55151801214913,1,0,0.0009666933279302226,93.79721300224062
discretized_contextual,0,6,10,100,109,1.0,0.28667026605353535,0.0004546945078753552,0.8333333333333334,3,moderate_taxation,2.99013767577452,4.671055942154281,358.25599437988393,346.53498374889654,0,,0.003568825097797136,370.2196331917568
linucb,0,6,11,110,119,1.0,0.07922896719057441,9.666933279302226e-05,0.9166666666666666,1,baseline_laissez_faire,-99.17429682977229,-1.025096370982992,99.20739199184392,95.8079820172101,1,0,0.0004049515934620661,102.68020613933598
contextual_thompson,0,6,11,110,119,1.0,0.07816434416853385,9.666933279302226e-05,0.9166666666666666,1,baseline_laissez_faire,-99.1854123333859,-1.0340689301372785,97.87460826531037,94.52063180783914,1,0,0.0004049515934620661,101.30102108171343
discretized_contextual,0,6,11,110,119,1.0,0.3085163609931307,0.0003568825097797136,0.9166666666666666,7,weak_capacity_control,3.2181631008812204,5.1209446112736625,385.56505875239367,372.95258557073606,0,,0.003920038323340897,398.4058491739052
linucb,0,7,0,0,9,1.0,0.8333333333333334,0.1,0.0,5,hard_capacity_control,10.490521369403732,3448.0349987194627,845.0983644821124,685.0617923614428,0,,2.0946658360156425,685.0617923614428
contextual_thompson,0,7,0,0,9,1.0,0.8333333333333334,0.1,0.0,5,hard_capacity_control,10.490521369403732,3448.0349987194627,845.0983644821124,685.0617923614428,0,,2.0946658360156425,685.0617923614428
discretized_contextual,0,7,0,0,9,1.0,0.8333333333333334,0.1,0.0,1,baseline_laissez_faire,10.490521369403732,3448.0349987194627,845.0983644821124,685.0617923614428,0,,2.0946658360156425,685.0617923614428
linucb,0,7,1,10,19,1.0,0.570884826967869,0.20946658360156425,0.08333333333333333,5,hard_capacity_control,7.172915297017182,3721.5387171817497,414.165189580252,210.99693960739452,0,,2.433656061354898,210.99693960739452
contextual_thompson,0,7,1,10,19,1.0,0.570884826967869,0.20946658360156425,0.08333333333333333,5,hard_capacity_control,7.172915297017182,3721.5387171817497,414.165189580252,210.99693960739452,0,,2.433656061354898,210.99693960739452
discretized_contextual,0,7,1,10,19,1.0,0.570884826967869,0.20946658360156425,0.08333333333333333,4,high_taxation,7.324214420796293,3594.777460708412,447.5324352105458,278.56464632792336,0,,1.8461516924318044,278.56464632792336
linucb,0,7,2,20,29,1.0,0.1758307830061621,0.2433656061354898,0.16666666666666666,5,hard_capacity_control,-50.58587411208708,-1652.3190888752126,127.9733972145757,92.3055313030015,1,5,1.0194679858754725,92.3055313030015
contextual_thompson,0,7,2,20,29,1.0,0.1758307830061621,0.2433656061354898,0.16666666666666666,5,hard_capacity_control,-50.58587411208708,-1652.3190888752126,127.9733972145757,92.3055313030015,1,5,1.0194679858754725,92.3055313030015
discretized_contextual,0,7,2,20,29,1.0,0.23213720527326948,0.18461516924318044,0.16666666666666666,3,moderate_taxation,1.1968554466780579,-380.7187596209983,189.30890475588677,147.72801219854847,0,,0.8000604669676821,147.72801219854847
linucb,0,7,3,30,39,1.0,0.07692127608583459,0.10194679858754725,0.25,5,hard_capacity_control,-100.55626119379933,-1199.919120068375,77.23895115228476,69.61524112997978,1,0,0.42705910285711063,69.61524112997978
contextual_thompson,0,7,3,30,39,1.0,0.07692127608583459,0.10194679858754725,0.25,5,hard_capacity_control,-100.55626119379933,-1199.919120068375,77.23895115228476,69.61524112997978,1,0,0.42705910285711063,69.61524112997978
discretized_contextual,0,7,3,30,39,1.0,0.12310667683212373,0.08000604669676821,0.25,11,strong_marine_reserve,0.23554786457101923,-922.1564707363017,138.92452023687852,134.95282298470508,0,,0.3351484401555249,134.95282298470508
linucb,0,7,4,40,49,1.0,0.058012700941649814,0.042705910285711066,0.3333333333333333,5,hard_capacity_control,-99.99275753515425,-544.7100541464667,66.23430227906685,64.81157573410937,1,0,0.17889671854334988,64.81157573410937
contextual_thompson,0,7,4,40,49,1.0,0.058012700941649814,0.042705910285711066,0.3333333333333333,5,hard_capacity_control,-99.99275753515425,-544.7100541464667,66.23430227906685,64.81157573410937,1,0,0.17889671854334988,64.81157573410937
discretized_contextual,0,7,4,40,49,1.0,0.11246068582058756,0.03351484401555249,0.3333333333333333,11,strong_marine_reserve,0.7281511222706669,-395.39993217969595,134.82612653404354,134.34792168798919,0,,0.14039498459960623,135.94288526519782
linucb,0,7,5,50,59,1.0,0.05400964644509114,0.017889671854334988,0.4166666666666667,10,moderate_marine_reserve,-99.70314335768461,-250.70780732882506,65.7077339573038,64.88055911634785,1,0,0.074940530927605,66.84500072813736
contextual_thompson,0,7,5,50,59,1.0,0.05400964644509114,0.017889671854334988,0.4166666666666667,3,moderate_taxation,-99.6886091012348,-230.8885876618605,65.07353837124532,64.70802322165552,1,0,0.074940530927605,65.81291244353963
discretized_contextual,0,7,5,50,59,1.0,0.11328573772099818,0.014039498459960623,0.4166666666666667,11,strong_marine_reserve,0.9972484693847351,-163.5859137847847,139.3001259803424,136.42296859674676,0,,0.0588120048882726,142.6179841569826
linucb,0,7,6,60,69,1.0,0.055704167273447805,0.0074940530927604995,0.5,7,weak_capacity_control,-99.52304043869144,-95.08271271320054,68.6450728826119,67.11405996904472,1,0,0.03139287976570931,70.37433883438834
contextual_thompson,0,7,6,60,69,1.0,0.054844093702949695,0.0074940530927604995,0.5,7,weak_capacity_control,-99.53242042209965,-95.63170556904626,67.58535401632729,66.07784570581023,1,0,0.03139287976570931,69.28806030275011
discretized_contextual,0,7,6,60,69,1.0,0.11884832013081884,0.00588120048882726,0.5,1,baseline_laissez_faire,1.1828009525549052,-41.36217781820552,146.89957564477328,143.29252120404823,0,,0.02463657750198508,150.8646909741182
linucb,0,7,7,70,79,1.0,0.058645282361990285,0.0031392879765709306,0.5833333333333334,1,baseline_laissez_faire,-99.43098176070217,-38.93675842699948,72.95459972697965,70.81073245792962,1,0,0.013150599385749199,75.21564020287624
contextual_thompson,0,7,7,70,79,1.0,0.05774005025229176,0.0031392879765709306,0.5833333333333334,10,moderate_marine_reserve,-99.4434607445863,-43.05270480126873,71.9510352257958,69.74493863458405,1,0,0.013150599385749199,74.25649829824437
discretized_contextual,0,7,7,70,79,1.0,0.12572057581176516,0.0024636577501985077,0.5833333333333334,11,strong_marine_reserve,1.2807867608351418,-26.970290489373088,156.9308461589418,151.92044847626195,0,,0.010320358099751643,162.11741690979548
linucb,0,7,8,80,89,1.0,0.06267970016906353,0.00131505993857492,0.6666666666666666,3,moderate_taxation,-99.36348882825894,-15.835531982610638,78.28160444684137,75.75050841197817,1,0,0.005508837210703079,80.89762312784586
contextual_thompson,0,7,8,80,89,1.0,0.06188041524853697,0.00131505993857492,0.6666666666666666,4,high_taxation,-99.37189642941149,-15.925928904125097,77.28353993911497,74.78457560045044,1,0,0.005508837210703079,79.86635251475963
discretized_contextual,0,7,8,80,89,1.0,0.13509784742482955,0.0010320358099751644,0.6666666666666666,7,weak_capacity_control,1.4009118863230068,-5.612149713471133,168.78288432437736,163.28476211888184,0,,0.004323238132347212,174.45030285750545
linucb,0,7,9,90,99,1.0,0.06741468593987156,0.0005508837210703079,0.75,4,high_taxation,-99.30362441139614,-6.40540933017989,84.33371975208553,81.50361515248763,1,0,0.002307673325286836,87.23709734977147
contextual_thompson,0,7,9,90,99,1.0,0.06655529376229968,0.0005508837210703079,0.75,1,baseline_laissez_faire,-99.31262243645052,-6.446172715293665,83.25884835177345,80.46465376336725,1,0,0.002307673325286836,86.12539204076243
discretized_contextual,0,7,9,90,99,1.0,0.14537525238125454,0.00043232381323472124,0.75,7,weak_capacity_control,1.5135738484822898,-1.9325725916742151,181.8607705288757,175.7593378657623,0,,0.0018110212618911736,188.1128646886138
linucb,0,7,10,100,109,1.0,0.07269758112480956,0.00023076733252868362,0.8333333333333334,1,baseline_laissez_faire,-99.24420872825125,-2.5775566223014654,91.00425940452631,87.90431000999237,1,0,0.0009666933279302226,94.17504476703748
contextual_thompson,0,7,10,100,109,1.0,0.07177116003396869,0.00023076733252868362,0.8333333333333334,4,high_taxation,-99.25388945300206,-2.595973279765393,89.84478243332404,86.78414197554069,1,0,0.0009666933279302226,92.97536814683787
discretized_contextual,0,7,10,100,109,1.0,0.15676072057384483,0.00018110212618911736,0.8333333333333334,7,weak_capacity_control,1.6344477213694368,-0.6167533783177722,196.20773696973052,189.5477285621112,0,,0.0007586438476478741,203.0157522983923
linucb,0,7,11,110,119,1.0,0.07847920397253123,9.666933279302226e-05,0.9166666666666666,1,baseline_laissez_faire,-99.18212495166755,-1.0314262079431191,98.26877694484806,94.90136280557498,1,0,0.0004049515934620661,101.70891400400329
contextual_thompson,0,7,11,110,119,1.0,0.07747947345569822,9.666933279302226e-05,0.9166666666666666,1,baseline_laissez_faire,-99.19256291363534,-1.039791790849197,97.01722537866276,93.69248024369655,1,0,0.0004049515934620661,100.41378253777096
discretized_contextual,0,7,11,110,119,1.0,0.1691797935819936,7.586438476478742e-05,0.9166666666666666,7,weak_capacity_control,1.7647849242440294,-0.16957966795429247,211.79454046943803,204.57408635526437,0,,0.0003177988572994212,219.1679387129405
linucb,0,8,0,0,9,1.0,0.8333333333333334,0.1,0.0,5,hard_capacity_control,10.490521369403732,3448.0349987194627,845.0983644821124,685.0617923614428,0,,2.0946658360156425,685.0617923614428
contextual_thompson,0,8,0,0,9,1.0,0.8333333333333334,0.1,0.0,5,hard_capacity_control,10.490521369403732,3448.0349987194627,845.0983644821124,685.0617923614428,0,,2.0946658360156425,685.0617923614428
discretized_contextual,0,8,0,0,9,1.0,0.8333333333333334,0.1,0.0,1,baseline_laissez_faire,10.490521369403732,3448.0349987194627,845.0983644821124,685.0617923614428,0,,2.0946658360156425,685.0617923614428
linucb,0,8,1,10,19,1.0,0.570884826967869,0.20946658360156425,0.08333333333333333,5,hard_capacity_control,7.172915297017182,3721.5387171817497,414.165189580252,210.99693960739452,0,,2.433656061354898,210.99693960739452
contextual_thompson,0,8,1,10,19,1.0,0.570884826967869,0.20946658360156425,0.08333333333333333,5,hard_capacity_control,7.172915297017182,3721.5387171817497,414.165189580252,210.99693960739452,0,,2.433656061354898,210.99693960739452
discretized_contextual,0,8,1,10,19,1.0,0.570884826967869,0.20946658360156425,0.08333333333333333,1,baseline_laissez_faire,7.172915297017182,3721.5387171817497,414.165189580252,210.99693960739452,0,,2.433656061354898,210.99693960739452
linucb,0,8,2,20,29,1.0,0.1758307830061621,0.2433656061354898,0.16666666666666666,5,hard_capacity_control,-50.58587411208708,-1652.3190888752126,127.9733972145757,92.3055313030015,1,5,1.0194679858754725,92.3055313030015
contextual_thompson,0,8,2,20,29,1.0,0.1758307830061621,0.2433656061354898,0.16666666666666666,5,hard_capacity_control,-50.58587411208708,-1652.3190888752126,127.9733972145757,92.3055313030015,1,5,1.0194679858754725,92.3055313030015
discretized_contextual,0,8,2,20,29,1.0,0.1758307830061621,0.2433656061354898,0.16666666666666666,3,moderate_taxation,-50.58587411208708,-1652.3190888752126,127.9733972145757,92.3055313030015,1,5,1.0194679858754725,92.3055313030015
linucb,0,8,3,30,39,1.0,0.07692127608583459,0.10194679858754725,0.25,5,hard_capacity_control,-100.55626119379933,-1199.919120068375,77.23895115228476,69.61524112997978,1,0,0.42705910285711063,69.61524112997978
contextual_thompson,0,8,3,30,39,1.0,0.07692127608583459,0.10194679858754725,0.25,5,hard_capacity_control,-100.55626119379933,-1199.919120068375,77.23895115228476,69.61524112997978,1,0,0.42705910285711063,69.61524112997978
discretized_contextual,0,8,3,30,39,1.0,0.07692127608583459,0.10194679858754725,0.25,3,moderate_taxation,-100.55626119379933,-1199.919120068375,77.23895115228476,69.61524112997978,1,0,0.42705910285711063,69.61524112997978
linucb,0,8,4,40,49,1.0,0.058012700941649814,0.042705910285711066,0.3333333333333333,11,strong_marine_reserve,-100.0486177066229,-621.3964115117823,68.73344458666753,68.51515841036272,1,0,0.17889671854334988,68.8084742455193
contextual_thompson,0,8,4,40,49,1.0,0.058012700941649814,0.042705910285711066,0.3333333333333333,11,strong_marine_reserve,-100.0486177066229,-621.3964115117823,68.73344458666753,68.51515841036272,1,0,0.17889671854334988,68.8084742455193
discretized_contextual,0,8,4,40,49,1.0,0.058012700941649814,0.042705910285711066,0.3333333333333333,11,strong_marine_reserve,-100.0486177066229,-621.3964115117823,68.73344458666753,68.51515841036272,1,0,0.17889671854334988,68.8084742455193
linucb,0,8,5,50,59,1.0,0.05734039520459942,0.017889671854334988,0.4166666666666667,4,high_taxation,-99.65017882208612,-225.89513561319743,69.0859576232515,68.69830683673841,1,0,0.074940530927605,69.87039832804552
contextual_thompson,0,8,5,50,59,1.0,0.05734039520459942,0.017889671854334988,0.4166666666666667,7,weak_capacity_control,-99.65017882208612,-225.89513561319743,69.0859576232515,68.69830683673841,1,0,0.074940530927605,69.87039832804552
discretized_contextual,0,8,5,50,59,1.0,0.05734039520459942,0.017889671854334988,0.4166666666666667,11,strong_marine_reserve,-99.6749845958924,-259.7044841908356,70.16638659581302,68.97391928456608,1,0,0.074940530927605,71.63088194905106
linucb,0,8,6,60,69,1.0,0.058225331940037935,0.0074940530927604995,0.5,3,moderate_taxation,-99.49554481041929,-93.47344064987121,71.75143562767147,70.15154708409521,1,0,0.03139287976570931,73.55853154911993
contextual_thompson,0,8,6,60,69,1.0,0.058225331940037935,0.0074940530927604995,0.5,10,moderate_marine_reserve,-99.50232096285787,-102.683917582306,72.04355456693222,70.21699864343056,1,0,0.03139287976570931,74.03795437759472
discretized_contextual,0,8,6,60,69,1.0,0.05969240162420922,0.0074940530927604995,0.5,11,strong_marine_reserve,-99.49068211222293,-107.6718018855299,74.03876275951077,72.02642322884442,1,0,0.03139287976570931,76.1991487765054
linucb,0,8,7,70,79,1.0,0.06129877629093328,0.0031392879765709306,0.5833333333333334,1,baseline_laissez_faire,-99.40276430664258,-38.222397354864,76.25497088547482,74.01457286438503,1,0,0.013150599385749199,78.61781801617083
contextual_thompson,0,8,7,70,79,1.0,0.06169829531466226,0.0031392879765709306,0.5833333333333334,1,baseline_laissez_faire,-99.39851582749733,-38.11484137180636,76.75188166493614,74.49695318395936,1,0,0.013150599385749199,79.13005342065473
discretized_contextual,0,8,7,70,79,1.0,0.06349929064708783,0.0031392879765709306,0.5833333333333334,11,strong_marine_reserve,-99.38438766096684,-44.44851935389345,79.20730300644611,76.71931951954082,1,0,0.013150599385749199,81.79397919308656
linucb,0,8,8,80,89,1.0,0.06551484834680903,0.00131505993857492,0.6666666666666666,1,baseline_laissez_faire,-99.33366648216396,-15.514886804273539,81.82180855683674,79.176768108019,1,0,0.005508837210703079,84.55558092664414
contextual_thompson,0,8,8,80,89,1.0,0.06594171118387894,0.00131505993857492,0.6666666666666666,4,high_taxation,-99.32917644012014,-15.466610441390367,82.35482043854849,79.69262847017613,1,0,0.005508837210703079,85.10631761738338
discretized_contextual,0,8,8,80,89,1.0,0.06816164932757213,0.00131505993857492,0.6666666666666666,7,weak_capacity_control,-99.3058257509421,-15.215546215439451,85.12677543280037,82.37540263190247,1,0,0.005508837210703079,87.9704338793038
linucb,0,8,9,90,99,1.0,0.07046298410553678,0.0005508837210703079,0.75,1,baseline_laissez_faire,-99.27170841105068,-6.260821085128647,88.1462892041324,85.18884529206547,1,0,0.002307673325286836,91.18028110368856
contextual_thompson,0,8,9,90,99,1.0,0.07092193134781949,0.0005508837210703079,0.75,1,baseline_laissez_faire,-99.26690323298536,-6.23905224243761,88.7202983108495,85.74368710012348,1,0,0.002307673325286836,91.77395030130799
discretized_contextual,0,8,9,90,99,1.0,0.07330869489941984,0.0005508837210703079,0.75,7,weak_capacity_control,-99.24191401683879,-6.125843603912193,91.70541921181291,88.62914802473385,1,0,0.002307673325286836,94.86129275024952
linucb,0,8,10,100,109,1.0,0.07598356758640713,0.00023076733252868362,0.8333333333333334,1,baseline_laissez_faire,-99.20987191050806,-2.512233853648972,95.11683880147135,91.87750247964668,1,0,0.0009666933279302226,98.43016793380932
contextual_thompson,0,8,10,100,109,1.0,0.07647829191775667,0.00023076733252868362,0.8333333333333334,1,baseline_laissez_faire,-99.20470235851049,-2.5023992041592287,95.73600488324023,92.47568854132408,1,0,0.0009666933279302226,99.070788980817
discretized_contextual,0,8,10,100,109,1.0,0.0790510772918746,0.00023076733252868362,0.8333333333333334,7,weak_capacity_control,-99.17781842573177,-2.4510335202548896,98.95591293461594,95.58651594626477,1,0,0.0009666933279302226,102.4022382220989
linucb,0,8,11,110,119,1.0,0.08202513994484109,9.666933279302226e-05,0.9166666666666666,1,baseline_laissez_faire,-99.14510248031903,-1.0010125624207178,102.70782386920521,99.18912878021281,1,0,0.0004049515934620661,106.30246002103608
contextual_thompson,0,8,11,110,119,1.0,0.0825589908173475,9.666933279302226e-05,0.9166666666666666,1,baseline_laissez_faire,-99.13952861456788,-0.9963087263004071,103.37612329901044,99.83466298915347,1,0,0.0004049515934620661,106.99401058785513
discretized_contextual,0,8,11,110,119,1.0,0.08533519851841576,9.666933279302226e-05,0.9166666666666666,7,weak_capacity_control,-99.11054261685277,-0.9714199715316848,106.85145637425069,103.1916475556342,1,0,0.0004049515934620661,110.59022686623425
linucb,0,9,0,0,9,1.0,0.8333333333333334,0.1,0.0,5,hard_capacity_control,10.490521369403732,3448.0349987194627,845.0983644821124,685.0617923614428,0,,2.0946658360156425,685.0617923614428
contextual_thompson,0,9,0,0,9,1.0,0.8333333333333334,0.1,0.0,5,hard_capacity_control,10.490521369403732,3448.0349987194627,845.0983644821124,685.0617923614428,0,,2.0946658360156425,685.0617923614428
discretized_contextual,0,9,0,0,9,1.0,0.8333333333333334,0.1,0.0,7,weak_capacity_control,10.490521369403732,3448.0349987194627,845.0983644821124,685.0617923614428,0,,2.0946658360156425,685.0617923614428
linucb,0,9,1,10,19,1.0,0.570884826967869,0.20946658360156425,0.08333333333333333,5,hard_capacity_control,7.172915297017182,3721.5387171817497,414.165189580252,210.99693960739452,0,,2.433656061354898,210.99693960739452
contextual_thompson,0,9,1,10,19,1.0,0.570884826967869,0.20946658360156425,0.08333333333333333,5,hard_capacity_control,7.172915297017182,3721.5387171817497,414.165189580252,210.99693960739452,0,,2.433656061354898,210.99693960739452
discretized_contextual,0,9,1,10,19,1.0,0.570884826967869,0.20946658360156425,0.08333333333333333,3,moderate_taxation,7.306302087564786,3684.756760534129,434.58543924367876,251.25320581226075,0,,2.090642867383461,251.25320581226075
linucb,0,9,2,20,29,1.0,0.1758307830061621,0.2433656061354898,0.16666666666666666,5,hard_capacity_control,-50.58587411208708,-1652.3190888752126,127.9733972145757,92.3055313030015,1,5,1.0194679858754725,92.3055313030015
contextual_thompson,0,9,2,20,29,1.0,0.1758307830061621,0.2433656061354898,0.16666666666666666,5,hard_capacity_control,-50.58587411208708,-1652.3190888752126,127.9733972145757,92.3055313030015,1,5,1.0194679858754725,92.3055313030015
discretized_contextual,0,9,2,20,29,1.0,0.2093776715102173,0.2090642867383461,0.16666666666666666,7,weak_capacity_control,0.5106076648000359,-848.1356242868774,163.04919469042957,123.37643181002514,0,,0.8849365367457679,123.37643181002514
linucb,0,9,3,30,39,1.0,0.07692127608583459,0.10194679858754725,0.25,5,hard_capacity_control,-100.55626119379933,-1199.919120068375,77.23895115228476,69.61524112997978,1,0,0.42705910285711063,69.61524112997978
contextual_thompson,0,9,3,30,39,1.0,0.07692127608583459,0.10194679858754725,0.25,5,hard_capacity_control,-100.55626119379933,-1199.919120068375,77.23895115228476,69.61524112997978,1,0,0.42705910285711063,69.61524112997978
discretized_contextual,0,9,3,30,39,1.0,0.10281369317502095,0.08849365367457679,0.25,11,strong_marine_reserve,-90.1532537412884,-1109.5586246230373,114.75658600015508,110.71302208050093,1,1,0.37070335577392904,110.71302208050093
linucb,0,9,4,40,49,1.0,0.058012700941649814,0.042705910285711066,0.3333333333333333,7,weak_capacity_control,-99.99275753515425,-544.7100541464667,66.23430227906685,64.81157573410937,1,0,0.17889671854334988,64.81157573410937
contextual_thompson,0,9,4,40,49,1.0,0.058012700941649814,0.042705910285711066,0.3333333333333333,5,hard_capacity_control,-99.99275753515425,-544.7100541464667,66.23430227906685,64.81157573410937,1,0,0.17889671854334988,64.81157573410937
discretized_contextual,0,9,4,40,49,1.0,0.09226085173375077,0.03707033557739291,0.3333333333333333,11,strong_marine_reserve,-99.55789120526966,-475.4306813948232,110.10473713501909,109.79589200766469,1,0,0.15528907698556432,110.71009333624225
linucb,0,9,5,50,59,1.0,0.05400964644509114,0.017889671854334988,0.4166666666666667,10,moderate_marine_reserve,-99.70314335768461,-250.70780732882506,65.7077339573038,64.88055911634785,1,0,0.074940530927605,66.84500072813736
contextual_thompson,0,9,5,50,59,1.0,0.05400964644509114,0.017889671854334988,0.4166666666666667,3,moderate_taxation,-99.6886091012348,-230.8885876618605,65.07353837124532,64.70802322165552,1,0,0.074940530927605,65.81291244353963
discretized_contextual,0,9,5,50,59,1.0,0.09225841111353521,0.015528907698556433,0.4166666666666667,11,strong_marine_reserve,-99.25410918829986,-197.70259315234327,113.23120858229605,111.0527630493971,1,0,0.06505119809526276,115.79893097217645
linucb,0,9,6,60,69,1.0,0.055704167273447805,0.0074940530927604995,0.5,1,baseline_laissez_faire,-99.52304043869144,-95.08271271320054,68.6450728826119,67.11405996904472,1,0,0.03139287976570931,70.37433883438834
contextual_thompson,0,9,6,60,69,1.0,0.054844093702949695,0.0074940530927604995,0.5,4,high_taxation,-99.53242042209965,-95.63170556904626,67.58535401632729,66.07784570581023,1,0,0.03139287976570931,69.28806030275011
discretized_contextual,0,9,6,60,69,1.0,0.09649910914348038,0.006505119809526276,0.5,4,high_taxation,-59.06637555433453,-59.20238041775738,119.13921912998691,116.31582146947214,1,0,0.027250199793656393,122.27274827771203
linucb,0,9,7,70,79,1.0,0.058645282361990285,0.0031392879765709306,0.5833333333333334,3,moderate_taxation,-99.43098176070217,-38.93675842699948,72.95459972697965,70.81073245792962,1,0,0.013150599385749199,75.21564020287624
contextual_thompson,0,9,7,70,79,1.0,0.05774005025229176,0.0031392879765709306,0.5833333333333334,1,baseline_laissez_faire,-99.4406081626883,-39.18046241179946,71.82867596681893,69.71774923775551,1,0,0.013150599385749199,74.0549755342241
discretized_contextual,0,9,7,70,79,1.0,0.10189395689809336,0.0027250199793656393,0.5833333333333334,11,strong_marine_reserve,1.0264373411152843,-33.1838305453425,127.15454059927524,123.12028758261016,0,,0.011415214639194595,131.33760172752915
linucb,0,9,8,80,89,1.0,0.06267970016906353,0.00131505993857492,0.6666666666666666,1,baseline_laissez_faire,-99.36348882825894,-15.835531982610638,78.28160444684137,75.75050841197817,1,0,0.005508837210703079,80.89762312784586
contextual_thompson,0,9,8,80,89,1.0,0.061712479611853416,0.00131505993857492,0.6666666666666666,10,moderate_marine_reserve,-99.37494722041356,-17.687313456899318,77.12881116519948,74.5937992609657,1,0,0.005508837210703079,79.74034446392541
discretized_contextual,0,9,8,80,89,1.0,0.10944800143960762,0.0011415214639194594,0.6666666666666666,7,weak_capacity_control,1.130385731852073,-8.929341486996885,136.71780880068837,132.27845445449657,0,,0.004781877793395737,141.29857642774067
linucb,0,9,9,90,99,1.0,0.06741468593987156,0.0005508837210703079,0.75,1,baseline_laissez_faire,-99.30362441139614,-6.40540933017989,84.33371975208553,81.50361515248763,1,0,0.002307673325286836,87.23709734977147
contextual_thompson,0,9,9,90,99,1.0,0.06645028705327118,0.0005508837210703079,0.75,1,baseline_laissez_faire,-99.3137218827718,-6.451153487830293,83.1275124859234,80.3377059375155,1,0,0.002307673325286836,85.98955522852438
discretized_contextual,0,9,9,90,99,1.0,0.11774881368978389,0.00047818777933957365,0.75,7,weak_capacity_control,1.2241231433326731,-3.3663064169661494,147.2987339699567,142.35781288877686,0,,0.002003147199042472,152.36398088817006
linucb,0,9,10,100,109,1.0,0.07269758112480956,0.00023076733252868362,0.8333333333333334,1,baseline_laissez_faire,-99.24420872825125,-2.5775566223014654,91.00425940452631,87.90431000999237,1,0,0.0009666933279302226,94.17504476703748
contextual_thompson,0,9,10,100,109,1.0,0.07165796269043699,0.00023076733252868362,0.8333333333333334,1,baseline_laissez_faire,-99.25507232281423,-2.5982235749535127,89.70310809128516,86.647271050994,1,0,0.0009666933279302226,92.82878153200963
discretized_contextual,0,9,10,100,109,1.0,0.12696998407347504,0.0002003147199042472,0.8333333333333334,7,weak_capacity_control,1.3231599864097454,-1.237358692388948,158.9276814122561,153.52706716786028,0,,0.000839126149684024,164.44963971774172
linucb,0,9,11,110,119,1.0,0.07847920397253123,9.666933279302226e-05,0.9166666666666666,1,baseline_laissez_faire,-99.18212495166755,-1.0314262079431191,98.26877694484806,94.90136280557498,1,0,0.0004049515934620661,101.70891400400329
contextual_thompson,0,9,11,110,119,1.0,0.07735731794334136,9.666933279302226e-05,0.9166666666666666,1,baseline_laissez_faire,-99.19383831146382,-1.040809239264509,96.86429973305397,93.54476868698833,1,0,0.0004049515934620661,100.25553129535281
discretized_contextual,0,9,11,110,119,1.0,0.13704136643145143,8.39126149684024e-05,0.9166666666666666,7,weak_capacity_control,1.429339774583069,-0.439522926433974,171.5735157011404,165.7139626807103,0,,0.0003515132065282664,177.55811437854743
linucb,0,10,0,0,9,1.0,0.8333333333333334,0.1,0.0,5,hard_capacity_control,10.490521369403732,3448.0349987194627,845.0983644821124,685.0617923614428,0,,2.0946658360156425,685.0617923614428
contextual_thompson,0,10,0,0,9,1.0,0.8333333333333334,0.1,0.0,5,hard_capacity_control,10.490521369403732,3448.0349987194627,845.0983644821124,685.0617923614428,0,,2.0946658360156425,685.0617923614428
discretized_contextual,0,10,0,0,9,1.0,0.8333333333333334,0.1,0.0,1,baseline_laissez_faire,10.490521369403732,3448.0349987194627,845.0983644821124,685.0617923614428,0,,2.0946658360156425,685.0617923614428
linucb,0,10,1,10,19,1.0,0.570884826967869,0.20946658360156425,0.08333333333333333,5,hard_capacity_control,7.172915297017182,3721.5387171817497,414.165189580252,210.99693960739452,0,,2.433656061354898,210.99693960739452
contextual_thompson,0,10,1,10,19,1.0,0.570884826967869,0.20946658360156425,0.08333333333333333,5,hard_capacity_control,7.172915297017182,3721.5387171817497,414.165189580252,210.99693960739452,0,,2.433656061354898,210.99693960739452
discretized_contextual,0,10,1,10,19,1.0,0.570884826967869,0.20946658360156425,0.08333333333333333,10,moderate_marine_reserve,6.454378216979453,2634.511067824895,458.3840578985469,303.11143305553713,0,,1.9444986463839253,303.11143305553713
linucb,0,10,2,20,29,1.0,0.1758307830061621,0.2433656061354898,0.16666666666666666,5,hard_capacity_control,-50.58587411208708,-1652.3190888752126,127.9733972145757,92.3055313030015,1,5,1.0194679858754725,92.3055313030015
contextual_thompson,0,10,2,20,29,1.0,0.1758307830061621,0.2433656061354898,0.16666666666666666,5,hard_capacity_control,-50.58587411208708,-1652.3190888752126,127.9733972145757,92.3055313030015,1,5,1.0194679858754725,92.3055313030015
discretized_contextual,0,10,2,20,29,1.0,0.2525928608796143,0.19444986463839253,0.16666666666666666,4,high_taxation,1.4722930038368733,-194.42344477000387,200.00597383282528,152.32526916959756,0,,0.8608176204118173,152.32526916959756
linucb,0,10,3,30,39,1.0,0.07692127608583459,0.10194679858754725,0.25,5,hard_capacity_control,-100.55626119379933,-1199.919120068375,77.23895115228476,69.61524112997978,1,0,0.42705910285711063,69.61524112997978
contextual_thompson,0,10,3,30,39,1.0,0.07692127608583459,0.10194679858754725,0.25,5,hard_capacity_control,-100.55626119379933,-1199.919120068375,77.23895115228476,69.61524112997978,1,0,0.42705910285711063,69.61524112997978
discretized_contextual,0,10,3,30,39,1.0,0.12693772430799796,0.08608176204118173,0.25,7,weak_capacity_control,0.4329595022762357,-661.4670388124867,131.33118493064669,120.7800986350128,0,,0.36059984795007394,120.7800986350128
linucb,0,10,4,40,49,1.0,0.058012700941649814,0.042705910285711066,0.3333333333333333,11,strong_marine_reserve,-100.0486177066229,-621.3964115117823,68.73344458666753,68.51515841036272,1,0,0.17889671854334988,68.8084742455193
contextual_thompson,0,10,4,40,49,1.0,0.058012700941649814,0.042705910285711066,0.3333333333333333,11,strong_marine_reserve,-100.0486177066229,-621.3964115117823,68.73344458666753,68.51515841036272,1,0,0.17889671854334988,68.8084742455193
discretized_contextual,0,10,4,40,49,1.0,0.10065008219584401,0.036059984795007397,0.3333333333333333,11,strong_marine_reserve,-29.444931373799314,-447.1957570732289,120.27172599287003,119.91769271602334,1,2,0.15105667827687902,121.0274288789622
linucb,0,10,5,50,59,1.0,0.05734039520459942,0.017889671854334988,0.4166666666666667,4,high_taxation,-99.65017882208612,-225.89513561319743,69.0859576232515,68.69830683673841,1,0,0.074940530927605,69.87039832804552
contextual_thompson,0,10,5,50,59,1.0,0.05734039520459942,0.017889671854334988,0.4166666666666667,7,weak_capacity_control,-99.65017882208612,-225.89513561319743,69.0859576232515,68.69830683673841,1,0,0.074940530927605,69.87039832804552
discretized_contextual,0,10,5,50,59,1.0,0.1008561907324685,0.015105667827687902,0.4166666666666667,11,strong_marine_reserve,0.8464065220828784,-185.6660177284237,123.84870477735625,121.41687959988725,0,,0.06327822982111674,126.69660465490905
linucb,0,10,6,60,69,1.0,0.058225331940037935,0.0074940530927604995,0.5,7,weak_capacity_control,-99.49554481041929,-93.47344064987121,71.75143562767147,70.15154708409521,1,0,0.03139287976570931,73.55853154911993
contextual_thompson,0,10,6,60,69,1.0,0.058225331940037935,0.0074940530927604995,0.5,10,moderate_marine_reserve,-99.50232096285787,-102.683917582306,72.04355456693222,70.21699864343056,1,0,0.03139287976570931,74.03795437759472
discretized_contextual,0,10,6,60,69,1.0,0.10558050387909088,0.0063278229821116735,0.5,11,strong_marine_reserve,1.0168419447200494,-75.97044072024475,131.13748625283532,127.43763571953048,0,,0.0265074964905206,135.0721457801058
linucb,0,10,7,70,79,1.0,0.06129877629093328,0.0031392879765709306,0.5833333333333334,1,baseline_laissez_faire,-99.40276430664258,-38.222397354864,76.25497088547482,74.01457286438503,1,0,0.013150599385749199,78.61781801617083
contextual_thompson,0,10,7,70,79,1.0,0.06169829531466226,0.0031392879765709306,0.5833333333333334,1,baseline_laissez_faire,-99.39851582749733,-38.11484137180636,76.75188166493614,74.49695318395936,1,0,0.013150599385749199,79.13005342065473
discretized_contextual,0,10,7,70,79,1.0,0.11256012148342151,0.00265074964905206,0.5833333333333334,1,baseline_laissez_faire,1.147749130903212,-20.035737287298243,140.13418418286122,135.93536672798524,0,,0.01110409333796628,144.53929299443524
linucb,0,10,8,80,89,1.0,0.06551484834680903,0.00131505993857492,0.6666666666666666,1,baseline_laissez_faire,-99.33366648216396,-15.514886804273539,81.82180855683674,79.176768108019,1,0,0.005508837210703079,84.55558092664414
contextual_thompson,0,10,8,80,89,1.0,0.06594171118387894,0.00131505993857492,0.6666666666666666,4,high_taxation,-99.32917644012014,-15.466610441390367,82.35482043854849,79.69262847017613,1,0,0.005508837210703079,85.10631761738338
discretized_contextual,0,10,8,80,89,1.0,0.12044941082869604,0.001110409333796628,0.6666666666666666,7,weak_capacity_control,1.2463159638187098,-7.550787895677194,150.46401020572642,145.5757674795633,0,,0.004651547870707482,155.50659672857338
linucb,0,10,9,90,99,1.0,0.07046298410553678,0.0005508837210703079,0.75,1,baseline_laissez_faire,-99.27170841105068,-6.260821085128647,88.1462892041324,85.18884529206547,1,0,0.002307673325286836,91.18028110368856
contextual_thompson,0,10,9,90,99,1.0,0.07092193134781949,0.0005508837210703079,0.75,1,baseline_laissez_faire,-99.26690323298536,-6.23905224243761,88.7202983108495,85.74368710012348,1,0,0.002307673325286836,91.77395030130799
discretized_contextual,0,10,9,90,99,1.0,0.1295888306071445,0.00046515478707074816,0.75,7,weak_capacity_control,1.3481420613059105,-2.7623808147171767,162.10853305447534,156.6722721387334,0,,0.0019485514877206637,167.68086399777928
linucb,0,10,10,100,109,1.0,0.07598356758640713,0.00023076733252868362,0.8333333333333334,1,baseline_laissez_faire,-99.20987191050806,-2.512233853648972,95.11683880147135,91.87750247964668,1,0,0.0009666933279302226,98.43016793380932
contextual_thompson,0,10,10,100,109,1.0,0.07647829191775667,0.00023076733252868362,0.8333333333333334,1,baseline_laissez_faire,-99.20470235851049,-2.5023992041592287,95.73600488324023,92.47568854132408,1,0,0.0009666933279302226,99.070788980817
discretized_contextual,0,10,10,100,109,1.0,0.13973405333148273,0.00019485514877206638,0.8333333333333334,7,weak_capacity_control,1.4565267153512174,-0.9722675617232841,174.8998779495529,168.9601951151225,0,,0.0008162557939494935,180.97255974970335
linucb,0,10,11,110,119,1.0,0.08202513994484109,9.666933279302226e-05,0.9166666666666666,1,baseline_laissez_faire,-99.14510248031903,-1.0010125624207178,102.70782386920521,99.18912878021281,1,0,0.0004049515934620661,106.30246002103608
contextual_thompson,0,10,11,110,119,1.0,0.0825589908173475,9.666933279302226e-05,0.9166666666666666,1,baseline_laissez_faire,-99.13952861456788,-0.9963087263004071,103.37612329901044,99.83466298915347,1,0,0.0004049515934620661,106.99401058785513
discretized_contextual,0,10,11,110,119,1.0,0.15081046645808613,8.162557939494935e-05,0.9166666666666666,7,weak_capacity_control,1.5730576624908403,-0.32298135865195654,188.80567726193905,182.36284906536878,0,,0.000341932725593768,195.3856378014005
linucb,0,11,0,0,9,1.0,0.8333333333333334,0.1,0.0,5,hard_capacity_control,10.490521369403732,3448.0349987194627,845.0983644821124,685.0617923614428,0,,2.0946658360156425,685.0617923614428
contextual_thompson,0,11,0,0,9,1.0,0.8333333333333334,0.1,0.0,5,hard_capacity_control,10.490521369403732,3448.0349987194627,845.0983644821124,685.0617923614428,0,,2.0946658360156425,685.0617923614428
discretized_contextual,0,11,0,0,9,1.0,0.8333333333333334,0.1,0.0,1,baseline_laissez_faire,10.490521369403732,3448.0349987194627,845.0983644821124,685.0617923614428,0,,2.0946658360156425,685.0617923614428
linucb,0,11,1,10,19,1.0,0.570884826967869,0.20946658360156425,0.08333333333333333,5,hard_capacity_control,7.172915297017182,3721.5387171817497,414.165189580252,210.99693960739452,0,,2.433656061354898,210.99693960739452
contextual_thompson,0,11,1,10,19,1.0,0.570884826967869,0.20946658360156425,0.08333333333333333,5,hard_capacity_control,7.172915297017182,3721.5387171817497,414.165189580252,210.99693960739452,0,,2.433656061354898,210.99693960739452
discretized_contextual,0,11,1,10,19,1.0,0.570884826967869,0.20946658360156425,0.08333333333333333,4,high_taxation,7.324214420796293,3594.777460708412,447.5324352105458,278.56464632792336,0,,1.8461516924318044,278.56464632792336
linucb,0,11,2,20,29,1.0,0.1758307830061621,0.2433656061354898,0.16666666666666666,5,hard_capacity_control,-50.58587411208708,-1652.3190888752126,127.9733972145757,92.3055313030015,1,5,1.0194679858754725,92.3055313030015
contextual_thompson,0,11,2,20,29,1.0,0.1758307830061621,0.2433656061354898,0.16666666666666666,5,hard_capacity_control,-50.58587411208708,-1652.3190888752126,127.9733972145757,92.3055313030015,1,5,1.0194679858754725,92.3055313030015
discretized_contextual,0,11,2,20,29,1.0,0.23213720527326948,0.18461516924318044,0.16666666666666666,1,baseline_laissez_faire,1.1816667295314927,-391.2395037768533,188.74874799700152,146.84098574931164,0,,0.8081413230301766,146.84098574931164
linucb,0,11,3,30,39,1.0,0.07692127608583459,0.10194679858754725,0.25,5,hard_capacity_control,-100.55626119379933,-1199.919120068375,77.23895115228476,69.61524112997978,1,0,0.42705910285711063,69.61524112997978
contextual_thompson,0,11,3,30,39,1.0,0.07692127608583459,0.10194679858754725,0.25,5,hard_capacity_control,-100.55626119379933,-1199.919120068375,77.23895115228476,69.61524112997978,1,0,0.42705910285711063,69.61524112997978
discretized_contextual,0,11,3,30,39,1.0,0.12236748812442637,0.08081413230301766,0.25,10,moderate_marine_reserve,0.2934470036558069,-825.7035498688302,134.29806642295645,128.22804383278154,0,,0.3385335421775396,128.22804383278154
linucb,0,11,4,40,49,1.0,0.058012700941649814,0.042705910285711066,0.3333333333333333,11,strong_marine_reserve,-100.0486177066229,-621.3964115117823,68.73344458666753,68.51515841036272,1,0,0.17889671854334988,68.8084742455193
contextual_thompson,0,11,4,40,49,1.0,0.058012700941649814,0.042705910285711066,0.3333333333333333,7,weak_capacity_control,-99.99275753515425,-544.7100541464667,66.23430227906685,64.81157573410937,1,0,0.17889671854334988,64.81157573410937
discretized_contextual,0,11,4,40,49,1.0,0.10685670319398462,0.03385335421775396,0.3333333333333333,1,baseline_laissez_faire,0.7450244406350314,-289.9591270612882,124.19802812355834,122.8822264492235,0,,0.14181301699751417,122.8822264492235
linucb,0,11,5,50,59,1.0,0.05734039520459942,0.017889671854334988,0.4166666666666667,10,moderate_marine_reserve,-99.66560935324098,-246.93646650409144,69.75925359157341,68.88159720768735,1,0,0.074940530927605,70.96610892858641
contextual_thompson,0,11,5,50,59,1.0,0.05400964644509114,0.017889671854334988,0.4166666666666667,4,high_taxation,-99.6886091012348,-230.8885876618605,65.07353837124532,64.70802322165552,1,0,0.074940530927605,65.81291244353963
discretized_contextual,0,11,5,50,59,1.0,0.10240185537435291,0.014181301699751417,0.4166666666666667,1,baseline_laissez_faire,0.9128599752592291,-122.97761966155313,124.30051139049385,122.95012117785663,0,,0.05940602417290254,126.2750044452969
linucb,0,11,6,60,69,1.0,0.05913842410715534,0.0074940530927604995,0.5,3,moderate_taxation,-99.48558679125831,-92.89061319391634,72.87645863227168,71.25163427225714,1,0,0.03139287976570931,74.71173297512924
contextual_thompson,0,11,6,60,69,1.0,0.054844093702949695,0.0074940530927604995,0.5,1,baseline_laissez_faire,-99.53242042209965,-95.63170556904626,67.58535401632729,66.07784570581023,1,0,0.03139287976570931,69.28806030275011
discretized_contextual,0,11,6,60,69,1.0,0.10522917037108075,0.005940602417290254,0.5,1,baseline_laissez_faire,1.0346417709788884,-49.23958324627228,130.0657625070193,126.8719872004696,0,,0.02488541448979498,133.57734687778276
linucb,0,11,7,70,79,1.0,0.062259777479274366,0.0031392879765709306,0.5833333333333334,1,baseline_laissez_faire,-99.39254505082404,-37.963682978763764,77.45023585856686,75.17488790188138,1,0,0.013150599385749199,79.84994312075551
contextual_thompson,0,11,7,70,79,1.0,0.05774005025229176,0.0031392879765709306,0.5833333333333334,1,baseline_laissez_faire,-99.4406081626883,-39.18046241179946,71.82867596681893,69.71774923775551,1,0,0.013150599385749199,74.0549755342241
discretized_contextual,0,11,7,70,79,1.0,0.11131445573148563,0.002488541448979498,0.5833333333333334,1,baseline_laissez_faire,1.1361943596598136,-19.090190197064196,138.63414598282534,134.44226691164346,0,,0.010424596881394702,143.0234936140129
linucb,0,11,8,80,89,1.0,0.06654161926729626,0.00131505993857492,0.6666666666666666,1,baseline_laissez_faire,-99.32286620529152,-15.39876353604319,83.10390698934161,80.41761227419278,1,0,0.005508837210703079,85.88031250368027
contextual_thompson,0,11,8,80,89,1.0,0.061712479611853416,0.00131505993857492,0.6666666666666666,1,baseline_laissez_faire,-99.37366293301451,-15.944921997493587,77.07383867795733,74.58162591951854,1,0,0.005508837210703079,79.64967390423702
discretized_contextual,0,11,8,80,89,1.0,0.11918624467834407,0.0010424596881394702,0.6666666666666666,10,moderate_marine_reserve,1.2315762669989125,-10.092160315950933,149.0002112777836,144.0743395146499,0,,0.004366904163245842,154.0641668381375
linucb,0,11,9,90,99,1.0,0.07156692708640022,0.0005508837210703079,0.75,1,baseline_laissez_faire,-99.26015014800743,-6.208458790074957,89.52699729391668,86.52345081311807,1,0,0.002307673325286836,92.6082769891316
contextual_thompson,0,11,9,90,99,1.0,0.06637472825353084,0.0005508837210703079,0.75,1,baseline_laissez_faire,-99.31451300257245,-6.454737461944177,83.03300818673988,80.24635914358844,1,0,0.002307673325286836,85.89181217855817
discretized_contextual,0,11,9,90,99,1.0,0.12838680569844793,0.0004366904163245842,0.75,5,hard_capacity_control,1.3358221636298355,-2.641906346709851,160.61568839718547,155.2213938916289,0,,0.0018293131320030979,166.14350021706045
linucb,0,11,10,100,109,1.0,0.07717356415760966,0.00023076733252868362,0.8333333333333334,1,baseline_laissez_faire,-99.19743723388837,-2.4885778848956575,96.60616127958366,93.31636261171852,1,0,0.0009666933279302226,99.97109502970227
contextual_thompson,0,11,10,100,109,1.0,0.07157651014879847,0.00023076733252868362,0.8333333333333334,4,high_taxation,-99.25592347181272,-2.599842803163998,89.60116451885206,86.54878388327663,1,0,0.0009666933279302226,92.72330322384406
discretized_contextual,0,11,10,100,109,1.0,0.13845291684755037,0.0001829313132003098,0.8333333333333334,7,weak_capacity_control,1.4432455897251952,-0.9345247391026803,173.30161373571576,167.412237579612,0,,0.0007663063831544392,179.32220483808555
linucb,0,11,11,110,119,1.0,0.08330924585808522,9.666933279302226e-05,0.9166666666666666,1,baseline_laissez_faire,-99.13169529519253,-0.9896413895213144,104.31532154363764,100.74187324313912,1,0,0.0004049515934620661,107.96588174720682
contextual_thompson,0,11,11,110,119,1.0,0.07726941935320338,9.666933279302226e-05,0.9166666666666666,1,baseline_laissez_faire,-99.19475604112942,-1.041541357824805,96.75426002740817,93.43848090116123,1,0,0.0004049515934620661,100.14165942958724
discretized_contextual,0,11,11,110,119,1.0,0.14943517069840462,7.663063831544392e-05,0.9166666666666666,7,weak_capacity_control,1.5587430626671217,-0.31301268465001864,187.0867290422126,180.7004055857196,0,,0.00032100872321417514,193.6087009024396
linucb,0,12,0,0,9,1.0,0.8333333333333334,0.1,0.0,5,hard_capacity_control,10.490521369403732,3448.0349987194627,845.0983644821124,685.0617923614428,0,,2.0946658360156425,685.0617923614428
contextual_thompson,0,12,0,0,9,1.0,0.8333333333333334,0.1,0.0,5,hard_capacity_control,10.490521369403732,3448.0349987194627,845.0983644821124,685.0617923614428,0,,2.0946658360156425,685.0617923614428
discretized_contextual,0,12,0,0,9,1.0,0.8333333333333334,0.1,0.0,1,baseline_laissez_faire,10.490521369403732,3448.0349987194627,845.0983644821124,685.0617923614428,0,,2.0946658360156425,685.0617923614428
linucb,0,12,1,10,19,1.0,0.570884826967869,0.20946658360156425,0.08333333333333333,5,hard_capacity_control,7.172915297017182,3721.5387171817497,414.165189580252,210.99693960739452,0,,2.433656061354898,210.99693960739452
contextual_thompson,0,12,1,10,19,1.0,0.570884826967869,0.20946658360156425,0.08333333333333333,5,hard_capacity_control,7.172915297017182,3721.5387171817497,414.165189580252,210.99693960739452,0,,2.433656061354898,210.99693960739452
discretized_contextual,0,12,1,10,19,1.0,0.570884826967869,0.20946658360156425,0.08333333333333333,4,high_taxation,7.324214420796293,3594.777460708412,447.5324352105458,278.56464632792336,0,,1.8461516924318044,278.56464632792336
linucb,0,12,2,20,29,1.0,0.1758307830061621,0.2433656061354898,0.16666666666666666,5,hard_capacity_control,-50.58587411208708,-1652.3190888752126,127.9733972145757,92.3055313030015,1,5,1.0194679858754725,92.3055313030015
contextual_thompson,0,12,2,20,29,1.0,0.1758307830061621,0.2433656061354898,0.16666666666666666,5,hard_capacity_control,-50.58587411208708,-1652.3190888752126,127.9733972145757,92.3055313030015,1,5,1.0194679858754725,92.3055313030015
discretized_contextual,0,12,2,20,29,1.0,0.23213720527326948,0.18461516924318044,0.16666666666666666,10,moderate_marine_reserve,0.8526458376843136,-922.1824393109827,212.97939323943552,180.9078880858866,0,,0.7733601215844041,180.9078880858866
linucb,0,12,3,30,39,1.0,0.07692127608583459,0.10194679858754725,0.25,5,hard_capacity_control,-100.55626119379933,-1199.919120068375,77.23895115228476,69.61524112997978,1,0,0.42705910285711063,69.61524112997978
contextual_thompson,0,12,3,30,39,1.0,0.07692127608583459,0.10194679858754725,0.25,5,hard_capacity_control,-100.55626119379933,-1199.919120068375,77.23895115228476,69.61524112997978,1,0,0.42705910285711063,69.61524112997978
discretized_contextual,0,12,3,30,39,1.0,0.1507565734049055,0.07733601215844041,0.25,10,moderate_marine_reserve,0.7350533058733437,-648.9918770593276,166.08542195192055,158.95570629947775,0,,0.3239635616666084,158.95570629947775
linucb,0,12,4,40,49,1.0,0.058012700941649814,0.042705910285711066,0.3333333333333333,7,weak_capacity_control,-99.99275753515425,-544.7100541464667,66.23430227906685,64.81157573410937,1,0,0.17889671854334988,64.81157573410937
contextual_thompson,0,12,4,40,49,1.0,0.058012700941649814,0.042705910285711066,0.3333333333333333,11,strong_marine_reserve,-100.0486177066229,-621.3964115117823,68.73344458666753,68.51515841036272,1,0,0.17889671854334988,68.8084742455193
discretized_contextual,0,12,4,40,49,1.0,0.13246308858289813,0.03239635616666084,0.3333333333333333,1,baseline_laissez_faire,1.082234647362538,-203.68730495994828,154.31063427869836,152.86579376779173,0,,0.13570959551508233,152.88553903954727
linucb,0,12,5,50,59,1.0,0.05400964644509114,0.017889671854334988,0.4166666666666667,4,high_taxation,-99.6886091012348,-230.8885876618605,65.07353837124532,64.70802322165552,1,0,0.074940530927605,65.81291244353963
contextual_thompson,0,12,5,50,59,1.0,0.05734039520459942,0.017889671854334988,0.4166666666666667,10,moderate_marine_reserve,-99.66560935324098,-246.93646650409144,69.75925359157341,68.88159720768735,1,0,0.074940530927605,70.96610892858641
discretized_contextual,0,12,5,50,59,1.0,0.1274046158662894,0.013570959551508232,0.4166666666666667,1,baseline_laissez_faire,1.2032059798527368,-86.70407210089016,154.78920623443523,153.00219704876457,0,,0.05684927718451349,157.3313102175242
linucb,0,12,6,60,69,1.0,0.054844093702949695,0.0074940530927604995,0.5,3,moderate_taxation,-99.53242042209965,-95.63170556904626,67.58535401632729,66.07784570581023,1,0,0.03139287976570931,69.28806030275011
contextual_thompson,0,12,6,60,69,1.0,0.05913842410715534,0.0074940530927604995,0.5,3,moderate_taxation,-99.48558679125831,-92.89061319391634,72.87645863227168,71.25163427225714,1,0,0.03139287976570931,74.71173297512924
discretized_contextual,0,12,6,60,69,1.0,0.13110942518127017,0.005684927718451349,0.5,1,baseline_laissez_faire,1.3173730399051982,-33.53832258092458,162.1093634983347,158.0879350909965,0,,0.023814383236021582,166.51758124718432
linucb,0,12,7,70,79,1.0,0.05774005025229176,0.0031392879765709306,0.5833333333333334,1,baseline_laissez_faire,-99.4406081626883,-39.18046241179946,71.82867596681893,69.71774923775551,1,0,0.013150599385749199,74.0549755342241
contextual_thompson,0,12,7,70,79,1.0,0.062259777479274366,0.0031392879765709306,0.5833333333333334,4,high_taxation,-99.39254505082404,-37.963682978763764,77.45023585856686,75.17488790188138,1,0,0.013150599385749199,79.84994312075551
discretized_contextual,0,12,7,70,79,1.0,0.13876465103932026,0.002381438323602158,0.5833333333333334,1,baseline_laissez_faire,1.4281157703388991,-12.206027368725714,172.83861572491497,167.60025302843073,0,,0.009975937725143113,178.31865459615142
linucb,0,12,8,80,89,1.0,0.061712479611853416,0.00131505993857492,0.6666666666666666,1,baseline_laissez_faire,-99.37366293301451,-15.944921997493587,77.07383867795733,74.58162591951854,1,0,0.005508837210703079,79.64967390423702
contextual_thompson,0,12,8,80,89,1.0,0.06654161926729626,0.00131505993857492,0.6666666666666666,1,baseline_laissez_faire,-99.32286620529152,-15.39876353604319,83.10390698934161,80.41761227419278,1,0,0.005508837210703079,85.88031250368027
discretized_contextual,0,12,8,80,89,1.0,0.14859887883012618,0.0009975937725143114,0.6666666666666666,7,weak_capacity_control,1.5429577335437106,-4.173098032265074,185.6556997891171,179.60422112816966,0,,0.004178959098357031,191.89145218969293
linucb,0,12,9,90,99,1.0,0.06637472825353084,0.0005508837210703079,0.75,1,baseline_laissez_faire,-99.31451300257245,-6.454737461944177,83.03300818673988,80.24635914358844,1,0,0.002307673325286836,85.89181217855817
contextual_thompson,0,12,9,90,99,1.0,0.07156692708640022,0.0005508837210703079,0.75,1,baseline_laissez_faire,-99.26015014800743,-6.208458790074957,89.52699729391668,86.52345081311807,1,0,0.002307673325286836,92.6082769891316
discretized_contextual,0,12,9,90,99,1.0,0.15990954349141076,0.00041789590983570314,0.75,7,weak_capacity_control,1.6656999671194164,-1.3027297661898423,200.04032362627274,193.33123151053073,0,,0.001750582213612453,206.91398571304663
linucb,0,12,10,100,109,1.0,0.07157651014879847,0.00023076733252868362,0.8333333333333334,1,baseline_laissez_faire,-99.25592347181272,-2.599842803163998,89.60116451885206,86.54878388327663,1,0,0.0009666933279302226,92.72330322384406
contextual_thompson,0,12,10,100,109,1.0,0.07717356415760966,0.00023076733252868362,0.8333333333333334,1,baseline_laissez_faire,-99.19743723388837,-2.4885778848956575,96.60616127958366,93.31636261171852,1,0,0.0009666933279302226,99.97109502970227
discretized_contextual,0,12,10,100,109,1.0,0.17242832142753886,0.0001750582213612453,0.8333333333333334,7,weak_capacity_control,1.798086268102579,-0.33789226008296097,215.8108992435195,208.49120413844582,0,,0.0007333256953438734,223.29257217183837
linucb,0,12,11,110,119,1.0,0.07726941935320338,9.666933279302226e-05,0.9166666666666666,1,baseline_laissez_faire,-99.19475604112942,-1.041541357824805,96.75426002740817,93.43848090116123,1,0,0.0004049515934620661,100.14165942958724
contextual_thompson,0,12,11,110,119,1.0,0.08330924585808522,9.666933279302226e-05,0.9166666666666666,1,baseline_laissez_faire,-99.13169529519253,-0.9896413895213144,104.31532154363764,100.74187324313912,1,0,0.0004049515934620661,107.96588174720682
discretized_contextual,0,12,11,110,119,1.0,0.18607714347653198,7.333256953438734e-05,0.9166666666666666,7,weak_capacity_control,1.9411050494384994,-0.04651758235417183,232.93818804250242,225.00491336825988,0,,0.00030744351557859145,241.03897501981257
linucb,0,13,0,0,9,1.0,0.8333333333333334,0.1,0.0,5,hard_capacity_control,10.490521369403732,3448.0349987194627,845.0983644821124,685.0617923614428,0,,2.0946658360156425,685.0617923614428
contextual_thompson,0,13,0,0,9,1.0,0.8333333333333334,0.1,0.0,5,hard_capacity_control,10.490521369403732,3448.0349987194627,845.0983644821124,685.0617923614428,0,,2.0946658360156425,685.0617923614428
discretized_contextual,0,13,0,0,9,1.0,0.8333333333333334,0.1,0.0,1,baseline_laissez_faire,10.490521369403732,3448.0349987194627,845.0983644821124,685.0617923614428,0,,2.0946658360156425,685.0617923614428
linucb,0,13,1,10,19,1.0,0.570884826967869,0.20946658360156425,0.08333333333333333,5,hard_capacity_control,7.172915297017182,3721.5387171817497,414.165189580252,210.99693960739452,0,,2.433656061354898,210.99693960739452
contextual_thompson,0,13,1,10,19,1.0,0.570884826967869,0.20946658360156425,0.08333333333333333,5,hard_capacity_control,7.172915297017182,3721.5387171817497,414.165189580252,210.99693960739452,0,,2.433656061354898,210.99693960739452
discretized_contextual,0,13,1,10,19,1.0,0.570884826967869,0.20946658360156425,0.08333333333333333,4,high_taxation,7.324214420796293,3594.777460708412,447.5324352105458,278.56464632792336,0,,1.8461516924318044,278.56464632792336
linucb,0,13,2,20,29,1.0,0.1758307830061621,0.2433656061354898,0.16666666666666666,5,hard_capacity_control,-50.58587411208708,-1652.3190888752126,127.9733972145757,92.3055313030015,1,5,1.0194679858754725,92.3055313030015
contextual_thompson,0,13,2,20,29,1.0,0.1758307830061621,0.2433656061354898,0.16666666666666666,5,hard_capacity_control,-50.58587411208708,-1652.3190888752126,127.9733972145757,92.3055313030015,1,5,1.0194679858754725,92.3055313030015
discretized_contextual,0,13,2,20,29,1.0,0.23213720527326948,0.18461516924318044,0.16666666666666666,10,moderate_marine_reserve,0.8526458376843136,-922.1824393109827,212.97939323943552,180.9078880858866,0,,0.7733601215844041,180.9078880858866
linucb,0,13,3,30,39,1.0,0.07692127608583459,0.10194679858754725,0.25,5,hard_capacity_control,-100.55626119379933,-1199.919120068375,77.23895115228476,69.61524112997978,1,0,0.42705910285711063,69.61524112997978
contextual_thompson,0,13,3,30,39,1.0,0.07692127608583459,0.10194679858754725,0.25,5,hard_capacity_control,-100.55626119379933,-1199.919120068375,77.23895115228476,69.61524112997978,1,0,0.42705910285711063,69.61524112997978
discretized_contextual,0,13,3,30,39,1.0,0.1507565734049055,0.07733601215844041,0.25,10,moderate_marine_reserve,0.7350533058733437,-648.9918770593276,166.08542195192055,158.95570629947775,0,,0.3239635616666084,158.95570629947775
linucb,0,13,4,40,49,1.0,0.058012700941649814,0.042705910285711066,0.3333333333333333,7,weak_capacity_control,-99.99275753515425,-544.7100541464667,66.23430227906685,64.81157573410937,1,0,0.17889671854334988,64.81157573410937
contextual_thompson,0,13,4,40,49,1.0,0.058012700941649814,0.042705910285711066,0.3333333333333333,3,moderate_taxation,-99.99275753515425,-544.7100541464667,66.23430227906685,64.81157573410937,1,0,0.17889671854334988,64.81157573410937
discretized_contextual,0,13,4,40,49,1.0,0.13246308858289813,0.03239635616666084,0.3333333333333333,1,baseline_laissez_faire,1.082234647362538,-203.68730495994828,154.31063427869836,152.86579376779173,0,,0.13570959551508233,152.88553903954727
linucb,0,13,5,50,59,1.0,0.05400964644509114,0.017889671854334988,0.4166666666666667,10,moderate_marine_reserve,-99.70314335768461,-250.70780732882506,65.7077339573038,64.88055911634785,1,0,0.074940530927605,66.84500072813736
contextual_thompson,0,13,5,50,59,1.0,0.05400964644509114,0.017889671854334988,0.4166666666666667,7,weak_capacity_control,-99.6886091012348,-230.8885876618605,65.07353837124532,64.70802322165552,1,0,0.074940530927605,65.81291244353963
discretized_contextual,0,13,5,50,59,1.0,0.1274046158662894,0.013570959551508232,0.4166666666666667,1,baseline_laissez_faire,1.2032059798527368,-86.70407210089016,154.78920623443523,153.00219704876457,0,,0.05684927718451349,157.3313102175242
linucb,0,13,6,60,69,1.0,0.055704167273447805,0.0074940530927604995,0.5,3,moderate_taxation,-99.52304043869144,-95.08271271320054,68.6450728826119,67.11405996904472,1,0,0.03139287976570931,70.37433883438834
contextual_thompson,0,13,6,60,69,1.0,0.054844093702949695,0.0074940530927604995,0.5,4,high_taxation,-99.53242042209965,-95.63170556904626,67.58535401632729,66.07784570581023,1,0,0.03139287976570931,69.28806030275011
discretized_contextual,0,13,6,60,69,1.0,0.13110942518127017,0.005684927718451349,0.5,1,baseline_laissez_faire,1.3173730399051982,-33.53832258092458,162.1093634983347,158.0879350909965,0,,0.023814383236021582,166.51758124718432
linucb,0,13,7,70,79,1.0,0.058645282361990285,0.0031392879765709306,0.5833333333333334,1,baseline_laissez_faire,-99.43098176070217,-38.93675842699948,72.95459972697965,70.81073245792962,1,0,0.013150599385749199,75.21564020287624
contextual_thompson,0,13,7,70,79,1.0,0.05774005025229176,0.0031392879765709306,0.5833333333333334,1,baseline_laissez_faire,-99.4406081626883,-39.18046241179946,71.82867596681893,69.71774923775551,1,0,0.013150599385749199,74.0549755342241
discretized_contextual,0,13,7,70,79,1.0,0.13876465103932026,0.002381438323602158,0.5833333333333334,1,baseline_laissez_faire,1.4281157703388991,-12.206027368725714,172.83861572491497,167.60025302843073,0,,0.009975937725143113,178.31865459615142
linucb,0,13,8,80,89,1.0,0.06267970016906353,0.00131505993857492,0.6666666666666666,1,baseline_laissez_faire,-99.36348882825894,-15.835531982610638,78.28160444684137,75.75050841197817,1,0,0.005508837210703079,80.89762312784586
contextual_thompson,0,13,8,80,89,1.0,0.061712479611853416,0.00131505993857492,0.6666666666666666,1,baseline_laissez_faire,-99.37366293301451,-15.944921997493587,77.07383867795733,74.58162591951854,1,0,0.005508837210703079,79.64967390423702
discretized_contextual,0,13,8,80,89,1.0,0.14859887883012618,0.0009975937725143114,0.6666666666666666,7,weak_capacity_control,1.5429577335437106,-4.173098032265074,185.6556997891171,179.60422112816966,0,,0.004178959098357031,191.89145218969293
linucb,0,13,9,90,99,1.0,0.06741468593987156,0.0005508837210703079,0.75,1,baseline_laissez_faire,-99.30362441139614,-6.40540933017989,84.33371975208553,81.50361515248763,1,0,0.002307673325286836,87.23709734977147
contextual_thompson,0,13,9,90,99,1.0,0.06637472825353084,0.0005508837210703079,0.75,1,baseline_laissez_faire,-99.31451300257245,-6.454737461944177,83.03300818673988,80.24635914358844,1,0,0.002307673325286836,85.89181217855817
discretized_contextual,0,13,9,90,99,1.0,0.15990954349141076,0.00041789590983570314,0.75,7,weak_capacity_control,1.6656999671194164,-1.3027297661898423,200.04032362627274,193.33123151053073,0,,0.001750582213612453,206.91398571304663
linucb,0,13,10,100,109,1.0,0.07269758112480956,0.00023076733252868362,0.8333333333333334,1,baseline_laissez_faire,-99.24420872825125,-2.5775566223014654,91.00425940452631,87.90431000999237,1,0,0.0009666933279302226,94.17504476703748
contextual_thompson,0,13,10,100,109,1.0,0.07157651014879847,0.00023076733252868362,0.8333333333333334,1,baseline_laissez_faire,-99.25592347181272,-2.599842803163998,89.60116451885206,86.54878388327663,1,0,0.0009666933279302226,92.72330322384406
discretized_contextual,0,13,10,100,109,1.0,0.17242832142753886,0.0001750582213612453,0.8333333333333334,7,weak_capacity_control,1.798086268102579,-0.33789226008296097,215.8108992435195,208.49120413844582,0,,0.0007333256953438734,223.29257217183837
linucb,0,13,11,110,119,1.0,0.07847920397253123,9.666933279302226e-05,0.9166666666666666,1,baseline_laissez_faire,-99.18212495166755,-1.0314262079431191,98.26877694484806,94.90136280557498,1,0,0.0004049515934620661,101.70891400400329
contextual_thompson,0,13,11,110,119,1.0,0.07726941935320338,9.666933279302226e-05,0.9166666666666666,1,baseline_laissez_faire,-99.19475604112942,-1.041541357824805,96.75426002740817,93.43848090116123,1,0,0.0004049515934620661,100.14165942958724
discretized_contextual,0,13,11,110,119,1.0,0.18607714347653198,7.333256953438734e-05,0.9166666666666666,10,moderate_marine_reserve,1.9408686721433404,-0.36697943922377924,232.9482781899077,225.0071410227417,0,,0.00030719298486522103,241.0556387321543
linucb,0,14,0,0,9,1.0,0.8333333333333334,0.1,0.0,5,hard_capacity_control,10.490521369403732,3448.0349987194627,845.0983644821124,685.0617923614428,0,,2.0946658360156425,685.0617923614428
contextual_thompson,0,14,0,0,9,1.0,0.8333333333333334,0.1,0.0,5,hard_capacity_control,10.490521369403732,3448.0349987194627,845.0983644821124,685.0617923614428,0,,2.0946658360156425,685.0617923614428
discretized_contextual,0,14,0,0,9,1.0,0.8333333333333334,0.1,0.0,1,baseline_laissez_faire,10.490521369403732,3448.0349987194627,845.0983644821124,685.0617923614428,0,,2.0946658360156425,685.0617923614428
linucb,0,14,1,10,19,1.0,0.570884826967869,0.20946658360156425,0.08333333333333333,5,hard_capacity_control,7.172915297017182,3721.5387171817497,414.165189580252,210.99693960739452,0,,2.433656061354898,210.99693960739452
contextual_thompson,0,14,1,10,19,1.0,0.570884826967869,0.20946658360156425,0.08333333333333333,5,hard_capacity_control,7.172915297017182,3721.5387171817497,414.165189580252,210.99693960739452,0,,2.433656061354898,210.99693960739452
discretized_contextual,0,14,1,10,19,1.0,0.570884826967869,0.20946658360156425,0.08333333333333333,4,high_taxation,7.324214420796293,3594.777460708412,447.5324352105458,278.56464632792336,0,,1.8461516924318044,278.56464632792336
linucb,0,14,2,20,29,1.0,0.1758307830061621,0.2433656061354898,0.16666666666666666,5,hard_capacity_control,-50.58587411208708,-1652.3190888752126,127.9733972145757,92.3055313030015,1,5,1.0194679858754725,92.3055313030015
contextual_thompson,0,14,2,20,29,1.0,0.1758307830061621,0.2433656061354898,0.16666666666666666,5,hard_capacity_control,-50.58587411208708,-1652.3190888752126,127.9733972145757,92.3055313030015,1,5,1.0194679858754725,92.3055313030015
discretized_contextual,0,14,2,20,29,1.0,0.23213720527326948,0.18461516924318044,0.16666666666666666,10,moderate_marine_reserve,0.8526458376843136,-922.1824393109827,212.97939323943552,180.9078880858866,0,,0.7733601215844041,180.9078880858866
linucb,0,14,3,30,39,1.0,0.07692127608583459,0.10194679858754725,0.25,5,hard_capacity_control,-100.55626119379933,-1199.919120068375,77.23895115228476,69.61524112997978,1,0,0.42705910285711063,69.61524112997978
contextual_thompson,0,14,3,30,39,1.0,0.07692127608583459,0.10194679858754725,0.25,5,hard_capacity_control,-100.55626119379933,-1199.919120068375,77.23895115228476,69.61524112997978,1,0,0.42705910285711063,69.61524112997978
discretized_contextual,0,14,3,30,39,1.0,0.1507565734049055,0.07733601215844041,0.25,10,moderate_marine_reserve,0.7350533058733437,-648.9918770593276,166.08542195192055,158.95570629947775,0,,0.3239635616666084,158.95570629947775
linucb,0,14,4,40,49,1.0,0.058012700941649814,0.042705910285711066,0.3333333333333333,11,strong_marine_reserve,-100.0486177066229,-621.3964115117823,68.73344458666753,68.51515841036272,1,0,0.17889671854334988,68.8084742455193
contextual_thompson,0,14,4,40,49,1.0,0.058012700941649814,0.042705910285711066,0.3333333333333333,11,strong_marine_reserve,-100.0486177066229,-621.3964115117823,68.73344458666753,68.51515841036272,1,0,0.17889671854334988,68.8084742455193
discretized_contextual,0,14,4,40,49,1.0,0.13246308858289813,0.03239635616666084,0.3333333333333333,1,baseline_laissez_faire,1.082234647362538,-203.68730495994828,154.31063427869836,152.86579376779173,0,,0.13570959551508233,152.88553903954727
linucb,0,14,5,50,59,1.0,0.05734039520459942,0.017889671854334988,0.4166666666666667,4,high_taxation,-99.65017882208612,-225.89513561319743,69.0859576232515,68.69830683673841,1,0,0.074940530927605,69.87039832804552
contextual_thompson,0,14,5,50,59,1.0,0.05734039520459942,0.017889671854334988,0.4166666666666667,10,moderate_marine_reserve,-99.66560935324098,-246.93646650409144,69.75925359157341,68.88159720768735,1,0,0.074940530927605,70.96610892858641
discretized_contextual,0,14,5,50,59,1.0,0.1274046158662894,0.013570959551508232,0.4166666666666667,1,baseline_laissez_faire,1.2032059798527368,-86.70407210089016,154.78920623443523,153.00219704876457,0,,0.05684927718451349,157.3313102175242
linucb,0,14,6,60,69,1.0,0.058225331940037935,0.0074940530927604995,0.5,1,baseline_laissez_faire,-99.49554481041929,-93.47344064987121,71.75143562767147,70.15154708409521,1,0,0.03139287976570931,73.55853154911993
contextual_thompson,0,14,6,60,69,1.0,0.05913842410715534,0.0074940530927604995,0.5,7,weak_capacity_control,-99.48558679125831,-92.89061319391634,72.87645863227168,71.25163427225714,1,0,0.03139287976570931,74.71173297512924
discretized_contextual,0,14,6,60,69,1.0,0.13110942518127017,0.005684927718451349,0.5,1,baseline_laissez_faire,1.3173730399051982,-33.53832258092458,162.1093634983347,158.0879350909965,0,,0.023814383236021582,166.51758124718432
linucb,0,14,7,70,79,1.0,0.06129877629093328,0.0031392879765709306,0.5833333333333334,1,baseline_laissez_faire,-99.40276430664258,-38.222397354864,76.25497088547482,74.01457286438503,1,0,0.013150599385749199,78.61781801617083
contextual_thompson,0,14,7,70,79,1.0,0.062259777479274366,0.0031392879765709306,0.5833333333333334,4,high_taxation,-99.39254505082404,-37.963682978763764,77.45023585856686,75.17488790188138,1,0,0.013150599385749199,79.84994312075551
discretized_contextual,0,14,7,70,79,1.0,0.13876465103932026,0.002381438323602158,0.5833333333333334,1,baseline_laissez_faire,1.4281157703388991,-12.206027368725714,172.83861572491497,167.60025302843073,0,,0.009975937725143113,178.31865459615142
linucb,0,14,8,80,89,1.0,0.06551484834680903,0.00131505993857492,0.6666666666666666,1,baseline_laissez_faire,-99.33366648216396,-15.514886804273539,81.82180855683674,79.176768108019,1,0,0.005508837210703079,84.55558092664414
contextual_thompson,0,14,8,80,89,1.0,0.06654161926729626,0.00131505993857492,0.6666666666666666,1,baseline_laissez_faire,-99.32286620529152,-15.39876353604319,83.10390698934161,80.41761227419278,1,0,0.005508837210703079,85.88031250368027
discretized_contextual,0,14,8,80,89,1.0,0.14859887883012618,0.0009975937725143114,0.6666666666666666,10,moderate_marine_reserve,1.540422327834405,-7.612321229563211,185.7641578876762,179.62823622138168,0,,0.004178959098357031,192.07033693579254
linucb,0,14,9,90,99,1.0,0.07046298410553678,0.0005508837210703079,0.75,1,baseline_laissez_faire,-99.27170841105068,-6.260821085128647,88.1462892041324,85.18884529206547,1,0,0.002307673325286836,91.18028110368856
contextual_thompson,0,14,9,90,99,1.0,0.07156692708640022,0.0005508837210703079,0.75,1,baseline_laissez_faire,-99.26015014800743,-6.208458790074957,89.52699729391668,86.52345081311807,1,0,0.002307673325286836,92.6082769891316
discretized_contextual,0,14,9,90,99,1.0,0.16005861411316044,0.00041789590983570314,0.75,10,moderate_marine_reserve,1.666112432865229,-2.8518182682079245,200.27571013601244,193.52227840123643,0,,0.001750582213612453,207.18757138085718
linucb,0,14,10,100,109,1.0,0.07598356758640713,0.00023076733252868362,0.8333333333333334,1,baseline_laissez_faire,-99.20987191050806,-2.512233853648972,95.11683880147135,91.87750247964668,1,0,0.0009666933279302226,98.43016793380932
contextual_thompson,0,14,10,100,109,1.0,0.07717356415760966,0.00023076733252868362,0.8333333333333334,1,baseline_laissez_faire,-99.19743723388837,-2.4885778848956575,96.60616127958366,93.31636261171852,1,0,0.0009666933279302226,99.97109502970227
discretized_contextual,0,14,10,100,109,1.0,0.17265630948404764,0.0001750582213612453,0.8333333333333334,4,high_taxation,1.800466749069137,-0.33411156472762216,216.0961032760638,208.7668502279795,0,,0.0007333256953438734,223.58754214050154
linucb,0,14,11,110,119,1.0,0.08202513994484109,9.666933279302226e-05,0.9166666666666666,1,baseline_laissez_faire,-99.14510248031903,-1.0010125624207178,102.70782386920521,99.18912878021281,1,0,0.0004049515934620661,106.30246002103608
contextual_thompson,0,14,11,110,119,1.0,0.08330924585808522,9.666933279302226e-05,0.9166666666666666,1,baseline_laissez_faire,-99.13169529519253,-0.9896413895213144,104.31532154363764,100.74187324313912,1,0,0.0004049515934620661,107.96588174720682
discretized_contextual,0,14,11,110,119,1.0,0.18632295178375127,7.333256953438734e-05,0.9166666666666666,7,weak_capacity_control,1.943669651569624,-0.04480983499804886,233.24573536855462,225.30211728225825,0,,0.0003075211027990014,241.35707918608225
linucb,0,15,0,0,9,1.0,0.8333333333333334,0.1,0.0,5,hard_capacity_control,10.490521369403732,3448.0349987194627,845.0983644821124,685.0617923614428,0,,2.0946658360156425,685.0617923614428
contextual_thompson,0,15,0,0,9,1.0,0.8333333333333334,0.1,0.0,5,hard_capacity_control,10.490521369403732,3448.0349987194627,845.0983644821124,685.0617923614428,0,,2.0946658360156425,685.0617923614428
discretized_contextual,0,15,0,0,9,1.0,0.8333333333333334,0.1,0.0,1,baseline_laissez_faire,10.490521369403732,3448.0349987194627,845.0983644821124,685.0617923614428,0,,2.0946658360156425,685.0617923614428
linucb,0,15,1,10,19,1.0,0.570884826967869,0.20946658360156425,0.08333333333333333,5,hard_capacity_control,7.172915297017182,3721.5387171817497,414.165189580252,210.99693960739452,0,,2.433656061354898,210.99693960739452
contextual_thompson,0,15,1,10,19,1.0,0.570884826967869,0.20946658360156425,0.08333333333333333,5,hard_capacity_control,7.172915297017182,3721.5387171817497,414.165189580252,210.99693960739452,0,,2.433656061354898,210.99693960739452
discretized_contextual,0,15,1,10,19,1.0,0.570884826967869,0.20946658360156425,0.08333333333333333,4,high_taxation,7.324214420796293,3594.777460708412,447.5324352105458,278.56464632792336,0,,1.8461516924318044,278.56464632792336
linucb,0,15,2,20,29,1.0,0.1758307830061621,0.2433656061354898,0.16666666666666666,5,hard_capacity_control,-50.58587411208708,-1652.3190888752126,127.9733972145757,92.3055313030015,1,5,1.0194679858754725,92.3055313030015
contextual_thompson,0,15,2,20,29,1.0,0.1758307830061621,0.2433656061354898,0.16666666666666666,5,hard_capacity_control,-50.58587411208708,-1652.3190888752126,127.9733972145757,92.3055313030015,1,5,1.0194679858754725,92.3055313030015
discretized_contextual,0,15,2,20,29,1.0,0.23213720527326948,0.18461516924318044,0.16666666666666666,10,moderate_marine_reserve,0.8526458376843136,-922.1824393109827,212.97939323943552,180.9078880858866,0,,0.7733601215844041,180.9078880858866
linucb,0,15,3,30,39,1.0,0.07692127608583459,0.10194679858754725,0.25,5,hard_capacity_control,-100.55626119379933,-1199.919120068375,77.23895115228476,69.61524112997978,1,0,0.42705910285711063,69.61524112997978
contextual_thompson,0,15,3,30,39,1.0,0.07692127608583459,0.10194679858754725,0.25,5,hard_capacity_control,-100.55626119379933,-1199.919120068375,77.23895115228476,69.61524112997978,1,0,0.42705910285711063,69.61524112997978
discretized_contextual,0,15,3,30,39,1.0,0.1507565734049055,0.07733601215844041,0.25,10,moderate_marine_reserve,0.7350533058733437,-648.9918770593276,166.08542195192055,158.95570629947775,0,,0.3239635616666084,158.95570629947775
linucb,0,15,4,40,49,1.0,0.058012700941649814,0.042705910285711066,0.3333333333333333,7,weak_capacity_control,-99.99275753515425,-544.7100541464667,66.23430227906685,64.81157573410937,1,0,0.17889671854334988,64.81157573410937
contextual_thompson,0,15,4,40,49,1.0,0.058012700941649814,0.042705910285711066,0.3333333333333333,7,weak_capacity_control,-99.99275753515425,-544.7100541464667,66.23430227906685,64.81157573410937,1,0,0.17889671854334988,64.81157573410937
discretized_contextual,0,15,4,40,49,1.0,0.13246308858289813,0.03239635616666084,0.3333333333333333,1,baseline_laissez_faire,1.082234647362538,-203.68730495994828,154.31063427869836,152.86579376779173,0,,0.13570959551508233,152.88553903954727
linucb,0,15,5,50,59,1.0,0.05400964644509114,0.017889671854334988,0.4166666666666667,3,moderate_taxation,-99.6886091012348,-230.8885876618605,65.07353837124532,64.70802322165552,1,0,0.074940530927605,65.81291244353963
contextual_thompson,0,15,5,50,59,1.0,0.05400964644509114,0.017889671854334988,0.4166666666666667,10,moderate_marine_reserve,-99.70314335768461,-250.70780732882506,65.7077339573038,64.88055911634785,1,0,0.074940530927605,66.84500072813736
discretized_contextual,0,15,5,50,59,1.0,0.1274046158662894,0.013570959551508232,0.4166666666666667,1,baseline_laissez_faire,1.2032059798527368,-86.70407210089016,154.78920623443523,153.00219704876457,0,,0.05684927718451349,157.3313102175242
linucb,0,15,6,60,69,1.0,0.054844093702949695,0.0074940530927604995,0.5,10,moderate_marine_reserve,-99.53880309297513,-104.30737144477155,67.86051341635856,66.13949638831538,1,0,0.03139287976570931,69.73965335784946
contextual_thompson,0,15,6,60,69,1.0,0.055704167273447805,0.0074940530927604995,0.5,4,high_taxation,-99.52304043869144,-95.08271271320054,68.6450728826119,67.11405996904472,1,0,0.03139287976570931,70.37433883438834
discretized_contextual,0,15,6,60,69,1.0,0.13110942518127017,0.005684927718451349,0.5,1,baseline_laissez_faire,1.3173730399051982,-33.53832258092458,162.1093634983347,158.0879350909965,0,,0.023814383236021582,166.51758124718432
linucb,0,15,7,70,79,1.0,0.058116377798207886,0.0031392879765709306,0.5833333333333334,1,baseline_laissez_faire,-99.43660622158896,-39.07914848840428,72.29675122793273,70.1721297183814,1,0,0.013150599385749199,74.53749406532461
contextual_thompson,0,15,7,70,79,1.0,0.058645282361990285,0.0031392879765709306,0.5833333333333334,1,baseline_laissez_faire,-99.43098176070217,-38.93675842699948,72.95459972697965,70.81073245792962,1,0,0.013150599385749199,75.21564020287624
discretized_contextual,0,15,7,70,79,1.0,0.13876465103932026,0.002381438323602158,0.5833333333333334,1,baseline_laissez_faire,1.4281157703388991,-12.206027368725714,172.83861572491497,167.60025302843073,0,,0.009975937725143113,178.31865459615142
linucb,0,15,8,80,89,1.0,0.06211457838777051,0.00131505993857492,0.6666666666666666,1,baseline_laissez_faire,-99.36943328597332,-15.899445669375435,77.57593916352657,75.06756095034163,1,0,0.005508837210703079,80.1684804015327
contextual_thompson,0,15,8,80,89,1.0,0.06267970016906353,0.00131505993857492,0.6666666666666666,1,baseline_laissez_faire,-99.36348882825894,-15.835531982610638,78.28160444684137,75.75050841197817,1,0,0.005508837210703079,80.89762312784586
discretized_contextual,0,15,8,80,89,1.0,0.14859887883012618,0.0009975937725143114,0.6666666666666666,7,weak_capacity_control,1.5429577335437106,-4.173098032265074,185.6556997891171,179.60422112816966,0,,0.004178959098357031,191.89145218969293
linucb,0,15,9,90,99,1.0,0.06680706700127725,0.0005508837210703079,0.75,1,baseline_laissez_faire,-99.30998631076419,-6.434230389182054,83.57375035499834,80.7690348827458,1,0,0.002307673325286836,86.45108562610737
contextual_thompson,0,15,9,90,99,1.0,0.06741468593987156,0.0005508837210703079,0.75,1,baseline_laissez_faire,-99.30362441139614,-6.40540933017989,84.33371975208553,81.50361515248763,1,0,0.002307673325286836,87.23709734977147
discretized_contextual,0,15,9,90,99,1.0,0.15990954349141076,0.00041789590983570314,0.75,7,weak_capacity_control,1.6656999671194164,-1.3027297661898423,200.04032362627274,193.33123151053073,0,,0.001750582213612453,206.91398571304663
linucb,0,15,10,100,109,1.0,0.07204257135508947,0.00023076733252868362,0.8333333333333334,1,baseline_laissez_faire,-99.25105330950429,-2.5905777897887834,90.1844721942605,87.11231497152646,1,0,0.0009666933279302226,93.32683565444543
contextual_thompson,0,15,10,100,109,1.0,0.07269758112480956,0.00023076733252868362,0.8333333333333334,1,baseline_laissez_faire,-99.24420872825125,-2.5775566223014654,91.00425940452631,87.90431000999237,1,0,0.0009666933279302226,94.17504476703748
discretized_contextual,0,15,10,100,109,1.0,0.17242832142753886,0.0001750582213612453,0.8333333333333334,7,weak_capacity_control,1.798086268102579,-0.33789226008296097,215.8108992435195,208.49120413844582,0,,0.0007333256953438734,223.29257217183837
linucb,0,15,11,110,119,1.0,0.07777236304537119,9.666933279302226e-05,0.9166666666666666,1,baseline_laissez_faire,-99.18950492319398,-1.0373515919527938,97.3838914077562,94.04664492681071,1,0,0.0004049515934620661,100.79321722348008
contextual_thompson,0,15,11,110,119,1.0,0.07847920397253123,9.666933279302226e-05,0.9166666666666666,1,baseline_laissez_faire,-99.18212495166755,-1.0314262079431191,98.26877694484806,94.90136280557498,1,0,0.0004049515934620661,101.70891400400329
discretized_contextual,0,15,11,110,119,1.0,0.18607714347653198,7.333256953438734e-05,0.9166666666666666,7,weak_capacity_control,1.9411050494384994,-0.04651758235417183,232.93818804250242,225.00491336825988,0,,0.00030744351557859145,241.03897501981257
linucb,0,16,0,0,9,1.0,0.8333333333333334,0.1,0.0,5,hard_capacity_control,10.490521369403732,3448.0349987194627,845.0983644821124,685.0617923614428,0,,2.0946658360156425,685.0617923614428
contextual_thompson,0,16,0,0,9,1.0,0.8333333333333334,0.1,0.0,5,hard_capacity_control,10.490521369403732,3448.0349987194627,845.0983644821124,685.0617923614428,0,,2.0946658360156425,685.0617923614428
discretized_contextual,0,16,0,0,9,1.0,0.8333333333333334,0.1,0.0,1,baseline_laissez_faire,10.490521369403732,3448.0349987194627,845.0983644821124,685.0617923614428,0,,2.0946658360156425,685.0617923614428
linucb,0,16,1,10,19,1.0,0.570884826967869,0.20946658360156425,0.08333333333333333,5,hard_capacity_control,7.172915297017182,3721.5387171817497,414.165189580252,210.99693960739452,0,,2.433656061354898,210.99693960739452
contextual_thompson,0,16,1,10,19,1.0,0.570884826967869,0.20946658360156425,0.08333333333333333,5,hard_capacity_control,7.172915297017182,3721.5387171817497,414.165189580252,210.99693960739452,0,,2.433656061354898,210.99693960739452
discretized_contextual,0,16,1,10,19,1.0,0.570884826967869,0.20946658360156425,0.08333333333333333,4,high_taxation,7.324214420796293,3594.777460708412,447.5324352105458,278.56464632792336,0,,1.8461516924318044,278.56464632792336
linucb,0,16,2,20,29,1.0,0.1758307830061621,0.2433656061354898,0.16666666666666666,5,hard_capacity_control,-50.58587411208708,-1652.3190888752126,127.9733972145757,92.3055313030015,1,5,1.0194679858754725,92.3055313030015
contextual_thompson,0,16,2,20,29,1.0,0.1758307830061621,0.2433656061354898,0.16666666666666666,5,hard_capacity_control,-50.58587411208708,-1652.3190888752126,127.9733972145757,92.3055313030015,1,5,1.0194679858754725,92.3055313030015
discretized_contextual,0,16,2,20,29,1.0,0.23213720527326948,0.18461516924318044,0.16666666666666666,10,moderate_marine_reserve,0.8526458376843136,-922.1824393109827,212.97939323943552,180.9078880858866,0,,0.7733601215844041,180.9078880858866
linucb,0,16,3,30,39,1.0,0.07692127608583459,0.10194679858754725,0.25,5,hard_capacity_control,-100.55626119379933,-1199.919120068375,77.23895115228476,69.61524112997978,1,0,0.42705910285711063,69.61524112997978
contextual_thompson,0,16,3,30,39,1.0,0.07692127608583459,0.10194679858754725,0.25,5,hard_capacity_control,-100.55626119379933,-1199.919120068375,77.23895115228476,69.61524112997978,1,0,0.42705910285711063,69.61524112997978
discretized_contextual,0,16,3,30,39,1.0,0.1507565734049055,0.07733601215844041,0.25,10,moderate_marine_reserve,0.7350533058733437,-648.9918770593276,166.08542195192055,158.95570629947775,0,,0.3239635616666084,158.95570629947775
linucb,0,16,4,40,49,1.0,0.058012700941649814,0.042705910285711066,0.3333333333333333,11,strong_marine_reserve,-100.0486177066229,-621.3964115117823,68.73344458666753,68.51515841036272,1,0,0.17889671854334988,68.8084742455193
contextual_thompson,0,16,4,40,49,1.0,0.058012700941649814,0.042705910285711066,0.3333333333333333,11,strong_marine_reserve,-100.0486177066229,-621.3964115117823,68.73344458666753,68.51515841036272,1,0,0.17889671854334988,68.8084742455193
discretized_contextual,0,16,4,40,49,1.0,0.13246308858289813,0.03239635616666084,0.3333333333333333,1,baseline_laissez_faire,1.082234647362538,-203.68730495994828,154.31063427869836,152.86579376779173,0,,0.13570959551508233,152.88553903954727
linucb,0,16,5,50,59,1.0,0.05734039520459942,0.017889671854334988,0.4166666666666667,4,high_taxation,-99.65017882208612,-225.89513561319743,69.0859576232515,68.69830683673841,1,0,0.074940530927605,69.87039832804552
contextual_thompson,0,16,5,50,59,1.0,0.05734039520459942,0.017889671854334988,0.4166666666666667,3,moderate_taxation,-99.65017882208612,-225.89513561319743,69.0859576232515,68.69830683673841,1,0,0.074940530927605,69.87039832804552
discretized_contextual,0,16,5,50,59,1.0,0.1274046158662894,0.013570959551508232,0.4166666666666667,1,baseline_laissez_faire,1.2032059798527368,-86.70407210089016,154.78920623443523,153.00219704876457,0,,0.05684927718451349,157.3313102175242
linucb,0,16,6,60,69,1.0,0.058225331940037935,0.0074940530927604995,0.5,10,moderate_marine_reserve,-99.50232096285787,-102.683917582306,72.04355456693222,70.21699864343056,1,0,0.03139287976570931,74.03795437759472
contextual_thompson,0,16,6,60,69,1.0,0.058225331940037935,0.0074940530927604995,0.5,4,high_taxation,-99.49554481041929,-93.47344064987121,71.75143562767147,70.15154708409521,1,0,0.03139287976570931,73.55853154911993
discretized_contextual,0,16,6,60,69,1.0,0.13110942518127017,0.005684927718451349,0.5,1,baseline_laissez_faire,1.3173730399051982,-33.53832258092458,162.1093634983347,158.0879350909965,0,,0.023814383236021582,166.51758124718432
linucb,0,16,7,70,79,1.0,0.06169829531466226,0.0031392879765709306,0.5833333333333334,1,baseline_laissez_faire,-99.39851582749733,-38.11484137180636,76.75188166493614,74.49695318395936,1,0,0.013150599385749199,79.13005342065473
contextual_thompson,0,16,7,70,79,1.0,0.06129877629093328,0.0031392879765709306,0.5833333333333334,1,baseline_laissez_faire,-99.40276430664258,-38.222397354864,76.25497088547482,74.01457286438503,1,0,0.013150599385749199,78.61781801617083
discretized_contextual,0,16,7,70,79,1.0,0.13876465103932026,0.002381438323602158,0.5833333333333334,1,baseline_laissez_faire,1.4281157703388991,-12.206027368725714,172.83861572491497,167.60025302843073,0,,0.009975937725143113,178.31865459615142
linucb,0,16,8,80,89,1.0,0.06594171118387894,0.00131505993857492,0.6666666666666666,1,baseline_laissez_faire,-99.32917644012014,-15.466610441390367,82.35482043854849,79.69262847017613,1,0,0.005508837210703079,85.10631761738338
contextual_thompson,0,16,8,80,89,1.0,0.06551484834680903,0.00131505993857492,0.6666666666666666,1,baseline_laissez_faire,-99.33366648216396,-15.514886804273539,81.82180855683674,79.176768108019,1,0,0.005508837210703079,84.55558092664414
discretized_contextual,0,16,8,80,89,1.0,0.14859887883012618,0.0009975937725143114,0.6666666666666666,7,weak_capacity_control,1.5429577335437106,-4.173098032265074,185.6556997891171,179.60422112816966,0,,0.004178959098357031,191.89145218969293
linucb,0,16,9,90,99,1.0,0.07092193134781949,0.0005508837210703079,0.75,1,baseline_laissez_faire,-99.26690323298536,-6.23905224243761,88.7202983108495,85.74368710012348,1,0,0.002307673325286836,91.77395030130799
contextual_thompson,0,16,9,90,99,1.0,0.07046298410553678,0.0005508837210703079,0.75,1,baseline_laissez_faire,-99.27170841105068,-6.260821085128647,88.1462892041324,85.18884529206547,1,0,0.002307673325286836,91.18028110368856
discretized_contextual,0,16,9,90,99,1.0,0.15990954349141076,0.00041789590983570314,0.75,7,weak_capacity_control,1.6656999671194164,-1.3027297661898423,200.04032362627274,193.33123151053073,0,,0.001750582213612453,206.91398571304663
linucb,0,16,10,100,109,1.0,0.07647829191775667,0.00023076733252868362,0.8333333333333334,1,baseline_laissez_faire,-99.20470235851049,-2.5023992041592287,95.73600488324023,92.47568854132408,1,0,0.0009666933279302226,99.070788980817
contextual_thompson,0,16,10,100,109,1.0,0.07598356758640713,0.00023076733252868362,0.8333333333333334,1,baseline_laissez_faire,-99.20987191050806,-2.512233853648972,95.11683880147135,91.87750247964668,1,0,0.0009666933279302226,98.43016793380932
discretized_contextual,0,16,10,100,109,1.0,0.17242832142753886,0.0001750582213612453,0.8333333333333334,7,weak_capacity_control,1.798086268102579,-0.33789226008296097,215.8108992435195,208.49120413844582,0,,0.0007333256953438734,223.29257217183837
linucb,0,16,11,110,119,1.0,0.0825589908173475,9.666933279302226e-05,0.9166666666666666,1,baseline_laissez_faire,-99.13952861456788,-0.9963087263004071,103.37612329901044,99.83466298915347,1,0,0.0004049515934620661,106.99401058785513
contextual_thompson,0,16,11,110,119,1.0,0.08202513994484109,9.666933279302226e-05,0.9166666666666666,1,baseline_laissez_faire,-99.14510248031903,-1.0010125624207178,102.70782386920521,99.18912878021281,1,0,0.0004049515934620661,106.30246002103608
discretized_contextual,0,16,11,110,119,1.0,0.18607714347653198,7.333256953438734e-05,0.9166666666666666,7,weak_capacity_control,1.9411050494384994,-0.04651758235417183,232.93818804250242,225.00491336825988,0,,0.00030744351557859145,241.03897501981257
linucb,0,17,0,0,9,1.0,0.8333333333333334,0.1,0.0,5,hard_capacity_control,10.490521369403732,3448.0349987194627,845.0983644821124,685.0617923614428,0,,2.0946658360156425,685.0617923614428
contextual_thompson,0,17,0,0,9,1.0,0.8333333333333334,0.1,0.0,5,hard_capacity_control,10.490521369403732,3448.0349987194627,845.0983644821124,685.0617923614428,0,,2.0946658360156425,685.0617923614428
discretized_contextual,0,17,0,0,9,1.0,0.8333333333333334,0.1,0.0,5,hard_capacity_control,10.490521369403732,3448.0349987194627,845.0983644821124,685.0617923614428,0,,2.0946658360156425,685.0617923614428
linucb,0,17,1,10,19,1.0,0.570884826967869,0.20946658360156425,0.08333333333333333,5,hard_capacity_control,7.172915297017182,3721.5387171817497,414.165189580252,210.99693960739452,0,,2.433656061354898,210.99693960739452
contextual_thompson,0,17,1,10,19,1.0,0.570884826967869,0.20946658360156425,0.08333333333333333,5,hard_capacity_control,7.172915297017182,3721.5387171817497,414.165189580252,210.99693960739452,0,,2.433656061354898,210.99693960739452
discretized_contextual,0,17,1,10,19,1.0,0.570884826967869,0.20946658360156425,0.08333333333333333,10,moderate_marine_reserve,6.454378216979453,2634.511067824895,458.3840578985469,303.11143305553713,0,,1.9444986463839253,303.11143305553713
linucb,0,17,2,20,29,1.0,0.1758307830061621,0.2433656061354898,0.16666666666666666,5,hard_capacity_control,-50.58587411208708,-1652.3190888752126,127.9733972145757,92.3055313030015,1,5,1.0194679858754725,92.3055313030015
contextual_thompson,0,17,2,20,29,1.0,0.1758307830061621,0.2433656061354898,0.16666666666666666,5,hard_capacity_control,-50.58587411208708,-1652.3190888752126,127.9733972145757,92.3055313030015,1,5,1.0194679858754725,92.3055313030015
discretized_contextual,0,17,2,20,29,1.0,0.2525928608796143,0.19444986463839253,0.16666666666666666,3,moderate_taxation,1.4535330932192077,-207.07648608419697,199.27314951640852,151.14751564022433,0,,0.8715935650282753,151.14751564022433
linucb,0,17,3,30,39,1.0,0.07692127608583459,0.10194679858754725,0.25,5,hard_capacity_control,-100.55626119379933,-1199.919120068375,77.23895115228476,69.61524112997978,1,0,0.42705910285711063,69.61524112997978
contextual_thompson,0,17,3,30,39,1.0,0.07692127608583459,0.10194679858754725,0.25,5,hard_capacity_control,-100.55626119379933,-1199.919120068375,77.23895115228476,69.61524112997978,1,0,0.42705910285711063,69.61524112997978
discretized_contextual,0,17,3,30,39,1.0,0.12595626303352028,0.08715935650282754,0.25,10,moderate_marine_reserve,0.2637426598726894,-876.0859632954856,136.779434780181,129.73509167362755,0,,0.36511393304553735,129.73509167362755
linucb,0,17,4,40,49,1.0,0.058012700941649814,0.042705910285711066,0.3333333333333333,7,weak_capacity_control,-99.99275753515425,-544.7100541464667,66.23430227906685,64.81157573410937,1,0,0.17889671854334988,64.81157573410937
contextual_thompson,0,17,4,40,49,1.0,0.058012700941649814,0.042705910285711066,0.3333333333333333,7,weak_capacity_control,-99.99275753515425,-544.7100541464667,66.23430227906685,64.81157573410937,1,0,0.17889671854334988,64.81157573410937
discretized_contextual,0,17,4,40,49,1.0,0.10811257639468963,0.03651139330455373,0.3333333333333333,1,baseline_laissez_faire,0.7308316888348951,-310.1514054637617,124.91797131583883,123.14698307358785,0,,0.15294764607361055,123.14698307358785
linucb,0,17,5,50,59,1.0,0.05400964644509114,0.017889671854334988,0.4166666666666667,3,moderate_taxation,-99.6886091012348,-230.8885876618605,65.07353837124532,64.70802322165552,1,0,0.074940530927605,65.81291244353963
contextual_thompson,0,17,5,50,59,1.0,0.05400964644509114,0.017889671854334988,0.4166666666666667,4,high_taxation,-99.6886091012348,-230.8885876618605,65.07353837124532,64.70802322165552,1,0,0.074940530927605,65.81291244353963
discretized_contextual,0,17,5,50,59,1.0,0.10262248589465654,0.015294764607361056,0.4166666666666667,1,baseline_laissez_faire,0.9029469621139627,-132.5785574033543,124.26306234207804,123.14529755138727,0,,0.06407036358303216,126.0501515320354
linucb,0,17,6,60,69,1.0,0.054844093702949695,0.0074940530927604995,0.5,1,baseline_laissez_faire,-99.53242042209965,-95.63170556904626,67.58535401632729,66.07784570581023,1,0,0.03139287976570931,69.28806030275011
contextual_thompson,0,17,6,60,69,1.0,0.054844093702949695,0.0074940530927604995,0.5,1,baseline_laissez_faire,-99.53242042209965,-95.63170556904626,67.58535401632729,66.07784570581023,1,0,0.03139287976570931,69.28806030275011
discretized_contextual,0,17,6,60,69,1.0,0.10504179294336283,0.006407036358303216,0.5,1,baseline_laissez_faire,1.027578827820969,-53.26235797093287,129.70094229502826,126.61624232438852,0,,0.026839324403111604,133.12078849252143
linucb,0,17,7,70,79,1.0,0.05774005025229176,0.0031392879765709306,0.5833333333333334,1,baseline_laissez_faire,-99.4406081626883,-39.18046241179946,71.82867596681893,69.71774923775551,1,0,0.013150599385749199,74.0549755342241
contextual_thompson,0,17,7,70,79,1.0,0.05774005025229176,0.0031392879765709306,0.5833333333333334,1,baseline_laissez_faire,-99.4406081626883,-39.18046241179946,71.82867596681893,69.71774923775551,1,0,0.013150599385749199,74.0549755342241
discretized_contextual,0,17,7,70,79,1.0,0.11093399041043452,0.0026839324403111603,0.5833333333333334,1,baseline_laissez_faire,1.1301481975082286,-20.692330030238928,138.1008633046161,133.96954747292128,0,,0.01124309734065928,142.43674689791314
linucb,0,17,8,80,89,1.0,0.061712479611853416,0.00131505993857492,0.6666666666666666,1,baseline_laissez_faire,-99.37366293301451,-15.944921997493587,77.07383867795733,74.58162591951854,1,0,0.005508837210703079,79.64967390423702
contextual_thompson,0,17,8,80,89,1.0,0.061712479611853416,0.00131505993857492,0.6666666666666666,1,baseline_laissez_faire,-99.37366293301451,-15.944921997493587,77.07383867795733,74.58162591951854,1,0,0.005508837210703079,79.64967390423702
discretized_contextual,0,17,8,80,89,1.0,0.11869728908159428,0.001124309734065928,0.6666666666666666,7,weak_capacity_control,1.2277691096523937,-7.828550248336127,148.27171918808762,143.4573201034379,0,,0.0047097771878671,153.23880251838932
linucb,0,17,9,90,99,1.0,0.06637472825353084,0.0005508837210703079,0.75,1,baseline_laissez_faire,-99.31451300257245,-6.454737461944177,83.03300818673988,80.24635914358844,1,0,0.002307673325286836,85.89181217855817
contextual_thompson,0,17,9,90,99,1.0,0.06637472825353084,0.0005508837210703079,0.75,1,baseline_laissez_faire,-99.31451300257245,-6.454737461944177,83.03300818673988,80.24635914358844,1,0,0.002307673325286836,85.89181217855817
discretized_contextual,0,17,9,90,99,1.0,0.12769900209865775,0.00047097771878671003,0.75,7,weak_capacity_control,1.3283148880285474,-2.8797685623226226,159.7433587909044,154.38719195454027,0,,0.0019729439750676933,165.23390318401152
linucb,0,17,10,100,109,1.0,0.07157651014879847,0.00023076733252868362,0.8333333333333334,1,baseline_laissez_faire,-99.25592347181272,-2.599842803163998,89.60116451885206,86.54878388327663,1,0,0.0009666933279302226,92.72330322384406
contextual_thompson,0,17,10,100,109,1.0,0.07157651014879847,0.00023076733252868362,0.8333333333333334,1,baseline_laissez_faire,-99.25592347181272,-2.599842803163998,89.60116451885206,86.54878388327663,1,0,0.0009666933279302226,92.72330322384406
discretized_contextual,0,17,10,100,109,1.0,0.1376949193200096,0.00019729439750676932,0.8333333333333334,7,weak_capacity_control,1.4352087324382938,-1.021869503357418,172.34767223299818,166.49453702132968,0,,0.00082647390173434,178.3320292548013
linucb,0,17,11,110,119,1.0,0.07726941935320338,9.666933279302226e-05,0.9166666666666666,1,baseline_laissez_faire,-99.19475604112942,-1.041541357824805,96.75426002740817,93.43848090116123,1,0,0.0004049515934620661,100.14165942958724
contextual_thompson,0,17,11,110,119,1.0,0.07726941935320338,9.666933279302226e-05,0.9166666666666666,1,baseline_laissez_faire,-99.19475604112942,-1.041541357824805,96.75426002740817,93.43848090116123,1,0,0.0004049515934620661,100.14165942958724
discretized_contextual,0,17,11,110,119,1.0,0.1486100243790011,8.264739017343399e-05,0.9166666666666666,7,weak_capacity_control,1.550086105753574,-0.34394473127091274,186.0516060581814,179.70213982346868,0,,0.00034621313067166403,192.53631428616464
linucb,0,18,0,0,9,1.0,0.8333333333333334,0.1,0.0,5,hard_capacity_control,10.490521369403732,3448.0349987194627,845.0983644821124,685.0617923614428,0,,2.0946658360156425,685.0617923614428
contextual_thompson,0,18,0,0,9,1.0,0.8333333333333334,0.1,0.0,5,hard_capacity_control,10.490521369403732,3448.0349987194627,845.0983644821124,685.0617923614428,0,,2.0946658360156425,685.0617923614428
discretized_contextual,0,18,0,0,9,1.0,0.8333333333333334,0.1,0.0,1,baseline_laissez_faire,10.490521369403732,3448.0349987194627,845.0983644821124,685.0617923614428,0,,2.0946658360156425,685.0617923614428
linucb,0,18,1,10,19,1.0,0.570884826967869,0.20946658360156425,0.08333333333333333,5,hard_capacity_control,7.172915297017182,3721.5387171817497,414.165189580252,210.99693960739452,0,,2.433656061354898,210.99693960739452
contextual_thompson,0,18,1,10,19,1.0,0.570884826967869,0.20946658360156425,0.08333333333333333,5,hard_capacity_control,7.172915297017182,3721.5387171817497,414.165189580252,210.99693960739452,0,,2.433656061354898,210.99693960739452
discretized_contextual,0,18,1,10,19,1.0,0.570884826967869,0.20946658360156425,0.08333333333333333,4,high_taxation,7.324214420796293,3594.777460708412,447.5324352105458,278.56464632792336,0,,1.8461516924318044,278.56464632792336
linucb,0,18,2,20,29,1.0,0.1758307830061621,0.2433656061354898,0.16666666666666666,5,hard_capacity_control,-50.58587411208708,-1652.3190888752126,127.9733972145757,92.3055313030015,1,5,1.0194679858754725,92.3055313030015
contextual_thompson,0,18,2,20,29,1.0,0.1758307830061621,0.2433656061354898,0.16666666666666666,5,hard_capacity_control,-50.58587411208708,-1652.3190888752126,127.9733972145757,92.3055313030015,1,5,1.0194679858754725,92.3055313030015
discretized_contextual,0,18,2,20,29,1.0,0.23213720527326948,0.18461516924318044,0.16666666666666666,10,moderate_marine_reserve,0.8526458376843136,-922.1824393109827,212.97939323943552,180.9078880858866,0,,0.7733601215844041,180.9078880858866
linucb,0,18,3,30,39,1.0,0.07692127608583459,0.10194679858754725,0.25,5,hard_capacity_control,-100.55626119379933,-1199.919120068375,77.23895115228476,69.61524112997978,1,0,0.42705910285711063,69.61524112997978
contextual_thompson,0,18,3,30,39,1.0,0.07692127608583459,0.10194679858754725,0.25,5,hard_capacity_control,-100.55626119379933,-1199.919120068375,77.23895115228476,69.61524112997978,1,0,0.42705910285711063,69.61524112997978
discretized_contextual,0,18,3,30,39,1.0,0.1507565734049055,0.07733601215844041,0.25,10,moderate_marine_reserve,0.7350533058733437,-648.9918770593276,166.08542195192055,158.95570629947775,0,,0.3239635616666084,158.95570629947775
linucb,0,18,4,40,49,1.0,0.058012700941649814,0.042705910285711066,0.3333333333333333,11,strong_marine_reserve,-100.0486177066229,-621.3964115117823,68.73344458666753,68.51515841036272,1,0,0.17889671854334988,68.8084742455193
contextual_thompson,0,18,4,40,49,1.0,0.058012700941649814,0.042705910285711066,0.3333333333333333,11,strong_marine_reserve,-100.0486177066229,-621.3964115117823,68.73344458666753,68.51515841036272,1,0,0.17889671854334988,68.8084742455193
discretized_contextual,0,18,4,40,49,1.0,0.13246308858289813,0.03239635616666084,0.3333333333333333,1,baseline_laissez_faire,1.082234647362538,-203.68730495994828,154.31063427869836,152.86579376779173,0,,0.13570959551508233,152.88553903954727
linucb,0,18,5,50,59,1.0,0.05734039520459942,0.017889671854334988,0.4166666666666667,10,moderate_marine_reserve,-99.66560935324098,-246.93646650409144,69.75925359157341,68.88159720768735,1,0,0.074940530927605,70.96610892858641
contextual_thompson,0,18,5,50,59,1.0,0.05734039520459942,0.017889671854334988,0.4166666666666667,10,moderate_marine_reserve,-99.66560935324098,-246.93646650409144,69.75925359157341,68.88159720768735,1,0,0.074940530927605,70.96610892858641
discretized_contextual,0,18,5,50,59,1.0,0.1274046158662894,0.013570959551508232,0.4166666666666667,10,moderate_marine_reserve,1.1748033502892645,-125.38802299494353,156.02296479410495,153.28229551671728,0,,0.05684927718451349,159.34469684498666
linucb,0,18,6,60,69,1.0,0.05913842410715534,0.0074940530927604995,0.5,4,high_taxation,-99.48558679125831,-92.89061319391634,72.87645863227168,71.25163427225714,1,0,0.03139287976570931,74.71173297512924
contextual_thompson,0,18,6,60,69,1.0,0.05913842410715534,0.0074940530927604995,0.5,1,baseline_laissez_faire,-99.48558679125831,-92.89061319391634,72.87645863227168,71.25163427225714,1,0,0.03139287976570931,74.71173297512924
discretized_contextual,0,18,6,60,69,1.0,0.1327872473708222,0.005684927718451349,0.5,1,baseline_laissez_faire,1.335522706769168,-32.659297768325196,164.18184054449918,160.11057965411632,0,,0.023814383236021582,168.6449934882636
linucb,0,18,7,70,79,1.0,0.062259777479274366,0.0031392879765709306,0.5833333333333334,1,baseline_laissez_faire,-99.39254505082404,-37.963682978763764,77.45023585856686,75.17488790188138,1,0,0.013150599385749199,79.84994312075551
contextual_thompson,0,18,7,70,79,1.0,0.062259777479274366,0.0031392879765709306,0.5833333333333334,1,baseline_laissez_faire,-99.39254505082404,-37.963682978763764,77.45023585856686,75.17488790188138,1,0,0.013150599385749199,79.84994312075551
discretized_contextual,0,18,7,70,79,1.0,0.140537494573553,0.002381438323602158,0.5833333333333334,10,moderate_marine_reserve,1.4411978288140714,-19.548575977388733,175.2895685749752,169.79544456985434,0,,0.009975937725143113,180.99661846024844
linucb,0,18,8,80,89,1.0,0.06654161926729626,0.00131505993857492,0.6666666666666666,1,baseline_laissez_faire,-99.32286620529152,-15.39876353604319,83.10390698934161,80.41761227419278,1,0,0.005508837210703079,85.88031250368027
contextual_thompson,0,18,8,80,89,1.0,0.06654161926729626,0.00131505993857492,0.6666666666666666,1,baseline_laissez_faire,-99.32286620529152,-15.39876353604319,83.10390698934161,80.41761227419278,1,0,0.005508837210703079,85.88031250368027
discretized_contextual,0,18,8,80,89,1.0,0.15083051538354036,0.0009975937725143114,0.6666666666666666,7,weak_capacity_control,1.5663870074360313,-3.966311845799908,188.44239831381975,182.301229559018,0,,0.004178959098357031,194.7705873589099
linucb,0,18,9,90,99,1.0,0.07156692708640022,0.0005508837210703079,0.75,1,baseline_laissez_faire,-99.26015014800743,-6.208458790074957,89.52699729391668,86.52345081311807,1,0,0.002307673325286836,92.6082769891316
contextual_thompson,0,18,9,90,99,1.0,0.07156692708640022,0.0005508837210703079,0.75,1,baseline_laissez_faire,-99.26015014800743,-6.208458790074957,89.52699729391668,86.52345081311807,1,0,0.002307673325286836,92.6082769891316
discretized_contextual,0,18,9,90,99,1.0,0.1623088227990916,0.00041789590983570314,0.75,1,baseline_laissez_faire,1.6907930683437784,-1.208818439312982,203.04022641397097,196.23171036239435,0,,0.001750582213612453,210.01571579125084
linucb,0,18,10,100,109,1.0,0.07717356415760966,0.00023076733252868362,0.8333333333333334,1,baseline_laissez_faire,-99.19743723388837,-2.4885778848956575,96.60616127958366,93.31636261171852,1,0,0.0009666933279302226,99.97109502970227
contextual_thompson,0,18,10,100,109,1.0,0.07717356415760966,0.00023076733252868362,0.8333333333333334,1,baseline_laissez_faire,-99.19743723388837,-2.4885778848956575,96.60616127958366,93.31636261171852,1,0,0.0009666933279302226,99.97109502970227
discretized_contextual,0,18,10,100,109,1.0,0.17501309649270905,0.0001750582213612453,0.8333333333333334,7,weak_capacity_control,1.82507437882565,-0.295029478628575,219.04432899651343,211.616290235669,0,,0.0007333256953438734,226.6367025868205
linucb,0,18,11,110,119,1.0,0.08330924585808522,9.666933279302226e-05,0.9166666666666666,1,baseline_laissez_faire,-99.13169529519253,-0.9896413895213144,104.31532154363764,100.74187324313912,1,0,0.0004049515934620661,107.96588174720682
contextual_thompson,0,18,11,110,119,1.0,0.08330924585808522,9.666933279302226e-05,0.9166666666666666,1,baseline_laissez_faire,-99.13169529519253,-0.9896413895213144,104.31532154363764,100.74187324313912,1,0,0.0004049515934620661,107.96588174720682
discretized_contextual,0,18,11,110,119,1.0,0.1888639188223504,7.333256953438734e-05,0.9166666666666666,11,strong_marine_reserve,1.969796933167494,-0.5460248052482485,236.44115495672912,228.3779756174086,0,,0.00030719298486522103,244.67174537898106
linucb,0,19,0,0,9,1.0,0.8333333333333334,0.1,0.0,5,hard_capacity_control,10.490521369403732,3448.0349987194627,845.0983644821124,685.0617923614428,0,,2.0946658360156425,685.0617923614428
contextual_thompson,0,19,0,0,9,1.0,0.8333333333333334,0.1,0.0,5,hard_capacity_control,10.490521369403732,3448.0349987194627,845.0983644821124,685.0617923614428,0,,2.0946658360156425,685.0617923614428
discretized_contextual,0,19,0,0,9,1.0,0.8333333333333334,0.1,0.0,1,baseline_laissez_faire,10.490521369403732,3448.0349987194627,845.0983644821124,685.0617923614428,0,,2.0946658360156425,685.0617923614428
linucb,0,19,1,10,19,1.0,0.570884826967869,0.20946658360156425,0.08333333333333333,5,hard_capacity_control,7.172915297017182,3721.5387171817497,414.165189580252,210.99693960739452,0,,2.433656061354898,210.99693960739452
contextual_thompson,0,19,1,10,19,1.0,0.570884826967869,0.20946658360156425,0.08333333333333333,5,hard_capacity_control,7.172915297017182,3721.5387171817497,414.165189580252,210.99693960739452,0,,2.433656061354898,210.99693960739452
discretized_contextual,0,19,1,10,19,1.0,0.570884826967869,0.20946658360156425,0.08333333333333333,4,high_taxation,7.324214420796293,3594.777460708412,447.5324352105458,278.56464632792336,0,,1.8461516924318044,278.56464632792336
linucb,0,19,2,20,29,1.0,0.1758307830061621,0.2433656061354898,0.16666666666666666,5,hard_capacity_control,-50.58587411208708,-1652.3190888752126,127.9733972145757,92.3055313030015,1,5,1.0194679858754725,92.3055313030015
contextual_thompson,0,19,2,20,29,1.0,0.1758307830061621,0.2433656061354898,0.16666666666666666,5,hard_capacity_control,-50.58587411208708,-1652.3190888752126,127.9733972145757,92.3055313030015,1,5,1.0194679858754725,92.3055313030015
discretized_contextual,0,19,2,20,29,1.0,0.23213720527326948,0.18461516924318044,0.16666666666666666,10,moderate_marine_reserve,0.8526458376843136,-922.1824393109827,212.97939323943552,180.9078880858866,0,,0.7733601215844041,180.9078880858866
linucb,0,19,3,30,39,1.0,0.07692127608583459,0.10194679858754725,0.25,5,hard_capacity_control,-100.55626119379933,-1199.919120068375,77.23895115228476,69.61524112997978,1,0,0.42705910285711063,69.61524112997978
contextual_thompson,0,19,3,30,39,1.0,0.07692127608583459,0.10194679858754725,0.25,5,hard_capacity_control,-100.55626119379933,-1199.919120068375,77.23895115228476,69.61524112997978,1,0,0.42705910285711063,69.61524112997978
discretized_contextual,0,19,3,30,39,1.0,0.1507565734049055,0.07733601215844041,0.25,10,moderate_marine_reserve,0.7350533058733437,-648.9918770593276,166.08542195192055,158.95570629947775,0,,0.3239635616666084,158.95570629947775
linucb,0,19,4,40,49,1.0,0.058012700941649814,0.042705910285711066,0.3333333333333333,7,weak_capacity_control,-99.99275753515425,-544.7100541464667,66.23430227906685,64.81157573410937,1,0,0.17889671854334988,64.81157573410937
contextual_thompson,0,19,4,40,49,1.0,0.058012700941649814,0.042705910285711066,0.3333333333333333,3,moderate_taxation,-99.99275753515425,-544.7100541464667,66.23430227906685,64.81157573410937,1,0,0.17889671854334988,64.81157573410937
discretized_contextual,0,19,4,40,49,1.0,0.13246308858289813,0.03239635616666084,0.3333333333333333,1,baseline_laissez_faire,1.082234647362538,-203.68730495994828,154.31063427869836,152.86579376779173,0,,0.13570959551508233,152.88553903954727
linucb,0,19,5,50,59,1.0,0.05400964644509114,0.017889671854334988,0.4166666666666667,3,moderate_taxation,-99.6886091012348,-230.8885876618605,65.07353837124532,64.70802322165552,1,0,0.074940530927605,65.81291244353963
contextual_thompson,0,19,5,50,59,1.0,0.05400964644509114,0.017889671854334988,0.4166666666666667,10,moderate_marine_reserve,-99.70314335768461,-250.70780732882506,65.7077339573038,64.88055911634785,1,0,0.074940530927605,66.84500072813736
discretized_contextual,0,19,5,50,59,1.0,0.1274046158662894,0.013570959551508232,0.4166666666666667,1,baseline_laissez_faire,1.2032059798527368,-86.70407210089016,154.78920623443523,153.00219704876457,0,,0.05684927718451349,157.3313102175242
linucb,0,19,6,60,69,1.0,0.054844093702949695,0.0074940530927604995,0.5,1,baseline_laissez_faire,-99.53242042209965,-95.63170556904626,67.58535401632729,66.07784570581023,1,0,0.03139287976570931,69.28806030275011
contextual_thompson,0,19,6,60,69,1.0,0.055704167273447805,0.0074940530927604995,0.5,1,baseline_laissez_faire,-99.52304043869144,-95.08271271320054,68.6450728826119,67.11405996904472,1,0,0.03139287976570931,70.37433883438834
discretized_contextual,0,19,6,60,69,1.0,0.13110942518127017,0.005684927718451349,0.5,1,baseline_laissez_faire,1.3173730399051982,-33.53832258092458,162.1093634983347,158.0879350909965,0,,0.023814383236021582,166.51758124718432
linucb,0,19,7,70,79,1.0,0.05774005025229176,0.0031392879765709306,0.5833333333333334,1,baseline_laissez_faire,-99.4406081626883,-39.18046241179946,71.82867596681893,69.71774923775551,1,0,0.013150599385749199,74.0549755342241
contextual_thompson,0,19,7,70,79,1.0,0.058645282361990285,0.0031392879765709306,0.5833333333333334,4,high_taxation,-99.43098176070217,-38.93675842699948,72.95459972697965,70.81073245792962,1,0,0.013150599385749199,75.21564020287624
discretized_contextual,0,19,7,70,79,1.0,0.13876465103932026,0.002381438323602158,0.5833333333333334,1,baseline_laissez_faire,1.4281157703388991,-12.206027368725714,172.83861572491497,167.60025302843073,0,,0.009975937725143113,178.31865459615142
linucb,0,19,8,80,89,1.0,0.061712479611853416,0.00131505993857492,0.6666666666666666,1,baseline_laissez_faire,-99.37366293301451,-15.944921997493587,77.07383867795733,74.58162591951854,1,0,0.005508837210703079,79.64967390423702
contextual_thompson,0,19,8,80,89,1.0,0.06267970016906353,0.00131505993857492,0.6666666666666666,1,baseline_laissez_faire,-99.36348882825894,-15.835531982610638,78.28160444684137,75.75050841197817,1,0,0.005508837210703079,80.89762312784586
discretized_contextual,0,19,8,80,89,1.0,0.14859887883012618,0.0009975937725143114,0.6666666666666666,7,weak_capacity_control,1.5429577335437106,-4.173098032265074,185.6556997891171,179.60422112816966,0,,0.004178959098357031,191.89145218969293
linucb,0,19,9,90,99,1.0,0.06637472825353084,0.0005508837210703079,0.75,1,baseline_laissez_faire,-99.31451300257245,-6.454737461944177,83.03300818673988,80.24635914358844,1,0,0.002307673325286836,85.89181217855817
contextual_thompson,0,19,9,90,99,1.0,0.06741468593987156,0.0005508837210703079,0.75,1,baseline_laissez_faire,-99.30362441139614,-6.40540933017989,84.33371975208553,81.50361515248763,1,0,0.002307673325286836,87.23709734977147
discretized_contextual,0,19,9,90,99,1.0,0.15990954349141076,0.00041789590983570314,0.75,7,weak_capacity_control,1.6656999671194164,-1.3027297661898423,200.04032362627274,193.33123151053073,0,,0.001750582213612453,206.91398571304663
linucb,0,19,10,100,109,1.0,0.07157651014879847,0.00023076733252868362,0.8333333333333334,1,baseline_laissez_faire,-99.25592347181272,-2.599842803163998,89.60116451885206,86.54878388327663,1,0,0.0009666933279302226,92.72330322384406
contextual_thompson,0,19,10,100,109,1.0,0.07269758112480956,0.00023076733252868362,0.8333333333333334,1,baseline_laissez_faire,-99.24420872825125,-2.5775566223014654,91.00425940452631,87.90431000999237,1,0,0.0009666933279302226,94.17504476703748
discretized_contextual,0,19,10,100,109,1.0,0.17242832142753886,0.0001750582213612453,0.8333333333333334,7,weak_capacity_control,1.798086268102579,-0.33789226008296097,215.8108992435195,208.49120413844582,0,,0.0007333256953438734,223.29257217183837
linucb,0,19,11,110,119,1.0,0.07726941935320338,9.666933279302226e-05,0.9166666666666666,1,baseline_laissez_faire,-99.19475604112942,-1.041541357824805,96.75426002740817,93.43848090116123,1,0,0.0004049515934620661,100.14165942958724
contextual_thompson,0,19,11,110,119,1.0,0.07847920397253123,9.666933279302226e-05,0.9166666666666666,1,baseline_laissez_faire,-99.18212495166755,-1.0314262079431191,98.26877694484806,94.90136280557498,1,0,0.0004049515934620661,101.70891400400329
discretized_contextual,0,19,11,110,119,1.0,0.18607714347653198,7.333256953438734e-05,0.9166666666666666,5,hard_capacity_control,1.9411050494384994,-0.04651758235417183,232.93818804250242,225.00491336825988,0,,0.00030744351557859145,241.03897501981257
linucb,0,20,0,0,9,1.0,0.8333333333333334,0.1,0.0,5,hard_capacity_control,10.490521369403732,3448.0349987194627,845.0983644821124,685.0617923614428,0,,2.0946658360156425,685.0617923614428
contextual_thompson,0,20,0,0,9,1.0,0.8333333333333334,0.1,0.0,5,hard_capacity_control,10.490521369403732,3448.0349987194627,845.0983644821124,685.0617923614428,0,,2.0946658360156425,685.0617923614428
discretized_contextual,0,20,0,0,9,1.0,0.8333333333333334,0.1,0.0,1,baseline_laissez_faire,10.490521369403732,3448.0349987194627,845.0983644821124,685.0617923614428,0,,2.0946658360156425,685.0617923614428
linucb,0,20,1,10,19,1.0,0.570884826967869,0.20946658360156425,0.08333333333333333,5,hard_capacity_control,7.172915297017182,3721.5387171817497,414.165189580252,210.99693960739452,0,,2.433656061354898,210.99693960739452
contextual_thompson,0,20,1,10,19,1.0,0.570884826967869,0.20946658360156425,0.08333333333333333,5,hard_capacity_control,7.172915297017182,3721.5387171817497,414.165189580252,210.99693960739452,0,,2.433656061354898,210.99693960739452
discretized_contextual,0,20,1,10,19,1.0,0.570884826967869,0.20946658360156425,0.08333333333333333,4,high_taxation,7.324214420796293,3594.777460708412,447.5324352105458,278.56464632792336,0,,1.8461516924318044,278.56464632792336
linucb,0,20,2,20,29,1.0,0.1758307830061621,0.2433656061354898,0.16666666666666666,5,hard_capacity_control,-50.58587411208708,-1652.3190888752126,127.9733972145757,92.3055313030015,1,5,1.0194679858754725,92.3055313030015
contextual_thompson,0,20,2,20,29,1.0,0.1758307830061621,0.2433656061354898,0.16666666666666666,5,hard_capacity_control,-50.58587411208708,-1652.3190888752126,127.9733972145757,92.3055313030015,1,5,1.0194679858754725,92.3055313030015
discretized_contextual,0,20,2,20,29,1.0,0.23213720527326948,0.18461516924318044,0.16666666666666666,10,moderate_marine_reserve,0.8526458376843136,-922.1824393109827,212.97939323943552,180.9078880858866,0,,0.7733601215844041,180.9078880858866
linucb,0,20,3,30,39,1.0,0.07692127608583459,0.10194679858754725,0.25,5,hard_capacity_control,-100.55626119379933,-1199.919120068375,77.23895115228476,69.61524112997978,1,0,0.42705910285711063,69.61524112997978
contextual_thompson,0,20,3,30,39,1.0,0.07692127608583459,0.10194679858754725,0.25,5,hard_capacity_control,-100.55626119379933,-1199.919120068375,77.23895115228476,69.61524112997978,1,0,0.42705910285711063,69.61524112997978
discretized_contextual,0,20,3,30,39,1.0,0.1507565734049055,0.07733601215844041,0.25,10,moderate_marine_reserve,0.7350533058733437,-648.9918770593276,166.08542195192055,158.95570629947775,0,,0.3239635616666084,158.95570629947775
linucb,0,20,4,40,49,1.0,0.058012700941649814,0.042705910285711066,0.3333333333333333,11,strong_marine_reserve,-100.0486177066229,-621.3964115117823,68.73344458666753,68.51515841036272,1,0,0.17889671854334988,68.8084742455193
contextual_thompson,0,20,4,40,49,1.0,0.058012700941649814,0.042705910285711066,0.3333333333333333,7,weak_capacity_control,-99.99275753515425,-544.7100541464667,66.23430227906685,64.81157573410937,1,0,0.17889671854334988,64.81157573410937
discretized_contextual,0,20,4,40,49,1.0,0.13246308858289813,0.03239635616666084,0.3333333333333333,1,baseline_laissez_faire,1.082234647362538,-203.68730495994828,154.31063427869836,152.86579376779173,0,,0.13570959551508233,152.88553903954727
linucb,0,20,5,50,59,1.0,0.05734039520459942,0.017889671854334988,0.4166666666666667,4,high_taxation,-99.65017882208612,-225.89513561319743,69.0859576232515,68.69830683673841,1,0,0.074940530927605,69.87039832804552
contextual_thompson,0,20,5,50,59,1.0,0.05400964644509114,0.017889671854334988,0.4166666666666667,3,moderate_taxation,-99.6886091012348,-230.8885876618605,65.07353837124532,64.70802322165552,1,0,0.074940530927605,65.81291244353963
discretized_contextual,0,20,5,50,59,1.0,0.1274046158662894,0.013570959551508232,0.4166666666666667,1,baseline_laissez_faire,1.2032059798527368,-86.70407210089016,154.78920623443523,153.00219704876457,0,,0.05684927718451349,157.3313102175242
linucb,0,20,6,60,69,1.0,0.058225331940037935,0.0074940530927604995,0.5,10,moderate_marine_reserve,-99.50232096285787,-102.683917582306,72.04355456693222,70.21699864343056,1,0,0.03139287976570931,74.03795437759472
contextual_thompson,0,20,6,60,69,1.0,0.054844093702949695,0.0074940530927604995,0.5,4,high_taxation,-99.53242042209965,-95.63170556904626,67.58535401632729,66.07784570581023,1,0,0.03139287976570931,69.28806030275011
discretized_contextual,0,20,6,60,69,1.0,0.13110942518127017,0.005684927718451349,0.5,1,baseline_laissez_faire,1.3173730399051982,-33.53832258092458,162.1093634983347,158.0879350909965,0,,0.023814383236021582,166.51758124718432
linucb,0,20,7,70,79,1.0,0.06169829531466226,0.0031392879765709306,0.5833333333333334,1,baseline_laissez_faire,-99.39851582749733,-38.11484137180636,76.75188166493614,74.49695318395936,1,0,0.013150599385749199,79.13005342065473
contextual_thompson,0,20,7,70,79,1.0,0.05774005025229176,0.0031392879765709306,0.5833333333333334,1,baseline_laissez_faire,-99.4406081626883,-39.18046241179946,71.82867596681893,69.71774923775551,1,0,0.013150599385749199,74.0549755342241
discretized_contextual,0,20,7,70,79,1.0,0.13876465103932026,0.002381438323602158,0.5833333333333334,1,baseline_laissez_faire,1.4281157703388991,-12.206027368725714,172.83861572491497,167.60025302843073,0,,0.009975937725143113,178.31865459615142
linucb,0,20,8,80,89,1.0,0.06594171118387894,0.00131505993857492,0.6666666666666666,1,baseline_laissez_faire,-99.32917644012014,-15.466610441390367,82.35482043854849,79.69262847017613,1,0,0.005508837210703079,85.10631761738338
contextual_thompson,0,20,8,80,89,1.0,0.061712479611853416,0.00131505993857492,0.6666666666666666,1,baseline_laissez_faire,-99.37366293301451,-15.944921997493587,77.07383867795733,74.58162591951854,1,0,0.005508837210703079,79.64967390423702
discretized_contextual,0,20,8,80,89,1.0,0.14859887883012618,0.0009975937725143114,0.6666666666666666,7,weak_capacity_control,1.5429577335437106,-4.173098032265074,185.6556997891171,179.60422112816966,0,,0.004178959098357031,191.89145218969293
linucb,0,20,9,90,99,1.0,0.07092193134781949,0.0005508837210703079,0.75,1,baseline_laissez_faire,-99.26690323298536,-6.23905224243761,88.7202983108495,85.74368710012348,1,0,0.002307673325286836,91.77395030130799
contextual_thompson,0,20,9,90,99,1.0,0.06637472825353084,0.0005508837210703079,0.75,1,baseline_laissez_faire,-99.31451300257245,-6.454737461944177,83.03300818673988,80.24635914358844,1,0,0.002307673325286836,85.89181217855817
discretized_contextual,0,20,9,90,99,1.0,0.15990954349141076,0.00041789590983570314,0.75,3,moderate_taxation,1.6656999671194164,-1.3027297661898423,200.04032362627274,193.33123151053073,0,,0.001750582213612453,206.91398571304663
linucb,0,20,10,100,109,1.0,0.07647829191775667,0.00023076733252868362,0.8333333333333334,1,baseline_laissez_faire,-99.20470235851049,-2.5023992041592287,95.73600488324023,92.47568854132408,1,0,0.0009666933279302226,99.070788980817
contextual_thompson,0,20,10,100,109,1.0,0.07157651014879847,0.00023076733252868362,0.8333333333333334,1,baseline_laissez_faire,-99.25592347181272,-2.599842803163998,89.60116451885206,86.54878388327663,1,0,0.0009666933279302226,92.72330322384406
discretized_contextual,0,20,10,100,109,1.0,0.17242832142753886,0.0001750582213612453,0.8333333333333334,7,weak_capacity_control,1.798086268102579,-0.33789226008296097,215.8108992435195,208.49120413844582,0,,0.0007333256953438734,223.29257217183837
linucb,0,20,11,110,119,1.0,0.0825589908173475,9.666933279302226e-05,0.9166666666666666,1,baseline_laissez_faire,-99.13952861456788,-0.9963087263004071,103.37612329901044,99.83466298915347,1,0,0.0004049515934620661,106.99401058785513
contextual_thompson,0,20,11,110,119,1.0,0.07726941935320338,9.666933279302226e-05,0.9166666666666666,1,baseline_laissez_faire,-99.19475604112942,-1.041541357824805,96.75426002740817,93.43848090116123,1,0,0.0004049515934620661,100.14165942958724
discretized_contextual,0,20,11,110,119,1.0,0.18607714347653198,7.333256953438734e-05,0.9166666666666666,7,weak_capacity_control,1.9411050494384994,-0.04651758235417183,232.93818804250242,225.00491336825988,0,,0.00030744351557859145,241.03897501981257
linucb,0,21,0,0,9,1.0,0.8333333333333334,0.1,0.0,5,hard_capacity_control,10.490521369403732,3448.0349987194627,845.0983644821124,685.0617923614428,0,,2.0946658360156425,685.0617923614428
contextual_thompson,0,21,0,0,9,1.0,0.8333333333333334,0.1,0.0,5,hard_capacity_control,10.490521369403732,3448.0349987194627,845.0983644821124,685.0617923614428,0,,2.0946658360156425,685.0617923614428
discretized_contextual,0,21,0,0,9,1.0,0.8333333333333334,0.1,0.0,1,baseline_laissez_faire,10.490521369403732,3448.0349987194627,845.0983644821124,685.0617923614428,0,,2.0946658360156425,685.0617923614428
linucb,0,21,1,10,19,1.0,0.570884826967869,0.20946658360156425,0.08333333333333333,5,hard_capacity_control,7.172915297017182,3721.5387171817497,414.165189580252,210.99693960739452,0,,2.433656061354898,210.99693960739452
contextual_thompson,0,21,1,10,19,1.0,0.570884826967869,0.20946658360156425,0.08333333333333333,5,hard_capacity_control,7.172915297017182,3721.5387171817497,414.165189580252,210.99693960739452,0,,2.433656061354898,210.99693960739452
discretized_contextual,0,21,1,10,19,1.0,0.570884826967869,0.20946658360156425,0.08333333333333333,4,high_taxation,7.324214420796293,3594.777460708412,447.5324352105458,278.56464632792336,0,,1.8461516924318044,278.56464632792336
linucb,0,21,2,20,29,1.0,0.1758307830061621,0.2433656061354898,0.16666666666666666,5,hard_capacity_control,-50.58587411208708,-1652.3190888752126,127.9733972145757,92.3055313030015,1,5,1.0194679858754725,92.3055313030015
contextual_thompson,0,21,2,20,29,1.0,0.1758307830061621,0.2433656061354898,0.16666666666666666,5,hard_capacity_control,-50.58587411208708,-1652.3190888752126,127.9733972145757,92.3055313030015,1,5,1.0194679858754725,92.3055313030015
discretized_contextual,0,21,2,20,29,1.0,0.23213720527326948,0.18461516924318044,0.16666666666666666,10,moderate_marine_reserve,0.8526458376843136,-922.1824393109827,212.97939323943552,180.9078880858866,0,,0.7733601215844041,180.9078880858866
linucb,0,21,3,30,39,1.0,0.07692127608583459,0.10194679858754725,0.25,5,hard_capacity_control,-100.55626119379933,-1199.919120068375,77.23895115228476,69.61524112997978,1,0,0.42705910285711063,69.61524112997978
contextual_thompson,0,21,3,30,39,1.0,0.07692127608583459,0.10194679858754725,0.25,5,hard_capacity_control,-100.55626119379933,-1199.919120068375,77.23895115228476,69.61524112997978,1,0,0.42705910285711063,69.61524112997978
discretized_contextual,0,21,3,30,39,1.0,0.1507565734049055,0.07733601215844041,0.25,10,moderate_marine_reserve,0.7350533058733437,-648.9918770593276,166.08542195192055,158.95570629947775,0,,0.3239635616666084,158.95570629947775
linucb,0,21,4,40,49,1.0,0.058012700941649814,0.042705910285711066,0.3333333333333333,7,weak_capacity_control,-99.99275753515425,-544.7100541464667,66.23430227906685,64.81157573410937,1,0,0.17889671854334988,64.81157573410937
contextual_thompson,0,21,4,40,49,1.0,0.058012700941649814,0.042705910285711066,0.3333333333333333,11,strong_marine_reserve,-100.0486177066229,-621.3964115117823,68.73344458666753,68.51515841036272,1,0,0.17889671854334988,68.8084742455193
discretized_contextual,0,21,4,40,49,1.0,0.13246308858289813,0.03239635616666084,0.3333333333333333,1,baseline_laissez_faire,1.082234647362538,-203.68730495994828,154.31063427869836,152.86579376779173,0,,0.13570959551508233,152.88553903954727
linucb,0,21,5,50,59,1.0,0.05400964644509114,0.017889671854334988,0.4166666666666667,3,moderate_taxation,-99.6886091012348,-230.8885876618605,65.07353837124532,64.70802322165552,1,0,0.074940530927605,65.81291244353963
contextual_thompson,0,21,5,50,59,1.0,0.05734039520459942,0.017889671854334988,0.4166666666666667,7,weak_capacity_control,-99.65017882208612,-225.89513561319743,69.0859576232515,68.69830683673841,1,0,0.074940530927605,69.87039832804552
discretized_contextual,0,21,5,50,59,1.0,0.1274046158662894,0.013570959551508232,0.4166666666666667,1,baseline_laissez_faire,1.2032059798527368,-86.70407210089016,154.78920623443523,153.00219704876457,0,,0.05684927718451349,157.3313102175242
linucb,0,21,6,60,69,1.0,0.054844093702949695,0.0074940530927604995,0.5,1,baseline_laissez_faire,-99.53242042209965,-95.63170556904626,67.58535401632729,66.07784570581023,1,0,0.03139287976570931,69.28806030275011
contextual_thompson,0,21,6,60,69,1.0,0.058225331940037935,0.0074940530927604995,0.5,1,baseline_laissez_faire,-99.49554481041929,-93.47344064987121,71.75143562767147,70.15154708409521,1,0,0.03139287976570931,73.55853154911993
discretized_contextual,0,21,6,60,69,1.0,0.13110942518127017,0.005684927718451349,0.5,1,baseline_laissez_faire,1.3173730399051982,-33.53832258092458,162.1093634983347,158.0879350909965,0,,0.023814383236021582,166.51758124718432
linucb,0,21,7,70,79,1.0,0.05774005025229176,0.0031392879765709306,0.5833333333333334,1,baseline_laissez_faire,-99.4406081626883,-39.18046241179946,71.82867596681893,69.71774923775551,1,0,0.013150599385749199,74.0549755342241
contextual_thompson,0,21,7,70,79,1.0,0.06129877629093328,0.0031392879765709306,0.5833333333333334,10,moderate_marine_reserve,-99.40579269290929,-42.3332716271546,76.38486944614388,74.04343804109332,1,0,0.013150599385749199,78.83175579001761
discretized_contextual,0,21,7,70,79,1.0,0.13876465103932026,0.002381438323602158,0.5833333333333334,1,baseline_laissez_faire,1.4281157703388991,-12.206027368725714,172.83861572491497,167.60025302843073,0,,0.009975937725143113,178.31865459615142
linucb,0,21,8,80,89,1.0,0.061712479611853416,0.00131505993857492,0.6666666666666666,1,baseline_laissez_faire,-99.37366293301451,-15.944921997493587,77.07383867795733,74.58162591951854,1,0,0.005508837210703079,79.64967390423702
contextual_thompson,0,21,8,80,89,1.0,0.06569312982501467,0.00131505993857492,0.6666666666666666,1,baseline_laissez_faire,-99.33179119150222,-15.494723921140096,82.04442389027005,79.39221989083254,1,0,0.005508837210703079,84.78559925562125
discretized_contextual,0,21,8,80,89,1.0,0.14859887883012618,0.0009975937725143114,0.6666666666666666,7,weak_capacity_control,1.5429577335437106,-4.173098032265074,185.6556997891171,179.60422112816966,0,,0.004178959098357031,191.89145218969293
linucb,0,21,9,90,99,1.0,0.06637472825353084,0.0005508837210703079,0.75,1,baseline_laissez_faire,-99.31451300257245,-6.454737461944177,83.03300818673988,80.24635914358844,1,0,0.002307673325286836,85.89181217855817
contextual_thompson,0,21,9,90,99,1.0,0.07065466604635104,0.0005508837210703079,0.75,1,baseline_laissez_faire,-99.26970149943472,-6.2517291987352435,88.38602757168341,85.42057817750907,1,0,0.002307673325286836,91.42823077992463
discretized_contextual,0,21,9,90,99,1.0,0.15990954349141076,0.00041789590983570314,0.75,7,weak_capacity_control,1.6656999671194164,-1.3027297661898423,200.04032362627274,193.33123151053073,0,,0.001750582213612453,206.91398571304663
linucb,0,21,10,100,109,1.0,0.07157651014879847,0.00023076733252868362,0.8333333333333334,1,baseline_laissez_faire,-99.25592347181272,-2.599842803163998,89.60116451885206,86.54878388327663,1,0,0.0009666933279302226,92.72330322384406
contextual_thompson,0,21,10,100,109,1.0,0.07619019231660386,0.00023076733252868362,0.8333333333333334,1,baseline_laissez_faire,-99.20771281282906,-2.508126348097155,95.37543762228444,92.12733868829744,1,0,0.0009666933279302226,98.69772774130027
discretized_contextual,0,21,10,100,109,1.0,0.17242832142753886,0.0001750582213612453,0.8333333333333334,7,weak_capacity_control,1.798086268102579,-0.33789226008296097,215.8108992435195,208.49120413844582,0,,0.0007333256953438734,223.29257217183837
linucb,0,21,11,110,119,1.0,0.07726941935320338,9.666933279302226e-05,0.9166666666666666,1,baseline_laissez_faire,-99.19475604112942,-1.041541357824805,96.75426002740817,93.43848090116123,1,0,0.0004049515934620661,100.14165942958724
contextual_thompson,0,21,11,110,119,1.0,0.08224810645108356,9.666933279302226e-05,0.9166666666666666,1,baseline_laissez_faire,-99.14277451586044,-0.9990497001893693,102.98694406077192,99.45874064532907,1,0,0.0004049515934620661,106.59129144690105
discretized_contextual,0,21,11,110,119,1.0,0.18607714347653198,7.333256953438734e-05,0.9166666666666666,7,weak_capacity_control,1.9411050494384994,-0.04651758235417183,232.93818804250242,225.00491336825988,0,,0.00030744351557859145,241.03897501981257
linucb,0,22,0,0,9,1.0,0.8333333333333334,0.1,0.0,5,hard_capacity_control,10.490521369403732,3448.0349987194627,845.0983644821124,685.0617923614428,0,,2.0946658360156425,685.0617923614428
contextual_thompson,0,22,0,0,9,1.0,0.8333333333333334,0.1,0.0,5,hard_capacity_control,10.490521369403732,3448.0349987194627,845.0983644821124,685.0617923614428,0,,2.0946658360156425,685.0617923614428
discretized_contextual,0,22,0,0,9,1.0,0.8333333333333334,0.1,0.0,1,baseline_laissez_faire,10.490521369403732,3448.0349987194627,845.0983644821124,685.0617923614428,0,,2.0946658360156425,685.0617923614428
linucb,0,22,1,10,19,1.0,0.570884826967869,0.20946658360156425,0.08333333333333333,5,hard_capacity_control,7.172915297017182,3721.5387171817497,414.165189580252,210.99693960739452,0,,2.433656061354898,210.99693960739452
contextual_thompson,0,22,1,10,19,1.0,0.570884826967869,0.20946658360156425,0.08333333333333333,5,hard_capacity_control,7.172915297017182,3721.5387171817497,414.165189580252,210.99693960739452,0,,2.433656061354898,210.99693960739452
discretized_contextual,0,22,1,10,19,1.0,0.570884826967869,0.20946658360156425,0.08333333333333333,4,high_taxation,7.324214420796293,3594.777460708412,447.5324352105458,278.56464632792336,0,,1.8461516924318044,278.56464632792336
linucb,0,22,2,20,29,1.0,0.1758307830061621,0.2433656061354898,0.16666666666666666,5,hard_capacity_control,-50.58587411208708,-1652.3190888752126,127.9733972145757,92.3055313030015,1,5,1.0194679858754725,92.3055313030015
contextual_thompson,0,22,2,20,29,1.0,0.1758307830061621,0.2433656061354898,0.16666666666666666,5,hard_capacity_control,-50.58587411208708,-1652.3190888752126,127.9733972145757,92.3055313030015,1,5,1.0194679858754725,92.3055313030015
discretized_contextual,0,22,2,20,29,1.0,0.23213720527326948,0.18461516924318044,0.16666666666666666,10,moderate_marine_reserve,0.8526458376843136,-922.1824393109827,212.97939323943552,180.9078880858866,0,,0.7733601215844041,180.9078880858866
linucb,0,22,3,30,39,1.0,0.07692127608583459,0.10194679858754725,0.25,5,hard_capacity_control,-100.55626119379933,-1199.919120068375,77.23895115228476,69.61524112997978,1,0,0.42705910285711063,69.61524112997978
contextual_thompson,0,22,3,30,39,1.0,0.07692127608583459,0.10194679858754725,0.25,5,hard_capacity_control,-100.55626119379933,-1199.919120068375,77.23895115228476,69.61524112997978,1,0,0.42705910285711063,69.61524112997978
discretized_contextual,0,22,3,30,39,1.0,0.1507565734049055,0.07733601215844041,0.25,10,moderate_marine_reserve,0.7350533058733437,-648.9918770593276,166.08542195192055,158.95570629947775,0,,0.3239635616666084,158.95570629947775
linucb,0,22,4,40,49,1.0,0.058012700941649814,0.042705910285711066,0.3333333333333333,11,strong_marine_reserve,-100.0486177066229,-621.3964115117823,68.73344458666753,68.51515841036272,1,0,0.17889671854334988,68.8084742455193
contextual_thompson,0,22,4,40,49,1.0,0.058012700941649814,0.042705910285711066,0.3333333333333333,10,moderate_marine_reserve,-100.0272721341306,-592.1500422504168,67.78534897437845,67.25404458835523,1,0,0.17889671854334988,67.28454264038216
discretized_contextual,0,22,4,40,49,1.0,0.13246308858289813,0.03239635616666084,0.3333333333333333,1,baseline_laissez_faire,1.082234647362538,-203.68730495994828,154.31063427869836,152.86579376779173,0,,0.13570959551508233,152.88553903954727
linucb,0,22,5,50,59,1.0,0.05734039520459942,0.017889671854334988,0.4166666666666667,10,moderate_marine_reserve,-99.66560935324098,-246.93646650409144,69.75925359157341,68.88159720768735,1,0,0.074940530927605,70.96610892858641
contextual_thompson,0,22,5,50,59,1.0,0.05607045220031846,0.017889671854334988,0.4166666666666667,4,high_taxation,-99.66483138270361,-227.7990242389428,67.55611698423965,67.17690048561954,1,0,0.074940530927605,68.32338201239739
discretized_contextual,0,22,5,50,59,1.0,0.1274046158662894,0.013570959551508232,0.4166666666666667,1,baseline_laissez_faire,1.2032059798527368,-86.70407210089016,154.78920623443523,153.00219704876457,0,,0.05684927718451349,157.3313102175242
linucb,0,22,6,60,69,1.0,0.05913842410715534,0.0074940530927604995,0.5,4,high_taxation,-99.48558679125831,-92.89061319391634,72.87645863227168,71.25163427225714,1,0,0.03139287976570931,74.71173297512924
contextual_thompson,0,22,6,60,69,1.0,0.05693615167699782,0.0074940530927604995,0.5,1,baseline_laissez_faire,-99.50960446381951,-94.29632892951375,70.16302381320045,68.59834983073448,1,0,0.03139287976570931,71.93032663354431
discretized_contextual,0,22,6,60,69,1.0,0.13110942518127017,0.005684927718451349,0.5,11,strong_marine_reserve,1.2973173915643892,-60.770527436830626,162.9705502801464,158.2798554904673,0,,0.023814383236021582,167.93433500323943
linucb,0,22,7,70,79,1.0,0.062259777479274366,0.0031392879765709306,0.5833333333333334,1,baseline_laissez_faire,-99.39254505082404,-37.963682978763764,77.45023585856686,75.17488790188138,1,0,0.013150599385749199,79.84994312075551
contextual_thompson,0,22,7,70,79,1.0,0.059941938861286924,0.0031392879765709306,0.5833333333333334,1,baseline_laissez_faire,-99.41719296571526,-38.58767778479764,74.56736544834462,72.37632235488954,1,0,0.013150599385749199,76.8781601494819
discretized_contextual,0,22,7,70,79,1.0,0.1399452791693662,0.002381438323602158,0.5833333333333334,1,baseline_laissez_faire,1.440622955925253,-11.945473793828933,174.30821156628983,169.02603811980032,0,,0.009975937725143113,179.8341412468517
linucb,0,22,8,80,89,1.0,0.06654161926729626,0.00131505993857492,0.6666666666666666,1,baseline_laissez_faire,-99.32286620529152,-15.39876353604319,83.10390698934161,80.41761227419278,1,0,0.005508837210703079,85.88031250368027
contextual_thompson,0,22,8,80,89,1.0,0.06406513345790159,0.00131505993857492,0.6666666666666666,1,baseline_laissez_faire,-99.34891567834353,-15.678843961902617,80.01157987420304,77.4247974995709,1,0,0.005508837210703079,82.68514669296734
discretized_contextual,0,22,8,80,89,1.0,0.1498617843723764,0.0009975937725143114,0.6666666666666666,3,moderate_taxation,1.556216631117814,-4.056075431723153,187.23272478594447,181.13048602454563,0,,0.004178959098357031,193.52079179692794
linucb,0,22,9,90,99,1.0,0.07156692708640022,0.0005508837210703079,0.75,1,baseline_laissez_faire,-99.26015014800743,-6.208458790074957,89.52699729391668,86.52345081311807,1,0,0.002307673325286836,92.6082769891316
contextual_thompson,0,22,9,90,99,1.0,0.06890428891080612,0.0005508837210703079,0.75,1,baseline_laissez_faire,-99.28802804407636,-6.334753599916649,86.19680514282757,83.30446720591057,1,0,0.002307673325286836,89.16401686891477
discretized_contextual,0,22,9,90,99,1.0,0.16126732649743994,0.00041789590983570314,0.75,7,weak_capacity_control,1.6799004857512474,-1.249625474157309,201.7380133470486,194.9726506306515,0,,0.001750582213612453,208.66930616972138
linucb,0,22,10,100,109,1.0,0.07717356415760966,0.00023076733252868362,0.8333333333333334,1,baseline_laissez_faire,-99.19743723388837,-2.4885778848956575,96.60616127958366,93.31636261171852,1,0,0.0009666933279302226,99.97109502970227
contextual_thompson,0,22,10,100,109,1.0,0.0743033473907623,0.00023076733252868362,0.8333333333333334,1,baseline_laissez_faire,-99.2274292418434,-2.545635175639765,93.01396719986812,89.84589553686703,1,0,0.0009666933279302226,96.25441797268512
discretized_contextual,0,22,10,100,109,1.0,0.1738910884747678,0.0001750582213612453,0.8333333333333334,7,weak_capacity_control,1.8133593356097704,-0.3136354486948449,217.64075652701578,210.2597431381079,0,,0.0007333256953438734,225.1850818988938
linucb,0,22,11,110,119,1.0,0.08330924585808522,9.666933279302226e-05,0.9166666666666666,1,baseline_laissez_faire,-99.13169529519253,-0.9896413895213144,104.31532154363764,100.74187324313912,1,0,0.0004049515934620661,107.96588174720682
contextual_thompson,0,22,11,110,119,1.0,0.0802120149772376,9.666933279302226e-05,0.9166666666666666,1,baseline_laissez_faire,-99.16403302123074,-1.01672512701374,100.43804446755296,96.99668962728214,1,0,0.0004049515934620661,103.95369530413227
discretized_contextual,0,22,11,110,119,1.0,0.18765423491574484,7.333256953438734e-05,0.9166666666666666,7,weak_capacity_control,1.957559165436186,-0.03555972237659007,234.91136701902752,226.91175469562123,0,,0.00030823847014986,243.0797093665266
linucb,0,23,0,0,9,1.0,0.8333333333333334,0.1,0.0,5,hard_capacity_control,10.490521369403732,3448.0349987194627,845.0983644821124,685.0617923614428,0,,2.0946658360156425,685.0617923614428
contextual_thompson,0,23,0,0,9,1.0,0.8333333333333334,0.1,0.0,5,hard_capacity_control,10.490521369403732,3448.0349987194627,845.0983644821124,685.0617923614428,0,,2.0946658360156425,685.0617923614428
discretized_contextual,0,23,0,0,9,1.0,0.8333333333333334,0.1,0.0,1,baseline_laissez_faire,10.490521369403732,3448.0349987194627,845.0983644821124,685.0617923614428,0,,2.0946658360156425,685.0617923614428
linucb,0,23,1,10,19,1.0,0.570884826967869,0.20946658360156425,0.08333333333333333,5,hard_capacity_control,7.172915297017182,3721.5387171817497,414.165189580252,210.99693960739452,0,,2.433656061354898,210.99693960739452
contextual_thompson,0,23,1,10,19,1.0,0.570884826967869,0.20946658360156425,0.08333333333333333,5,hard_capacity_control,7.172915297017182,3721.5387171817497,414.165189580252,210.99693960739452,0,,2.433656061354898,210.99693960739452
discretized_contextual,0,23,1,10,19,1.0,0.570884826967869,0.20946658360156425,0.08333333333333333,4,high_taxation,7.324214420796293,3594.777460708412,447.5324352105458,278.56464632792336,0,,1.8461516924318044,278.56464632792336
linucb,0,23,2,20,29,1.0,0.1758307830061621,0.2433656061354898,0.16666666666666666,5,hard_capacity_control,-50.58587411208708,-1652.3190888752126,127.9733972145757,92.3055313030015,1,5,1.0194679858754725,92.3055313030015
contextual_thompson,0,23,2,20,29,1.0,0.1758307830061621,0.2433656061354898,0.16666666666666666,5,hard_capacity_control,-50.58587411208708,-1652.3190888752126,127.9733972145757,92.3055313030015,1,5,1.0194679858754725,92.3055313030015
discretized_contextual,0,23,2,20,29,1.0,0.23213720527326948,0.18461516924318044,0.16666666666666666,10,moderate_marine_reserve,0.8526458376843136,-922.1824393109827,212.97939323943552,180.9078880858866,0,,0.7733601215844041,180.9078880858866
linucb,0,23,3,30,39,1.0,0.07692127608583459,0.10194679858754725,0.25,5,hard_capacity_control,-100.55626119379933,-1199.919120068375,77.23895115228476,69.61524112997978,1,0,0.42705910285711063,69.61524112997978
contextual_thompson,0,23,3,30,39,1.0,0.07692127608583459,0.10194679858754725,0.25,5,hard_capacity_control,-100.55626119379933,-1199.919120068375,77.23895115228476,69.61524112997978,1,0,0.42705910285711063,69.61524112997978
discretized_contextual,0,23,3,30,39,1.0,0.1507565734049055,0.07733601215844041,0.25,10,moderate_marine_reserve,0.7350533058733437,-648.9918770593276,166.08542195192055,158.95570629947775,0,,0.3239635616666084,158.95570629947775
linucb,0,23,4,40,49,1.0,0.058012700941649814,0.042705910285711066,0.3333333333333333,7,weak_capacity_control,-99.99275753515425,-544.7100541464667,66.23430227906685,64.81157573410937,1,0,0.17889671854334988,64.81157573410937
contextual_thompson,0,23,4,40,49,1.0,0.058012700941649814,0.042705910285711066,0.3333333333333333,7,weak_capacity_control,-99.99275753515425,-544.7100541464667,66.23430227906685,64.81157573410937,1,0,0.17889671854334988,64.81157573410937
discretized_contextual,0,23,4,40,49,1.0,0.13246308858289813,0.03239635616666084,0.3333333333333333,1,baseline_laissez_faire,1.082234647362538,-203.68730495994828,154.31063427869836,152.86579376779173,0,,0.13570959551508233,152.88553903954727
linucb,0,23,5,50,59,1.0,0.05400964644509114,0.017889671854334988,0.4166666666666667,3,moderate_taxation,-99.6886091012348,-230.8885876618605,65.07353837124532,64.70802322165552,1,0,0.074940530927605,65.81291244353963
contextual_thompson,0,23,5,50,59,1.0,0.05400964644509114,0.017889671854334988,0.4166666666666667,4,high_taxation,-99.6886091012348,-230.8885876618605,65.07353837124532,64.70802322165552,1,0,0.074940530927605,65.81291244353963
discretized_contextual,0,23,5,50,59,1.0,0.1274046158662894,0.013570959551508232,0.4166666666666667,1,baseline_laissez_faire,1.2032059798527368,-86.70407210089016,154.78920623443523,153.00219704876457,0,,0.05684927718451349,157.3313102175242
linucb,0,23,6,60,69,1.0,0.054844093702949695,0.0074940530927604995,0.5,4,high_taxation,-99.53242042209965,-95.63170556904626,67.58535401632729,66.07784570581023,1,0,0.03139287976570931,69.28806030275011
contextual_thompson,0,23,6,60,69,1.0,0.054844093702949695,0.0074940530927604995,0.5,1,baseline_laissez_faire,-99.53242042209965,-95.63170556904626,67.58535401632729,66.07784570581023,1,0,0.03139287976570931,69.28806030275011
discretized_contextual,0,23,6,60,69,1.0,0.13110942518127017,0.005684927718451349,0.5,1,baseline_laissez_faire,1.3173730399051982,-33.53832258092458,162.1093634983347,158.0879350909965,0,,0.023814383236021582,166.51758124718432
linucb,0,23,7,70,79,1.0,0.05774005025229176,0.0031392879765709306,0.5833333333333334,1,baseline_laissez_faire,-99.4406081626883,-39.18046241179946,71.82867596681893,69.71774923775551,1,0,0.013150599385749199,74.0549755342241
contextual_thompson,0,23,7,70,79,1.0,0.05774005025229176,0.0031392879765709306,0.5833333333333334,1,baseline_laissez_faire,-99.4406081626883,-39.18046241179946,71.82867596681893,69.71774923775551,1,0,0.013150599385749199,74.0549755342241
discretized_contextual,0,23,7,70,79,1.0,0.13876465103932026,0.002381438323602158,0.5833333333333334,1,baseline_laissez_faire,1.4281157703388991,-12.206027368725714,172.83861572491497,167.60025302843073,0,,0.009975937725143113,178.31865459615142
linucb,0,23,8,80,89,1.0,0.061712479611853416,0.00131505993857492,0.6666666666666666,1,baseline_laissez_faire,-99.37366293301451,-15.944921997493587,77.07383867795733,74.58162591951854,1,0,0.005508837210703079,79.64967390423702
contextual_thompson,0,23,8,80,89,1.0,0.061712479611853416,0.00131505993857492,0.6666666666666666,1,baseline_laissez_faire,-99.37366293301451,-15.944921997493587,77.07383867795733,74.58162591951854,1,0,0.005508837210703079,79.64967390423702
discretized_contextual,0,23,8,80,89,1.0,0.14859887883012618,0.0009975937725143114,0.6666666666666666,7,weak_capacity_control,1.5429577335437106,-4.173098032265074,185.6556997891171,179.60422112816966,0,,0.004178959098357031,191.89145218969293
linucb,0,23,9,90,99,1.0,0.06637472825353084,0.0005508837210703079,0.75,1,baseline_laissez_faire,-99.31451300257245,-6.454737461944177,83.03300818673988,80.24635914358844,1,0,0.002307673325286836,85.89181217855817
contextual_thompson,0,23,9,90,99,1.0,0.06637472825353084,0.0005508837210703079,0.75,1,baseline_laissez_faire,-99.31451300257245,-6.454737461944177,83.03300818673988,80.24635914358844,1,0,0.002307673325286836,85.89181217855817
discretized_contextual,0,23,9,90,99,1.0,0.15990954349141076,0.00041789590983570314,0.75,7,weak_capacity_control,1.6656999671194164,-1.3027297661898423,200.04032362627274,193.33123151053073,0,,0.001750582213612453,206.91398571304663
linucb,0,23,10,100,109,1.0,0.07157651014879847,0.00023076733252868362,0.8333333333333334,1,baseline_laissez_faire,-99.25592347181272,-2.599842803163998,89.60116451885206,86.54878388327663,1,0,0.0009666933279302226,92.72330322384406
contextual_thompson,0,23,10,100,109,1.0,0.07157651014879847,0.00023076733252868362,0.8333333333333334,1,baseline_laissez_faire,-99.25592347181272,-2.599842803163998,89.60116451885206,86.54878388327663,1,0,0.0009666933279302226,92.72330322384406
discretized_contextual,0,23,10,100,109,1.0,0.17242832142753886,0.0001750582213612453,0.8333333333333334,7,weak_capacity_control,1.798086268102579,-0.33789226008296097,215.8108992435195,208.49120413844582,0,,0.0007333256953438734,223.29257217183837
linucb,0,23,11,110,119,1.0,0.07726941935320338,9.666933279302226e-05,0.9166666666666666,1,baseline_laissez_faire,-99.19475604112942,-1.041541357824805,96.75426002740817,93.43848090116123,1,0,0.0004049515934620661,100.14165942958724
contextual_thompson,0,23,11,110,119,1.0,0.07726941935320338,9.666933279302226e-05,0.9166666666666666,1,baseline_laissez_faire,-99.19475604112942,-1.041541357824805,96.75426002740817,93.43848090116123,1,0,0.0004049515934620661,100.14165942958724
discretized_contextual,0,23,11,110,119,1.0,0.18607714347653198,7.333256953438734e-05,0.9166666666666666,7,weak_capacity_control,1.9411050494384994,-0.04651758235417183,232.93818804250242,225.00491336825988,0,,0.00030744351557859145,241.03897501981257
linucb,0,24,0,0,9,1.0,0.8333333333333334,0.1,0.0,5,hard_capacity_control,10.490521369403732,3448.0349987194627,845.0983644821124,685.0617923614428,0,,2.0946658360156425,685.0617923614428
contextual_thompson,0,24,0,0,9,1.0,0.8333333333333334,0.1,0.0,5,hard_capacity_control,10.490521369403732,3448.0349987194627,845.0983644821124,685.0617923614428,0,,2.0946658360156425,685.0617923614428
discretized_contextual,0,24,0,0,9,1.0,0.8333333333333334,0.1,0.0,1,baseline_laissez_faire,10.490521369403732,3448.0349987194627,845.0983644821124,685.0617923614428,0,,2.0946658360156425,685.0617923614428
linucb,0,24,1,10,19,1.0,0.570884826967869,0.20946658360156425,0.08333333333333333,5,hard_capacity_control,7.172915297017182,3721.5387171817497,414.165189580252,210.99693960739452,0,,2.433656061354898,210.99693960739452
contextual_thompson,0,24,1,10,19,1.0,0.570884826967869,0.20946658360156425,0.08333333333333333,5,hard_capacity_control,7.172915297017182,3721.5387171817497,414.165189580252,210.99693960739452,0,,2.433656061354898,210.99693960739452
discretized_contextual,0,24,1,10,19,1.0,0.570884826967869,0.20946658360156425,0.08333333333333333,4,high_taxation,7.324214420796293,3594.777460708412,447.5324352105458,278.56464632792336,0,,1.8461516924318044,278.56464632792336
linucb,0,24,2,20,29,1.0,0.1758307830061621,0.2433656061354898,0.16666666666666666,5,hard_capacity_control,-50.58587411208708,-1652.3190888752126,127.9733972145757,92.3055313030015,1,5,1.0194679858754725,92.3055313030015
contextual_thompson,0,24,2,20,29,1.0,0.1758307830061621,0.2433656061354898,0.16666666666666666,5,hard_capacity_control,-50.58587411208708,-1652.3190888752126,127.9733972145757,92.3055313030015,1,5,1.0194679858754725,92.3055313030015
discretized_contextual,0,24,2,20,29,1.0,0.23213720527326948,0.18461516924318044,0.16666666666666666,10,moderate_marine_reserve,0.8526458376843136,-922.1824393109827,212.97939323943552,180.9078880858866,0,,0.7733601215844041,180.9078880858866
linucb,0,24,3,30,39,1.0,0.07692127608583459,0.10194679858754725,0.25,5,hard_capacity_control,-100.55626119379933,-1199.919120068375,77.23895115228476,69.61524112997978,1,0,0.42705910285711063,69.61524112997978
contextual_thompson,0,24,3,30,39,1.0,0.07692127608583459,0.10194679858754725,0.25,5,hard_capacity_control,-100.55626119379933,-1199.919120068375,77.23895115228476,69.61524112997978,1,0,0.42705910285711063,69.61524112997978
discretized_contextual,0,24,3,30,39,1.0,0.1507565734049055,0.07733601215844041,0.25,10,moderate_marine_reserve,0.7350533058733437,-648.9918770593276,166.08542195192055,158.95570629947775,0,,0.3239635616666084,158.95570629947775
linucb,0,24,4,40,49,1.0,0.058012700941649814,0.042705910285711066,0.3333333333333333,10,moderate_marine_reserve,-100.0272721341306,-592.1500422504168,67.78534897437845,67.25404458835523,1,0,0.17889671854334988,67.28454264038216
contextual_thompson,0,24,4,40,49,1.0,0.058012700941649814,0.042705910285711066,0.3333333333333333,11,strong_marine_reserve,-100.0486177066229,-621.3964115117823,68.73344458666753,68.51515841036272,1,0,0.17889671854334988,68.8084742455193
discretized_contextual,0,24,4,40,49,1.0,0.13246308858289813,0.03239635616666084,0.3333333333333333,1,baseline_laissez_faire,1.082234647362538,-203.68730495994828,154.31063427869836,152.86579376779173,0,,0.13570959551508233,152.88553903954727
linucb,0,24,5,50,59,1.0,0.05607045220031846,0.017889671854334988,0.4166666666666667,4,high_taxation,-99.66483138270361,-227.7990242389428,67.55611698423965,67.17690048561954,1,0,0.074940530927605,68.32338201239739
contextual_thompson,0,24,5,50,59,1.0,0.05734039520459942,0.017889671854334988,0.4166666666666667,10,moderate_marine_reserve,-99.66560935324098,-246.93646650409144,69.75925359157341,68.88159720768735,1,0,0.074940530927605,70.96610892858641
discretized_contextual,0,24,5,50,59,1.0,0.1274046158662894,0.013570959551508232,0.4166666666666667,1,baseline_laissez_faire,1.2032059798527368,-86.70407210089016,154.78920623443523,153.00219704876457,0,,0.05684927718451349,157.3313102175242
linucb,0,24,6,60,69,1.0,0.05693615167699782,0.0074940530927604995,0.5,1,baseline_laissez_faire,-99.50960446381951,-94.29632892951375,70.16302381320045,68.59834983073448,1,0,0.03139287976570931,71.93032663354431
contextual_thompson,0,24,6,60,69,1.0,0.05913842410715534,0.0074940530927604995,0.5,3,moderate_taxation,-99.48558679125831,-92.89061319391634,72.87645863227168,71.25163427225714,1,0,0.03139287976570931,74.71173297512924
discretized_contextual,0,24,6,60,69,1.0,0.13110942518127017,0.005684927718451349,0.5,1,baseline_laissez_faire,1.3173730399051982,-33.53832258092458,162.1093634983347,158.0879350909965,0,,0.023814383236021582,166.51758124718432
linucb,0,24,7,70,79,1.0,0.059941938861286924,0.0031392879765709306,0.5833333333333334,1,baseline_laissez_faire,-99.41719296571526,-38.58767778479764,74.56736544834462,72.37632235488954,1,0,0.013150599385749199,76.8781601494819
contextual_thompson,0,24,7,70,79,1.0,0.062259777479274366,0.0031392879765709306,0.5833333333333334,1,baseline_laissez_faire,-99.39254505082404,-37.963682978763764,77.45023585856686,75.17488790188138,1,0,0.013150599385749199,79.84994312075551
discretized_contextual,0,24,7,70,79,1.0,0.13876465103932026,0.002381438323602158,0.5833333333333334,1,baseline_laissez_faire,1.4281157703388991,-12.206027368725714,172.83861572491497,167.60025302843073,0,,0.009975937725143113,178.31865459615142
linucb,0,24,8,80,89,1.0,0.06406513345790159,0.00131505993857492,0.6666666666666666,1,baseline_laissez_faire,-99.34891567834353,-15.678843961902617,80.01157987420304,77.4247974995709,1,0,0.005508837210703079,82.68514669296734
contextual_thompson,0,24,8,80,89,1.0,0.06654161926729626,0.00131505993857492,0.6666666666666666,1,baseline_laissez_faire,-99.32286620529152,-15.39876353604319,83.10390698934161,80.41761227419278,1,0,0.005508837210703079,85.88031250368027
discretized_contextual,0,24,8,80,89,1.0,0.14859887883012618,0.0009975937725143114,0.6666666666666666,4,high_taxation,1.5429577335437106,-4.173098032265074,185.6556997891171,179.60422112816966,0,,0.004178959098357031,191.89145218969293
linucb,0,24,9,90,99,1.0,0.06890428891080612,0.0005508837210703079,0.75,1,baseline_laissez_faire,-99.28802804407636,-6.334753599916649,86.19680514282757,83.30446720591057,1,0,0.002307673325286836,89.16401686891477
contextual_thompson,0,24,9,90,99,1.0,0.07156692708640022,0.0005508837210703079,0.75,1,baseline_laissez_faire,-99.26015014800743,-6.208458790074957,89.52699729391668,86.52345081311807,1,0,0.002307673325286836,92.6082769891316
discretized_contextual,0,24,9,90,99,1.0,0.15990954349141076,0.00041789590983570314,0.75,7,weak_capacity_control,1.6656999671194164,-1.3027297661898423,200.04032362627274,193.33123151053073,0,,0.001750582213612453,206.91398571304663
linucb,0,24,10,100,109,1.0,0.0743033473907623,0.00023076733252868362,0.8333333333333334,1,baseline_laissez_faire,-99.2274292418434,-2.545635175639765,93.01396719986812,89.84589553686703,1,0,0.0009666933279302226,96.25441797268512
contextual_thompson,0,24,10,100,109,1.0,0.07717356415760966,0.00023076733252868362,0.8333333333333334,1,baseline_laissez_faire,-99.19743723388837,-2.4885778848956575,96.60616127958366,93.31636261171852,1,0,0.0009666933279302226,99.97109502970227
discretized_contextual,0,24,10,100,109,1.0,0.17242832142753886,0.0001750582213612453,0.8333333333333334,7,weak_capacity_control,1.798086268102579,-0.33789226008296097,215.8108992435195,208.49120413844582,0,,0.0007333256953438734,223.29257217183837
linucb,0,24,11,110,119,1.0,0.0802120149772376,9.666933279302226e-05,0.9166666666666666,1,baseline_laissez_faire,-99.16403302123074,-1.01672512701374,100.43804446755296,96.99668962728214,1,0,0.0004049515934620661,103.95369530413227
contextual_thompson,0,24,11,110,119,1.0,0.08330924585808522,9.666933279302226e-05,0.9166666666666666,1,baseline_laissez_faire,-99.13169529519253,-0.9896413895213144,104.31532154363764,100.74187324313912,1,0,0.0004049515934620661,107.96588174720682
discretized_contextual,0,24,11,110,119,1.0,0.18607714347653198,7.333256953438734e-05,0.9166666666666666,7,weak_capacity_control,1.9411050494384994,-0.04651758235417183,232.93818804250242,225.00491336825988,0,,0.00030744351557859145,241.03897501981257
linucb,0,25,0,0,9,1.0,0.8333333333333334,0.1,0.0,5,hard_capacity_control,10.490521369403732,3448.0349987194627,845.0983644821124,685.0617923614428,0,,2.0946658360156425,685.0617923614428
contextual_thompson,0,25,0,0,9,1.0,0.8333333333333334,0.1,0.0,5,hard_capacity_control,10.490521369403732,3448.0349987194627,845.0983644821124,685.0617923614428,0,,2.0946658360156425,685.0617923614428
discretized_contextual,0,25,0,0,9,1.0,0.8333333333333334,0.1,0.0,1,baseline_laissez_faire,10.490521369403732,3448.0349987194627,845.0983644821124,685.0617923614428,0,,2.0946658360156425,685.0617923614428
linucb,0,25,1,10,19,1.0,0.570884826967869,0.20946658360156425,0.08333333333333333,5,hard_capacity_control,7.172915297017182,3721.5387171817497,414.165189580252,210.99693960739452,0,,2.433656061354898,210.99693960739452
contextual_thompson,0,25,1,10,19,1.0,0.570884826967869,0.20946658360156425,0.08333333333333333,5,hard_capacity_control,7.172915297017182,3721.5387171817497,414.165189580252,210.99693960739452,0,,2.433656061354898,210.99693960739452
discretized_contextual,0,25,1,10,19,1.0,0.570884826967869,0.20946658360156425,0.08333333333333333,4,high_taxation,7.324214420796293,3594.777460708412,447.5324352105458,278.56464632792336,0,,1.8461516924318044,278.56464632792336
linucb,0,25,2,20,29,1.0,0.1758307830061621,0.2433656061354898,0.16666666666666666,5,hard_capacity_control,-50.58587411208708,-1652.3190888752126,127.9733972145757,92.3055313030015,1,5,1.0194679858754725,92.3055313030015
contextual_thompson,0,25,2,20,29,1.0,0.1758307830061621,0.2433656061354898,0.16666666666666666,5,hard_capacity_control,-50.58587411208708,-1652.3190888752126,127.9733972145757,92.3055313030015,1,5,1.0194679858754725,92.3055313030015
discretized_contextual,0,25,2,20,29,1.0,0.23213720527326948,0.18461516924318044,0.16666666666666666,10,moderate_marine_reserve,0.8526458376843136,-922.1824393109827,212.97939323943552,180.9078880858866,0,,0.7733601215844041,180.9078880858866
linucb,0,25,3,30,39,1.0,0.07692127608583459,0.10194679858754725,0.25,5,hard_capacity_control,-100.55626119379933,-1199.919120068375,77.23895115228476,69.61524112997978,1,0,0.42705910285711063,69.61524112997978
contextual_thompson,0,25,3,30,39,1.0,0.07692127608583459,0.10194679858754725,0.25,5,hard_capacity_control,-100.55626119379933,-1199.919120068375,77.23895115228476,69.61524112997978,1,0,0.42705910285711063,69.61524112997978
discretized_contextual,0,25,3,30,39,1.0,0.1507565734049055,0.07733601215844041,0.25,10,moderate_marine_reserve,0.7350533058733437,-648.9918770593276,166.08542195192055,158.95570629947775,0,,0.3239635616666084,158.95570629947775
linucb,0,25,4,40,49,1.0,0.058012700941649814,0.042705910285711066,0.3333333333333333,11,strong_marine_reserve,-100.0486177066229,-621.3964115117823,68.73344458666753,68.51515841036272,1,0,0.17889671854334988,68.8084742455193
contextual_thompson,0,25,4,40,49,1.0,0.058012700941649814,0.042705910285711066,0.3333333333333333,7,weak_capacity_control,-99.99275753515425,-544.7100541464667,66.23430227906685,64.81157573410937,1,0,0.17889671854334988,64.81157573410937
discretized_contextual,0,25,4,40,49,1.0,0.13246308858289813,0.03239635616666084,0.3333333333333333,1,baseline_laissez_faire,1.082234647362538,-203.68730495994828,154.31063427869836,152.86579376779173,0,,0.13570959551508233,152.88553903954727
linucb,0,25,5,50,59,1.0,0.05734039520459942,0.017889671854334988,0.4166666666666667,3,moderate_taxation,-99.65017882208612,-225.89513561319743,69.0859576232515,68.69830683673841,1,0,0.074940530927605,69.87039832804552
contextual_thompson,0,25,5,50,59,1.0,0.05400964644509114,0.017889671854334988,0.4166666666666667,4,high_taxation,-99.6886091012348,-230.8885876618605,65.07353837124532,64.70802322165552,1,0,0.074940530927605,65.81291244353963
discretized_contextual,0,25,5,50,59,1.0,0.1274046158662894,0.013570959551508232,0.4166666666666667,1,baseline_laissez_faire,1.2032059798527368,-86.70407210089016,154.78920623443523,153.00219704876457,0,,0.05684927718451349,157.3313102175242
linucb,0,25,6,60,69,1.0,0.058225331940037935,0.0074940530927604995,0.5,1,baseline_laissez_faire,-99.49554481041929,-93.47344064987121,71.75143562767147,70.15154708409521,1,0,0.03139287976570931,73.55853154911993
contextual_thompson,0,25,6,60,69,1.0,0.054844093702949695,0.0074940530927604995,0.5,1,baseline_laissez_faire,-99.53242042209965,-95.63170556904626,67.58535401632729,66.07784570581023,1,0,0.03139287976570931,69.28806030275011
discretized_contextual,0,25,6,60,69,1.0,0.13110942518127017,0.005684927718451349,0.5,1,baseline_laissez_faire,1.3173730399051982,-33.53832258092458,162.1093634983347,158.0879350909965,0,,0.023814383236021582,166.51758124718432
linucb,0,25,7,70,79,1.0,0.06129877629093328,0.0031392879765709306,0.5833333333333334,1,baseline_laissez_faire,-99.40276430664258,-38.222397354864,76.25497088547482,74.01457286438503,1,0,0.013150599385749199,78.61781801617083
contextual_thompson,0,25,7,70,79,1.0,0.05774005025229176,0.0031392879765709306,0.5833333333333334,1,baseline_laissez_faire,-99.4406081626883,-39.18046241179946,71.82867596681893,69.71774923775551,1,0,0.013150599385749199,74.0549755342241
discretized_contextual,0,25,7,70,79,1.0,0.13876465103932026,0.002381438323602158,0.5833333333333334,1,baseline_laissez_faire,1.4281157703388991,-12.206027368725714,172.83861572491497,167.60025302843073,0,,0.009975937725143113,178.31865459615142
linucb,0,25,8,80,89,1.0,0.06551484834680903,0.00131505993857492,0.6666666666666666,1,baseline_laissez_faire,-99.33366648216396,-15.514886804273539,81.82180855683674,79.176768108019,1,0,0.005508837210703079,84.55558092664414
contextual_thompson,0,25,8,80,89,1.0,0.061712479611853416,0.00131505993857492,0.6666666666666666,1,baseline_laissez_faire,-99.37366293301451,-15.944921997493587,77.07383867795733,74.58162591951854,1,0,0.005508837210703079,79.64967390423702
discretized_contextual,0,25,8,80,89,1.0,0.14859887883012618,0.0009975937725143114,0.6666666666666666,7,weak_capacity_control,1.5429577335437106,-4.173098032265074,185.6556997891171,179.60422112816966,0,,0.004178959098357031,191.89145218969293
linucb,0,25,9,90,99,1.0,0.07046298410553678,0.0005508837210703079,0.75,1,baseline_laissez_faire,-99.27170841105068,-6.260821085128647,88.1462892041324,85.18884529206547,1,0,0.002307673325286836,91.18028110368856
contextual_thompson,0,25,9,90,99,1.0,0.06637472825353084,0.0005508837210703079,0.75,1,baseline_laissez_faire,-99.31451300257245,-6.454737461944177,83.03300818673988,80.24635914358844,1,0,0.002307673325286836,85.89181217855817
discretized_contextual,0,25,9,90,99,1.0,0.15990954349141076,0.00041789590983570314,0.75,7,weak_capacity_control,1.6656999671194164,-1.3027297661898423,200.04032362627274,193.33123151053073,0,,0.001750582213612453,206.91398571304663
linucb,0,25,10,100,109,1.0,0.07598356758640713,0.00023076733252868362,0.8333333333333334,1,baseline_laissez_faire,-99.20987191050806,-2.512233853648972,95.11683880147135,91.87750247964668,1,0,0.0009666933279302226,98.43016793380932
contextual_thompson,0,25,10,100,109,1.0,0.07157651014879847,0.00023076733252868362,0.8333333333333334,1,baseline_laissez_faire,-99.25592347181272,-2.599842803163998,89.60116451885206,86.54878388327663,1,0,0.0009666933279302226,92.72330322384406
discretized_contextual,0,25,10,100,109,1.0,0.17242832142753886,0.0001750582213612453,0.8333333333333334,7,weak_capacity_control,1.798086268102579,-0.33789226008296097,215.8108992435195,208.49120413844582,0,,0.0007333256953438734,223.29257217183837
linucb,0,25,11,110,119,1.0,0.08202513994484109,9.666933279302226e-05,0.9166666666666666,1,baseline_laissez_faire,-99.14510248031903,-1.0010125624207178,102.70782386920521,99.18912878021281,1,0,0.0004049515934620661,106.30246002103608
contextual_thompson,0,25,11,110,119,1.0,0.07726941935320338,9.666933279302226e-05,0.9166666666666666,1,baseline_laissez_faire,-99.19475604112942,-1.041541357824805,96.75426002740817,93.43848090116123,1,0,0.0004049515934620661,100.14165942958724
discretized_contextual,0,25,11,110,119,1.0,0.18607714347653198,7.333256953438734e-05,0.9166666666666666,7,weak_capacity_control,1.9411050494384994,-0.04651758235417183,232.93818804250242,225.00491336825988,0,,0.00030744351557859145,241.03897501981257
linucb,0,26,0,0,9,1.0,0.8333333333333334,0.1,0.0,5,hard_capacity_control,10.490521369403732,3448.0349987194627,845.0983644821124,685.0617923614428,0,,2.0946658360156425,685.0617923614428
contextual_thompson,0,26,0,0,9,1.0,0.8333333333333334,0.1,0.0,5,hard_capacity_control,10.490521369403732,3448.0349987194627,845.0983644821124,685.0617923614428,0,,2.0946658360156425,685.0617923614428
discretized_contextual,0,26,0,0,9,1.0,0.8333333333333334,0.1,0.0,1,baseline_laissez_faire,10.490521369403732,3448.0349987194627,845.0983644821124,685.0617923614428,0,,2.0946658360156425,685.0617923614428
linucb,0,26,1,10,19,1.0,0.570884826967869,0.20946658360156425,0.08333333333333333,5,hard_capacity_control,7.172915297017182,3721.5387171817497,414.165189580252,210.99693960739452,0,,2.433656061354898,210.99693960739452
contextual_thompson,0,26,1,10,19,1.0,0.570884826967869,0.20946658360156425,0.08333333333333333,5,hard_capacity_control,7.172915297017182,3721.5387171817497,414.165189580252,210.99693960739452,0,,2.433656061354898,210.99693960739452
discretized_contextual,0,26,1,10,19,1.0,0.570884826967869,0.20946658360156425,0.08333333333333333,4,high_taxation,7.324214420796293,3594.777460708412,447.5324352105458,278.56464632792336,0,,1.8461516924318044,278.56464632792336
linucb,0,26,2,20,29,1.0,0.1758307830061621,0.2433656061354898,0.16666666666666666,5,hard_capacity_control,-50.58587411208708,-1652.3190888752126,127.9733972145757,92.3055313030015,1,5,1.0194679858754725,92.3055313030015
contextual_thompson,0,26,2,20,29,1.0,0.1758307830061621,0.2433656061354898,0.16666666666666666,5,hard_capacity_control,-50.58587411208708,-1652.3190888752126,127.9733972145757,92.3055313030015,1,5,1.0194679858754725,92.3055313030015
discretized_contextual,0,26,2,20,29,1.0,0.23213720527326948,0.18461516924318044,0.16666666666666666,10,moderate_marine_reserve,0.8526458376843136,-922.1824393109827,212.97939323943552,180.9078880858866,0,,0.7733601215844041,180.9078880858866
linucb,0,26,3,30,39,1.0,0.07692127608583459,0.10194679858754725,0.25,5,hard_capacity_control,-100.55626119379933,-1199.919120068375,77.23895115228476,69.61524112997978,1,0,0.42705910285711063,69.61524112997978
contextual_thompson,0,26,3,30,39,1.0,0.07692127608583459,0.10194679858754725,0.25,5,hard_capacity_control,-100.55626119379933,-1199.919120068375,77.23895115228476,69.61524112997978,1,0,0.42705910285711063,69.61524112997978
discretized_contextual,0,26,3,30,39,1.0,0.1507565734049055,0.07733601215844041,0.25,10,moderate_marine_reserve,0.7350533058733437,-648.9918770593276,166.08542195192055,158.95570629947775,0,,0.3239635616666084,158.95570629947775
linucb,0,26,4,40,49,1.0,0.058012700941649814,0.042705910285711066,0.3333333333333333,7,weak_capacity_control,-99.99275753515425,-544.7100541464667,66.23430227906685,64.81157573410937,1,0,0.17889671854334988,64.81157573410937
contextual_thompson,0,26,4,40,49,1.0,0.058012700941649814,0.042705910285711066,0.3333333333333333,11,strong_marine_reserve,-100.0486177066229,-621.3964115117823,68.73344458666753,68.51515841036272,1,0,0.17889671854334988,68.8084742455193
discretized_contextual,0,26,4,40,49,1.0,0.13246308858289813,0.03239635616666084,0.3333333333333333,1,baseline_laissez_faire,1.082234647362538,-203.68730495994828,154.31063427869836,152.86579376779173,0,,0.13570959551508233,152.88553903954727
linucb,0,26,5,50,59,1.0,0.05400964644509114,0.017889671854334988,0.4166666666666667,4,high_taxation,-99.6886091012348,-230.8885876618605,65.07353837124532,64.70802322165552,1,0,0.074940530927605,65.81291244353963
contextual_thompson,0,26,5,50,59,1.0,0.05734039520459942,0.017889671854334988,0.4166666666666667,3,moderate_taxation,-99.65017882208612,-225.89513561319743,69.0859576232515,68.69830683673841,1,0,0.074940530927605,69.87039832804552
discretized_contextual,0,26,5,50,59,1.0,0.1274046158662894,0.013570959551508232,0.4166666666666667,1,baseline_laissez_faire,1.2032059798527368,-86.70407210089016,154.78920623443523,153.00219704876457,0,,0.05684927718451349,157.3313102175242
linucb,0,26,6,60,69,1.0,0.054844093702949695,0.0074940530927604995,0.5,1,baseline_laissez_faire,-99.53242042209965,-95.63170556904626,67.58535401632729,66.07784570581023,1,0,0.03139287976570931,69.28806030275011
contextual_thompson,0,26,6,60,69,1.0,0.058225331940037935,0.0074940530927604995,0.5,1,baseline_laissez_faire,-99.49554481041929,-93.47344064987121,71.75143562767147,70.15154708409521,1,0,0.03139287976570931,73.55853154911993
discretized_contextual,0,26,6,60,69,1.0,0.13110942518127017,0.005684927718451349,0.5,1,baseline_laissez_faire,1.3173730399051982,-33.53832258092458,162.1093634983347,158.0879350909965,0,,0.023814383236021582,166.51758124718432
linucb,0,26,7,70,79,1.0,0.05774005025229176,0.0031392879765709306,0.5833333333333334,1,baseline_laissez_faire,-99.4406081626883,-39.18046241179946,71.82867596681893,69.71774923775551,1,0,0.013150599385749199,74.0549755342241
contextual_thompson,0,26,7,70,79,1.0,0.06129877629093328,0.0031392879765709306,0.5833333333333334,1,baseline_laissez_faire,-99.40276430664258,-38.222397354864,76.25497088547482,74.01457286438503,1,0,0.013150599385749199,78.61781801617083
discretized_contextual,0,26,7,70,79,1.0,0.13876465103932026,0.002381438323602158,0.5833333333333334,1,baseline_laissez_faire,1.4281157703388991,-12.206027368725714,172.83861572491497,167.60025302843073,0,,0.009975937725143113,178.31865459615142
linucb,0,26,8,80,89,1.0,0.061712479611853416,0.00131505993857492,0.6666666666666666,1,baseline_laissez_faire,-99.37366293301451,-15.944921997493587,77.07383867795733,74.58162591951854,1,0,0.005508837210703079,79.64967390423702
contextual_thompson,0,26,8,80,89,1.0,0.06551484834680903,0.00131505993857492,0.6666666666666666,1,baseline_laissez_faire,-99.33366648216396,-15.514886804273539,81.82180855683674,79.176768108019,1,0,0.005508837210703079,84.55558092664414
discretized_contextual,0,26,8,80,89,1.0,0.14859887883012618,0.0009975937725143114,0.6666666666666666,7,weak_capacity_control,1.5429577335437106,-4.173098032265074,185.6556997891171,179.60422112816966,0,,0.004178959098357031,191.89145218969293
linucb,0,26,9,90,99,1.0,0.06637472825353084,0.0005508837210703079,0.75,1,baseline_laissez_faire,-99.31451300257245,-6.454737461944177,83.03300818673988,80.24635914358844,1,0,0.002307673325286836,85.89181217855817
contextual_thompson,0,26,9,90,99,1.0,0.07046298410553678,0.0005508837210703079,0.75,1,baseline_laissez_faire,-99.27170841105068,-6.260821085128647,88.1462892041324,85.18884529206547,1,0,0.002307673325286836,91.18028110368856
discretized_contextual,0,26,9,90,99,1.0,0.15990954349141076,0.00041789590983570314,0.75,11,strong_marine_reserve,1.6638672126541914,-3.7881852998150167,200.11864775448078,193.34855269157927,0,,0.001750582213612453,207.04324992652738
linucb,0,26,10,100,109,1.0,0.07157651014879847,0.00023076733252868362,0.8333333333333334,1,baseline_laissez_faire,-99.25592347181272,-2.599842803163998,89.60116451885206,86.54878388327663,1,0,0.0009666933279302226,92.72330322384406
contextual_thompson,0,26,10,100,109,1.0,0.07598356758640713,0.00023076733252868362,0.8333333333333334,1,baseline_laissez_faire,-99.20987191050806,-2.512233853648972,95.11683880147135,91.87750247964668,1,0,0.0009666933279302226,98.43016793380932
discretized_contextual,0,26,10,100,109,1.0,0.17253604160543948,0.0001750582213612453,0.8333333333333334,7,weak_capacity_control,1.7992110021092,-0.3361059504057372,215.94565296715265,208.62144187119839,0,,0.0007333256953438734,223.43194016157975
linucb,0,26,11,110,119,1.0,0.07726941935320338,9.666933279302226e-05,0.9166666666666666,1,baseline_laissez_faire,-99.19475604112942,-1.041541357824805,96.75426002740817,93.43848090116123,1,0,0.0004049515934620661,100.14165942958724
contextual_thompson,0,26,11,110,119,1.0,0.08202513994484109,9.666933279302226e-05,0.9166666666666666,1,baseline_laissez_faire,-99.14510248031903,-1.0010125624207178,102.70782386920521,99.18912878021281,1,0,0.0004049515934620661,106.30246002103608
discretized_contextual,0,26,11,110,119,1.0,0.1861932834679831,7.333256953438734e-05,0.9166666666666666,7,weak_capacity_control,1.9423167781307313,-0.0457107023277587,233.08349865996706,225.14533686591366,0,,0.00030748017416265837,241.18927360072234
linucb,0,27,0,0,9,1.0,0.8333333333333334,0.1,0.0,5,hard_capacity_control,10.490521369403732,3448.0349987194627,845.0983644821124,685.0617923614428,0,,2.0946658360156425,685.0617923614428
contextual_thompson,0,27,0,0,9,1.0,0.8333333333333334,0.1,0.0,5,hard_capacity_control,10.490521369403732,3448.0349987194627,845.0983644821124,685.0617923614428,0,,2.0946658360156425,685.0617923614428
discretized_contextual,0,27,0,0,9,1.0,0.8333333333333334,0.1,0.0,1,baseline_laissez_faire,10.490521369403732,3448.0349987194627,845.0983644821124,685.0617923614428,0,,2.0946658360156425,685.0617923614428
linucb,0,27,1,10,19,1.0,0.570884826967869,0.20946658360156425,0.08333333333333333,5,hard_capacity_control,7.172915297017182,3721.5387171817497,414.165189580252,210.99693960739452,0,,2.433656061354898,210.99693960739452
contextual_thompson,0,27,1,10,19,1.0,0.570884826967869,0.20946658360156425,0.08333333333333333,5,hard_capacity_control,7.172915297017182,3721.5387171817497,414.165189580252,210.99693960739452,0,,2.433656061354898,210.99693960739452
discretized_contextual,0,27,1,10,19,1.0,0.570884826967869,0.20946658360156425,0.08333333333333333,4,high_taxation,7.324214420796293,3594.777460708412,447.5324352105458,278.56464632792336,0,,1.8461516924318044,278.56464632792336
linucb,0,27,2,20,29,1.0,0.1758307830061621,0.2433656061354898,0.16666666666666666,5,hard_capacity_control,-50.58587411208708,-1652.3190888752126,127.9733972145757,92.3055313030015,1,5,1.0194679858754725,92.3055313030015
contextual_thompson,0,27,2,20,29,1.0,0.1758307830061621,0.2433656061354898,0.16666666666666666,5,hard_capacity_control,-50.58587411208708,-1652.3190888752126,127.9733972145757,92.3055313030015,1,5,1.0194679858754725,92.3055313030015
discretized_contextual,0,27,2,20,29,1.0,0.23213720527326948,0.18461516924318044,0.16666666666666666,10,moderate_marine_reserve,0.8526458376843136,-922.1824393109827,212.97939323943552,180.9078880858866,0,,0.7733601215844041,180.9078880858866
linucb,0,27,3,30,39,1.0,0.07692127608583459,0.10194679858754725,0.25,5,hard_capacity_control,-100.55626119379933,-1199.919120068375,77.23895115228476,69.61524112997978,1,0,0.42705910285711063,69.61524112997978
contextual_thompson,0,27,3,30,39,1.0,0.07692127608583459,0.10194679858754725,0.25,5,hard_capacity_control,-100.55626119379933,-1199.919120068375,77.23895115228476,69.61524112997978,1,0,0.42705910285711063,69.61524112997978
discretized_contextual,0,27,3,30,39,1.0,0.1507565734049055,0.07733601215844041,0.25,10,moderate_marine_reserve,0.7350533058733437,-648.9918770593276,166.08542195192055,158.95570629947775,0,,0.3239635616666084,158.95570629947775
linucb,0,27,4,40,49,1.0,0.058012700941649814,0.042705910285711066,0.3333333333333333,11,strong_marine_reserve,-100.0486177066229,-621.3964115117823,68.73344458666753,68.51515841036272,1,0,0.17889671854334988,68.8084742455193
contextual_thompson,0,27,4,40,49,1.0,0.058012700941649814,0.042705910285711066,0.3333333333333333,11,strong_marine_reserve,-100.0486177066229,-621.3964115117823,68.73344458666753,68.51515841036272,1,0,0.17889671854334988,68.8084742455193
discretized_contextual,0,27,4,40,49,1.0,0.13246308858289813,0.03239635616666084,0.3333333333333333,1,baseline_laissez_faire,1.082234647362538,-203.68730495994828,154.31063427869836,152.86579376779173,0,,0.13570959551508233,152.88553903954727
linucb,0,27,5,50,59,1.0,0.05734039520459942,0.017889671854334988,0.4166666666666667,10,moderate_marine_reserve,-99.66560935324098,-246.93646650409144,69.75925359157341,68.88159720768735,1,0,0.074940530927605,70.96610892858641
contextual_thompson,0,27,5,50,59,1.0,0.05734039520459942,0.017889671854334988,0.4166666666666667,10,moderate_marine_reserve,-99.66560935324098,-246.93646650409144,69.75925359157341,68.88159720768735,1,0,0.074940530927605,70.96610892858641
discretized_contextual,0,27,5,50,59,1.0,0.1274046158662894,0.013570959551508232,0.4166666666666667,11,strong_marine_reserve,1.157942178872,-148.31232710059118,156.7505407167109,153.44586604247445,0,,0.05684927718451349,160.53756371596626
linucb,0,27,6,60,69,1.0,0.05913842410715534,0.0074940530927604995,0.5,1,baseline_laissez_faire,-99.48558679125831,-92.89061319391634,72.87645863227168,71.25163427225714,1,0,0.03139287976570931,74.71173297512924
contextual_thompson,0,27,6,60,69,1.0,0.05913842410715534,0.0074940530927604995,0.5,4,high_taxation,-99.48558679125831,-92.89061319391634,72.87645863227168,71.25163427225714,1,0,0.03139287976570931,74.71173297512924
discretized_contextual,0,27,6,60,69,1.0,0.13378130309663855,0.005684927718451349,0.5,1,baseline_laissez_faire,1.3462757218253942,-32.13850650345887,165.40970739946235,161.30892996084603,0,,0.023814383236021582,169.9053997284442
linucb,0,27,7,70,79,1.0,0.062259777479274366,0.0031392879765709306,0.5833333333333334,1,baseline_laissez_faire,-99.39254505082404,-37.963682978763764,77.45023585856686,75.17488790188138,1,0,0.013150599385749199,79.84994312075551
contextual_thompson,0,27,7,70,79,1.0,0.062259777479274366,0.0031392879765709306,0.5833333333333334,1,baseline_laissez_faire,-99.39254505082404,-37.963682978763764,77.45023585856686,75.17488790188138,1,0,0.013150599385749199,79.84994312075551
discretized_contextual,0,27,7,70,79,1.0,0.14158783310703682,0.002381438323602158,0.5833333333333334,1,baseline_laissez_faire,1.4580234939920362,-11.582979503932295,176.35277681951624,171.00966494656797,0,,0.009975937725143113,181.9425380754918
linucb,0,27,8,80,89,1.0,0.06654161926729626,0.00131505993857492,0.6666666666666666,1,baseline_laissez_faire,-99.32286620529152,-15.39876353604319,83.10390698934161,80.41761227419278,1,0,0.005508837210703079,85.88031250368027
contextual_thompson,0,27,8,80,89,1.0,0.06654161926729626,0.00131505993857492,0.6666666666666666,1,baseline_laissez_faire,-99.32286620529152,-15.39876353604319,83.10390698934161,80.41761227419278,1,0,0.005508837210703079,85.88031250368027
discretized_contextual,0,27,8,80,89,1.0,0.1516187817295765,0.0009975937725143114,0.6666666666666666,7,weak_capacity_control,1.574662705912557,-3.8932705461061694,189.42671717503958,183.25387473339944,0,,0.004178959098357031,195.7875496457393
linucb,0,27,9,90,99,1.0,0.07156692708640022,0.0005508837210703079,0.75,1,baseline_laissez_faire,-99.26015014800743,-6.208458790074957,89.52699729391668,86.52345081311807,1,0,0.002307673325286836,92.6082769891316
contextual_thompson,0,27,9,90,99,1.0,0.07156692708640022,0.0005508837210703079,0.75,1,baseline_laissez_faire,-99.26015014800743,-6.208458790074957,89.52699729391668,86.52345081311807,1,0,0.002307673325286836,92.6082769891316
discretized_contextual,0,27,9,90,99,1.0,0.1631562913714494,0.00041789590983570314,0.75,7,weak_capacity_control,1.699656378949769,-1.1755703816982868,204.09983391977605,197.25620997062234,0,,0.001750582213612453,211.11128033856951
linucb,0,27,10,100,109,1.0,0.07717356415760966,0.00023076733252868362,0.8333333333333334,1,baseline_laissez_faire,-99.19743723388837,-2.4885778848956575,96.60616127958366,93.31636261171852,1,0,0.0009666933279302226,99.97109502970227
contextual_thompson,0,27,10,100,109,1.0,0.07717356415760966,0.00023076733252868362,0.8333333333333334,1,baseline_laissez_faire,-99.19743723388837,-2.4885778848956575,96.60616127958366,93.31636261171852,1,0,0.0009666933279302226,99.97109502970227
discretized_contextual,0,27,10,100,109,1.0,0.17592606694880794,0.0001750582213612453,0.8333333333333334,7,weak_capacity_control,1.8346067767594971,-0.2798899846135424,220.1864000092933,212.72010246503433,0,,0.0007333256953438734,227.8178643372213
linucb,0,27,11,110,119,1.0,0.08330924585808522,9.666933279302226e-05,0.9166666666666666,1,baseline_laissez_faire,-99.13169529519253,-0.9896413895213144,104.31532154363764,100.74187324313912,1,0,0.0004049515934620661,107.96588174720682
contextual_thompson,0,27,11,110,119,1.0,0.08330924585808522,9.666933279302226e-05,0.9166666666666666,1,baseline_laissez_faire,-99.13169529519253,-0.9896413895213144,104.31532154363764,100.74187324313912,1,0,0.0004049515934620661,107.96588174720682
discretized_contextual,0,27,11,110,119,1.0,0.18984822028101775,7.333256953438734e-05,0.9166666666666666,7,weak_capacity_control,1.9804483732408291,-0.020303787230967305,237.65624124336722,229.56446970826477,0,,0.0003102373244464672,245.9180582089603
linucb,0,28,0,0,9,1.0,0.8333333333333334,0.1,0.0,5,hard_capacity_control,10.490521369403732,3448.0349987194627,845.0983644821124,685.0617923614428,0,,2.0946658360156425,685.0617923614428
contextual_thompson,0,28,0,0,9,1.0,0.8333333333333334,0.1,0.0,5,hard_capacity_control,10.490521369403732,3448.0349987194627,845.0983644821124,685.0617923614428,0,,2.0946658360156425,685.0617923614428
discretized_contextual,0,28,0,0,9,1.0,0.8333333333333334,0.1,0.0,1,baseline_laissez_faire,10.490521369403732,3448.0349987194627,845.0983644821124,685.0617923614428,0,,2.0946658360156425,685.0617923614428
linucb,0,28,1,10,19,1.0,0.570884826967869,0.20946658360156425,0.08333333333333333,5,hard_capacity_control,7.172915297017182,3721.5387171817497,414.165189580252,210.99693960739452,0,,2.433656061354898,210.99693960739452
contextual_thompson,0,28,1,10,19,1.0,0.570884826967869,0.20946658360156425,0.08333333333333333,5,hard_capacity_control,7.172915297017182,3721.5387171817497,414.165189580252,210.99693960739452,0,,2.433656061354898,210.99693960739452
discretized_contextual,0,28,1,10,19,1.0,0.570884826967869,0.20946658360156425,0.08333333333333333,4,high_taxation,7.324214420796293,3594.777460708412,447.5324352105458,278.56464632792336,0,,1.8461516924318044,278.56464632792336
linucb,0,28,2,20,29,1.0,0.1758307830061621,0.2433656061354898,0.16666666666666666,5,hard_capacity_control,-50.58587411208708,-1652.3190888752126,127.9733972145757,92.3055313030015,1,5,1.0194679858754725,92.3055313030015
contextual_thompson,0,28,2,20,29,1.0,0.1758307830061621,0.2433656061354898,0.16666666666666666,5,hard_capacity_control,-50.58587411208708,-1652.3190888752126,127.9733972145757,92.3055313030015,1,5,1.0194679858754725,92.3055313030015
discretized_contextual,0,28,2,20,29,1.0,0.23213720527326948,0.18461516924318044,0.16666666666666666,10,moderate_marine_reserve,0.8526458376843136,-922.1824393109827,212.97939323943552,180.9078880858866,0,,0.7733601215844041,180.9078880858866
linucb,0,28,3,30,39,1.0,0.07692127608583459,0.10194679858754725,0.25,5,hard_capacity_control,-100.55626119379933,-1199.919120068375,77.23895115228476,69.61524112997978,1,0,0.42705910285711063,69.61524112997978
contextual_thompson,0,28,3,30,39,1.0,0.07692127608583459,0.10194679858754725,0.25,5,hard_capacity_control,-100.55626119379933,-1199.919120068375,77.23895115228476,69.61524112997978,1,0,0.42705910285711063,69.61524112997978
discretized_contextual,0,28,3,30,39,1.0,0.1507565734049055,0.07733601215844041,0.25,10,moderate_marine_reserve,0.7350533058733437,-648.9918770593276,166.08542195192055,158.95570629947775,0,,0.3239635616666084,158.95570629947775
linucb,0,28,4,40,49,1.0,0.058012700941649814,0.042705910285711066,0.3333333333333333,7,weak_capacity_control,-99.99275753515425,-544.7100541464667,66.23430227906685,64.81157573410937,1,0,0.17889671854334988,64.81157573410937
contextual_thompson,0,28,4,40,49,1.0,0.058012700941649814,0.042705910285711066,0.3333333333333333,7,weak_capacity_control,-99.99275753515425,-544.7100541464667,66.23430227906685,64.81157573410937,1,0,0.17889671854334988,64.81157573410937
discretized_contextual,0,28,4,40,49,1.0,0.13246308858289813,0.03239635616666084,0.3333333333333333,1,baseline_laissez_faire,1.082234647362538,-203.68730495994828,154.31063427869836,152.86579376779173,0,,0.13570959551508233,152.88553903954727
linucb,0,28,5,50,59,1.0,0.05400964644509114,0.017889671854334988,0.4166666666666667,3,moderate_taxation,-99.6886091012348,-230.8885876618605,65.07353837124532,64.70802322165552,1,0,0.074940530927605,65.81291244353963
contextual_thompson,0,28,5,50,59,1.0,0.05400964644509114,0.017889671854334988,0.4166666666666667,7,weak_capacity_control,-99.6886091012348,-230.8885876618605,65.07353837124532,64.70802322165552,1,0,0.074940530927605,65.81291244353963
discretized_contextual,0,28,5,50,59,1.0,0.1274046158662894,0.013570959551508232,0.4166666666666667,1,baseline_laissez_faire,1.2032059798527368,-86.70407210089016,154.78920623443523,153.00219704876457,0,,0.05684927718451349,157.3313102175242
linucb,0,28,6,60,69,1.0,0.054844093702949695,0.0074940530927604995,0.5,1,baseline_laissez_faire,-99.53242042209965,-95.63170556904626,67.58535401632729,66.07784570581023,1,0,0.03139287976570931,69.28806030275011
contextual_thompson,0,28,6,60,69,1.0,0.054844093702949695,0.0074940530927604995,0.5,1,baseline_laissez_faire,-99.53242042209965,-95.63170556904626,67.58535401632729,66.07784570581023,1,0,0.03139287976570931,69.28806030275011
discretized_contextual,0,28,6,60,69,1.0,0.13110942518127017,0.005684927718451349,0.5,1,baseline_laissez_faire,1.3173730399051982,-33.53832258092458,162.1093634983347,158.0879350909965,0,,0.023814383236021582,166.51758124718432
linucb,0,28,7,70,79,1.0,0.05774005025229176,0.0031392879765709306,0.5833333333333334,1,baseline_laissez_faire,-99.4406081626883,-39.18046241179946,71.82867596681893,69.71774923775551,1,0,0.013150599385749199,74.0549755342241
contextual_thompson,0,28,7,70,79,1.0,0.05774005025229176,0.0031392879765709306,0.5833333333333334,1,baseline_laissez_faire,-99.4406081626883,-39.18046241179946,71.82867596681893,69.71774923775551,1,0,0.013150599385749199,74.0549755342241
discretized_contextual,0,28,7,70,79,1.0,0.13876465103932026,0.002381438323602158,0.5833333333333334,1,baseline_laissez_faire,1.4281157703388991,-12.206027368725714,172.83861572491497,167.60025302843073,0,,0.009975937725143113,178.31865459615142
linucb,0,28,8,80,89,1.0,0.061712479611853416,0.00131505993857492,0.6666666666666666,1,baseline_laissez_faire,-99.37366293301451,-15.944921997493587,77.07383867795733,74.58162591951854,1,0,0.005508837210703079,79.64967390423702
contextual_thompson,0,28,8,80,89,1.0,0.061712479611853416,0.00131505993857492,0.6666666666666666,1,baseline_laissez_faire,-99.37366293301451,-15.944921997493587,77.07383867795733,74.58162591951854,1,0,0.005508837210703079,79.64967390423702
discretized_contextual,0,28,8,80,89,1.0,0.14859887883012618,0.0009975937725143114,0.6666666666666666,7,weak_capacity_control,1.5429577335437106,-4.173098032265074,185.6556997891171,179.60422112816966,0,,0.004178959098357031,191.89145218969293
linucb,0,28,9,90,99,1.0,0.06637472825353084,0.0005508837210703079,0.75,1,baseline_laissez_faire,-99.31451300257245,-6.454737461944177,83.03300818673988,80.24635914358844,1,0,0.002307673325286836,85.89181217855817
contextual_thompson,0,28,9,90,99,1.0,0.06637472825353084,0.0005508837210703079,0.75,1,baseline_laissez_faire,-99.31451300257245,-6.454737461944177,83.03300818673988,80.24635914358844,1,0,0.002307673325286836,85.89181217855817
discretized_contextual,0,28,9,90,99,1.0,0.15990954349141076,0.00041789590983570314,0.75,7,weak_capacity_control,1.6656999671194164,-1.3027297661898423,200.04032362627274,193.33123151053073,0,,0.001750582213612453,206.91398571304663
linucb,0,28,10,100,109,1.0,0.07157651014879847,0.00023076733252868362,0.8333333333333334,1,baseline_laissez_faire,-99.25592347181272,-2.599842803163998,89.60116451885206,86.54878388327663,1,0,0.0009666933279302226,92.72330322384406
contextual_thompson,0,28,10,100,109,1.0,0.07157651014879847,0.00023076733252868362,0.8333333333333334,1,baseline_laissez_faire,-99.25592347181272,-2.599842803163998,89.60116451885206,86.54878388327663,1,0,0.0009666933279302226,92.72330322384406
discretized_contextual,0,28,10,100,109,1.0,0.17242832142753886,0.0001750582213612453,0.8333333333333334,7,weak_capacity_control,1.798086268102579,-0.33789226008296097,215.8108992435195,208.49120413844582,0,,0.0007333256953438734,223.29257217183837
linucb,0,28,11,110,119,1.0,0.07726941935320338,9.666933279302226e-05,0.9166666666666666,1,baseline_laissez_faire,-99.19475604112942,-1.041541357824805,96.75426002740817,93.43848090116123,1,0,0.0004049515934620661,100.14165942958724
contextual_thompson,0,28,11,110,119,1.0,0.07726941935320338,9.666933279302226e-05,0.9166666666666666,1,baseline_laissez_faire,-99.19475604112942,-1.041541357824805,96.75426002740817,93.43848090116123,1,0,0.0004049515934620661,100.14165942958724
discretized_contextual,0,28,11,110,119,1.0,0.18607714347653198,7.333256953438734e-05,0.9166666666666666,7,weak_capacity_control,1.9411050494384994,-0.04651758235417183,232.93818804250242,225.00491336825988,0,,0.00030744351557859145,241.03897501981257
linucb,0,29,0,0,9,1.0,0.8333333333333334,0.1,0.0,5,hard_capacity_control,10.490521369403732,3448.0349987194627,845.0983644821124,685.0617923614428,0,,2.0946658360156425,685.0617923614428
contextual_thompson,0,29,0,0,9,1.0,0.8333333333333334,0.1,0.0,5,hard_capacity_control,10.490521369403732,3448.0349987194627,845.0983644821124,685.0617923614428,0,,2.0946658360156425,685.0617923614428
discretized_contextual,0,29,0,0,9,1.0,0.8333333333333334,0.1,0.0,1,baseline_laissez_faire,10.490521369403732,3448.0349987194627,845.0983644821124,685.0617923614428,0,,2.0946658360156425,685.0617923614428
linucb,0,29,1,10,19,1.0,0.570884826967869,0.20946658360156425,0.08333333333333333,5,hard_capacity_control,7.172915297017182,3721.5387171817497,414.165189580252,210.99693960739452,0,,2.433656061354898,210.99693960739452
contextual_thompson,0,29,1,10,19,1.0,0.570884826967869,0.20946658360156425,0.08333333333333333,5,hard_capacity_control,7.172915297017182,3721.5387171817497,414.165189580252,210.99693960739452,0,,2.433656061354898,210.99693960739452
discretized_contextual,0,29,1,10,19,1.0,0.570884826967869,0.20946658360156425,0.08333333333333333,4,high_taxation,7.324214420796293,3594.777460708412,447.5324352105458,278.56464632792336,0,,1.8461516924318044,278.56464632792336
linucb,0,29,2,20,29,1.0,0.1758307830061621,0.2433656061354898,0.16666666666666666,5,hard_capacity_control,-50.58587411208708,-1652.3190888752126,127.9733972145757,92.3055313030015,1,5,1.0194679858754725,92.3055313030015
contextual_thompson,0,29,2,20,29,1.0,0.1758307830061621,0.2433656061354898,0.16666666666666666,5,hard_capacity_control,-50.58587411208708,-1652.3190888752126,127.9733972145757,92.3055313030015,1,5,1.0194679858754725,92.3055313030015
discretized_contextual,0,29,2,20,29,1.0,0.23213720527326948,0.18461516924318044,0.16666666666666666,10,moderate_marine_reserve,0.8526458376843136,-922.1824393109827,212.97939323943552,180.9078880858866,0,,0.7733601215844041,180.9078880858866
linucb,0,29,3,30,39,1.0,0.07692127608583459,0.10194679858754725,0.25,5,hard_capacity_control,-100.55626119379933,-1199.919120068375,77.23895115228476,69.61524112997978,1,0,0.42705910285711063,69.61524112997978
contextual_thompson,0,29,3,30,39,1.0,0.07692127608583459,0.10194679858754725,0.25,5,hard_capacity_control,-100.55626119379933,-1199.919120068375,77.23895115228476,69.61524112997978,1,0,0.42705910285711063,69.61524112997978
discretized_contextual,0,29,3,30,39,1.0,0.1507565734049055,0.07733601215844041,0.25,10,moderate_marine_reserve,0.7350533058733437,-648.9918770593276,166.08542195192055,158.95570629947775,0,,0.3239635616666084,158.95570629947775
linucb,0,29,4,40,49,1.0,0.058012700941649814,0.042705910285711066,0.3333333333333333,7,weak_capacity_control,-99.99275753515425,-544.7100541464667,66.23430227906685,64.81157573410937,1,0,0.17889671854334988,64.81157573410937
contextual_thompson,0,29,4,40,49,1.0,0.058012700941649814,0.042705910285711066,0.3333333333333333,3,moderate_taxation,-99.99275753515425,-544.7100541464667,66.23430227906685,64.81157573410937,1,0,0.17889671854334988,64.81157573410937
discretized_contextual,0,29,4,40,49,1.0,0.13246308858289813,0.03239635616666084,0.3333333333333333,1,baseline_laissez_faire,1.082234647362538,-203.68730495994828,154.31063427869836,152.86579376779173,0,,0.13570959551508233,152.88553903954727
linucb,0,29,5,50,59,1.0,0.05400964644509114,0.017889671854334988,0.4166666666666667,4,high_taxation,-99.6886091012348,-230.8885876618605,65.07353837124532,64.70802322165552,1,0,0.074940530927605,65.81291244353963
contextual_thompson,0,29,5,50,59,1.0,0.05400964644509114,0.017889671854334988,0.4166666666666667,4,high_taxation,-99.6886091012348,-230.8885876618605,65.07353837124532,64.70802322165552,1,0,0.074940530927605,65.81291244353963
discretized_contextual,0,29,5,50,59,1.0,0.1274046158662894,0.013570959551508232,0.4166666666666667,1,baseline_laissez_faire,1.2032059798527368,-86.70407210089016,154.78920623443523,153.00219704876457,0,,0.05684927718451349,157.3313102175242
linucb,0,29,6,60,69,1.0,0.054844093702949695,0.0074940530927604995,0.5,10,moderate_marine_reserve,-99.53880309297513,-104.30737144477155,67.86051341635856,66.13949638831538,1,0,0.03139287976570931,69.73965335784946
contextual_thompson,0,29,6,60,69,1.0,0.054844093702949695,0.0074940530927604995,0.5,1,baseline_laissez_faire,-99.53242042209965,-95.63170556904626,67.58535401632729,66.07784570581023,1,0,0.03139287976570931,69.28806030275011
discretized_contextual,0,29,6,60,69,1.0,0.13110942518127017,0.005684927718451349,0.5,1,baseline_laissez_faire,1.3173730399051982,-33.53832258092458,162.1093634983347,158.0879350909965,0,,0.023814383236021582,166.51758124718432
linucb,0,29,7,70,79,1.0,0.058116377798207886,0.0031392879765709306,0.5833333333333334,1,baseline_laissez_faire,-99.43660622158896,-39.07914848840428,72.29675122793273,70.1721297183814,1,0,0.013150599385749199,74.53749406532461
contextual_thompson,0,29,7,70,79,1.0,0.05774005025229176,0.0031392879765709306,0.5833333333333334,1,baseline_laissez_faire,-99.4406081626883,-39.18046241179946,71.82867596681893,69.71774923775551,1,0,0.013150599385749199,74.0549755342241
discretized_contextual,0,29,7,70,79,1.0,0.13876465103932026,0.002381438323602158,0.5833333333333334,3,moderate_taxation,1.4281157703388991,-12.206027368725714,172.83861572491497,167.60025302843073,0,,0.009975937725143113,178.31865459615142
linucb,0,29,8,80,89,1.0,0.06211457838777051,0.00131505993857492,0.6666666666666666,1,baseline_laissez_faire,-99.36943328597332,-15.899445669375435,77.57593916352657,75.06756095034163,1,0,0.005508837210703079,80.1684804015327
contextual_thompson,0,29,8,80,89,1.0,0.061712479611853416,0.00131505993857492,0.6666666666666666,1,baseline_laissez_faire,-99.37366293301451,-15.944921997493587,77.07383867795733,74.58162591951854,1,0,0.005508837210703079,79.64967390423702
discretized_contextual,0,29,8,80,89,1.0,0.14859887883012618,0.0009975937725143114,0.6666666666666666,7,weak_capacity_control,1.5429577335437106,-4.173098032265074,185.6556997891171,179.60422112816966,0,,0.004178959098357031,191.89145218969293
linucb,0,29,9,90,99,1.0,0.06680706700127725,0.0005508837210703079,0.75,1,baseline_laissez_faire,-99.30998631076419,-6.434230389182054,83.57375035499834,80.7690348827458,1,0,0.002307673325286836,86.45108562610737
contextual_thompson,0,29,9,90,99,1.0,0.06637472825353084,0.0005508837210703079,0.75,1,baseline_laissez_faire,-99.31451300257245,-6.454737461944177,83.03300818673988,80.24635914358844,1,0,0.002307673325286836,85.89181217855817
discretized_contextual,0,29,9,90,99,1.0,0.15990954349141076,0.00041789590983570314,0.75,7,weak_capacity_control,1.6656999671194164,-1.3027297661898423,200.04032362627274,193.33123151053073,0,,0.001750582213612453,206.91398571304663
linucb,0,29,10,100,109,1.0,0.07204257135508947,0.00023076733252868362,0.8333333333333334,1,baseline_laissez_faire,-99.25105330950429,-2.5905777897887834,90.1844721942605,87.11231497152646,1,0,0.0009666933279302226,93.32683565444543
contextual_thompson,0,29,10,100,109,1.0,0.07157651014879847,0.00023076733252868362,0.8333333333333334,1,baseline_laissez_faire,-99.25592347181272,-2.599842803163998,89.60116451885206,86.54878388327663,1,0,0.0009666933279302226,92.72330322384406
discretized_contextual,0,29,10,100,109,1.0,0.17242832142753886,0.0001750582213612453,0.8333333333333334,7,weak_capacity_control,1.798086268102579,-0.33789226008296097,215.8108992435195,208.49120413844582,0,,0.0007333256953438734,223.29257217183837
linucb,0,29,11,110,119,1.0,0.07777236304537119,9.666933279302226e-05,0.9166666666666666,1,baseline_laissez_faire,-99.18950492319398,-1.0373515919527938,97.3838914077562,94.04664492681071,1,0,0.0004049515934620661,100.79321722348008
contextual_thompson,0,29,11,110,119,1.0,0.07726941935320338,9.666933279302226e-05,0.9166666666666666,1,baseline_laissez_faire,-99.19475604112942,-1.041541357824805,96.75426002740817,93.43848090116123,1,0,0.0004049515934620661,100.14165942958724
discretized_contextual,0,29,11,110,119,1.0,0.18607714347653198,7.333256953438734e-05,0.9166666666666666,7,weak_capacity_control,1.9411050494384994,-0.04651758235417183,232.93818804250242,225.00491336825988,0,,0.00030744351557859145,241.03897501981257
linucb,1,0,0,0,9,1.0,0.8333333333333334,0.1,0.0,3,moderate_taxation,10.118290610614807,2917.3699619718477,864.1104778371554,739.8811269985001,0,,1.4853708961653926,739.8811269985001
contextual_thompson,1,0,0,0,9,1.0,0.8333333333333334,0.1,0.0,3,moderate_taxation,10.118290610614807,2917.3699619718477,864.1104778371554,739.8811269985001,0,,1.4853708961653926,739.8811269985001
discretized_contextual,1,0,0,0,9,1.0,0.8333333333333334,0.1,0.0,3,moderate_taxation,10.118290610614807,2917.3699619718477,864.1104778371554,739.8811269985001,0,,1.4853708961653926,739.8811269985001
linucb,1,0,1,10,19,1.0,0.6165676058320835,0.14853708961653928,0.08333333333333333,10,moderate_marine_reserve,7.571525697173755,2877.136216699609,563.3267376568974,414.6558837755958,0,,1.9191565756293816,414.6558837755958
contextual_thompson,1,0,1,10,19,1.0,0.6165676058320835,0.14853708961653928,0.08333333333333333,10,moderate_marine_reserve,7.571525697173755,2877.136216699609,563.3267376568974,414.6558837755958,0,,1.9191565756293816,414.6558837755958
discretized_contextual,1,0,1,10,19,1.0,0.6165676058320835,0.14853708961653928,0.08333333333333333,10,moderate_marine_reserve,7.571525697173755,2877.136216699609,563.3267376568974,414.6558837755958,0,,1.9191565756293816,414.6558837755958
linucb,1,0,2,20,29,1.0,0.3455465698129965,0.19191565756293816,0.16666666666666666,1,baseline_laissez_faire,3.023477199435302,874.529738819089,257.87369527394566,175.36357700207208,0,,1.1757182010732006,175.36357700207208
contextual_thompson,1,0,2,20,29,1.0,0.3455465698129965,0.19191565756293816,0.16666666666666666,1,baseline_laissez_faire,3.023477199435302,874.529738819089,257.87369527394566,175.36357700207208,0,,1.1757182010732006,175.36357700207208
discretized_contextual,1,0,2,20,29,1.0,0.3455465698129965,0.19191565756293816,0.16666666666666666,1,baseline_laissez_faire,3.023477199435302,874.529738819089,257.87369527394566,175.36357700207208,0,,1.1757182010732006,175.36357700207208
linucb,1,0,3,30,39,1.0,0.1461363141683934,0.11757182010732006,0.25,7,weak_capacity_control,0.38495814892463837,-788.3654829551854,140.79883582557886,123.59733742036528,0,,0.4925129254862432,123.59733742036528
contextual_thompson,1,0,3,30,39,1.0,0.1461363141683934,0.11757182010732006,0.25,7,weak_capacity_control,0.38495814892463837,-788.3654829551854,140.79883582557886,123.59733742036528,0,,0.4925129254862432,123.59733742036528
discretized_contextual,1,0,3,30,39,1.0,0.1461363141683934,0.11757182010732006,0.25,7,weak_capacity_control,0.38495814892463837,-788.3654829551854,140.79883582557886,123.59733742036528,0,,0.4925129254862432,123.59733742036528
linucb,1,0,4,40,49,1.0,0.10299778118363773,0.04925129254862432,0.3333333333333333,4,high_taxation,-89.48452535078525,-449.2236748939865,115.76379889304857,112.19047291355115,1,1,0.20631557931960204,112.19047291355115
contextual_thompson,1,0,4,40,49,1.0,0.10299778118363773,0.04925129254862432,0.3333333333333333,4,high_taxation,-89.48452535078525,-449.2236748939865,115.76379889304857,112.19047291355115,1,1,0.20631557931960204,112.19047291355115
discretized_contextual,1,0,4,40,49,1.0,0.10299778118363773,0.04925129254862432,0.3333333333333333,4,high_taxation,-89.48452535078525,-449.2236748939865,115.76379889304857,112.19047291355115,1,1,0.20631557931960204,112.19047291355115
linucb,1,0,5,50,59,1.0,0.09349206076129263,0.020631557931960205,0.4166666666666667,11,strong_marine_reserve,-99.31195811021047,-261.83846819802045,113.98564295850642,112.36591487062263,1,0,0.08642639830814342,116.10559134409752
contextual_thompson,1,0,5,50,59,1.0,0.09349206076129263,0.020631557931960205,0.4166666666666667,11,strong_marine_reserve,-99.31195811021047,-261.83846819802045,113.98564295850642,112.36591487062263,1,0,0.08642639830814342,116.10559134409752
discretized_contextual,1,0,5,50,59,1.0,0.09349206076129263,0.020631557931960205,0.4166666666666667,11,strong_marine_reserve,-99.31195811021047,-261.83846819802045,113.98564295850642,112.36591487062263,1,0,0.08642639830814342,116.10559134409752
linucb,1,0,6,60,69,1.0,0.0967546594534146,0.008642639830814342,0.5,5,hard_capacity_control,-69.08791512997817,-78.71262763174002,118.89569971842761,116.49830088093056,1,0,0.03620435426714369,121.67994075295987
contextual_thompson,1,0,6,60,69,1.0,0.0967546594534146,0.008642639830814342,0.5,5,hard_capacity_control,-69.08791512997817,-78.71262763174002,118.89569971842761,116.49830088093056,1,0,0.03620435426714369,121.67994075295987
discretized_contextual,1,0,6,60,69,1.0,0.0967546594534146,0.008642639830814342,0.5,5,hard_capacity_control,-69.08791512997817,-78.71262763174002,118.89569971842761,116.49830088093056,1,0,0.03620435426714369,121.67994075295987
linucb,1,0,7,70,79,1.0,0.10139995062746655,0.003620435426714369,0.5833333333333334,3,moderate_taxation,1.0186686257652973,-31.160674582731637,125.97951604176347,122.3994683037073,0,,0.015166144760857644,129.78016061876033
contextual_thompson,1,0,7,70,79,1.0,0.10139995062746655,0.003620435426714369,0.5833333333333334,10,moderate_marine_reserve,1.0125315751606654,-39.48632542585693,126.24214807038267,122.45767473275716,0,,0.015166144760857644,130.21331835442933
discretized_contextual,1,0,7,70,79,1.0,0.10139995062746655,0.003620435426714369,0.5833333333333334,3,moderate_taxation,1.0186686257652973,-31.160674582731637,125.97951604176347,122.3994683037073,0,,0.015166144760857644,129.78016061876033
linucb,1,0,8,80,89,1.0,0.10815013384896695,0.0015166144760857645,0.6666666666666666,10,moderate_marine_reserve,1.1100258907537803,-15.848271289066352,135.10489944514163,130.71161807435206,0,,0.006353157004543817,139.6369423858875
contextual_thompson,1,0,8,80,89,1.0,0.10851109862869111,0.0015166144760857645,0.6666666666666666,3,moderate_taxation,1.1166257355183722,-12.004571516930174,135.43563684423629,131.1213428624413,0,,0.006353157004543817,139.90461591530743
discretized_contextual,1,0,8,80,89,1.0,0.10815013384896695,0.0015166144760857645,0.6666666666666666,7,weak_capacity_control,1.112822396859956,-12.055384260682166,134.98533373447657,130.6852081646564,0,,0.006353157004543817,139.4396238798602
linucb,1,0,9,90,99,1.0,0.11636411865490624,0.0006353157004543817,0.75,3,moderate_taxation,1.2080810376343407,-4.55597101908369,145.51644103841093,140.672622121828,0,,0.002661362169544639,150.48964475028416
contextual_thompson,1,0,9,90,99,1.0,0.11658717992942286,0.0006353157004543817,0.75,3,moderate_taxation,1.2104177994655827,-4.542798141866603,145.7952717128939,140.9422604964435,0,,0.002661362169544639,150.77791418905798
discretized_contextual,1,0,9,90,99,1.0,0.11619968656655016,0.0006353157004543817,0.75,1,baseline_laissez_faire,1.2063584658958026,-4.565681558703669,145.31089769454078,140.4738551701792,0,,0.002661362169544639,150.27714331906554
linucb,1,0,10,100,109,1.0,0.12540803729190347,0.00026613621695446393,0.8333333333333334,10,moderate_marine_reserve,1.305664122081629,-2.4589386192471707,156.97476728410513,151.63887166709216,0,,0.0011148549598912244,162.43034626158175
contextual_thompson,1,0,10,100,109,1.0,0.12564826182421499,0.00026613621695446393,0.8333333333333334,10,moderate_marine_reserve,1.3081733839873413,-2.4544784165440943,157.2753434884662,151.92932235038936,0,,0.0011148549598912244,162.74127309262767
discretized_contextual,1,0,10,100,109,1.0,0.12523095276588794,0.00026613621695446393,0.8333333333333334,5,hard_capacity_control,1.30438576755095,-1.687322687291814,156.728770828589,151.41936304407815,0,,0.0011148549598912244,162.1608331775966
linucb,1,0,11,110,119,1.0,0.13535862188465145,0.00011148549598912245,0.9166666666666666,1,baseline_laissez_faire,1.411541190873863,-0.6014618083781208,169.45711832186893,163.67697707152794,0,,0.00046701707712585585,175.36214422311363
contextual_thompson,1,0,11,110,119,1.0,0.13561772757718973,0.00011148549598912245,0.9166666666666666,1,baseline_laissez_faire,1.414245957619692,-0.5987745137744187,169.78136785601595,163.99026828647794,0,,0.00046701707712585585,175.6975853368179
discretized_contextual,1,0,11,110,119,1.0,0.13513402764799717,0.00011148549598912245,0.9166666666666666,3,moderate_taxation,1.4091966810083285,-0.6037911722868532,169.17605666167384,163.4054144614137,0,,0.00046701707712585585,175.07138130205487
linucb,1,1,0,0,9,1.0,0.8333333333333334,0.1,0.0,3,moderate_taxation,10.118290610614807,2917.3699619718477,864.1104778371554,739.8811269985001,0,,1.4853708961653926,739.8811269985001
contextual_thompson,1,1,0,0,9,1.0,0.8333333333333334,0.1,0.0,3,moderate_taxation,10.118290610614807,2917.3699619718477,864.1104778371554,739.8811269985001,0,,1.4853708961653926,739.8811269985001
discretized_contextual,1,1,0,0,9,1.0,0.8333333333333334,0.1,0.0,7,weak_capacity_control,10.490521369403732,3448.0349987194627,845.0983644821124,685.0617923614428,0,,2.0946658360156425,685.0617923614428
linucb,1,1,1,10,19,1.0,0.6165676058320835,0.14853708961653928,0.08333333333333333,3,moderate_taxation,8.091235544999945,3463.7698951987013,555.2958779761493,396.1874607197347,0,,1.852135913276932,396.1874607197347
contextual_thompson,1,1,1,10,19,1.0,0.6165676058320835,0.14853708961653928,0.08333333333333333,3,moderate_taxation,8.091235544999945,3463.7698951987013,555.2958779761493,396.1874607197347,0,,1.852135913276932,396.1874607197347
discretized_contextual,1,1,1,10,19,1.0,0.570884826967869,0.20946658360156425,0.08333333333333333,11,strong_marine_reserve,5.86776241183656,1687.8860746752352,501.58516045935914,386.3789228646541,0,,1.5375207433081963,386.3789228646541
linucb,1,1,2,20,29,1.0,0.33015621726644556,0.1852135913276932,0.16666666666666666,3,moderate_taxation,2.9053361526327284,765.8368160274092,256.7399203926382,185.10785301335062,0,,1.0161203923383744,185.10785301335062
contextual_thompson,1,1,2,20,29,1.0,0.33015621726644556,0.1852135913276932,0.16666666666666666,3,moderate_taxation,2.9053361526327284,765.8368160274092,256.7399203926382,185.10785301335062,0,,1.0161203923383744,185.10785301335062
discretized_contextual,1,1,2,20,29,1.0,0.3219824357205451,0.15375207433081964,0.16666666666666666,7,weak_capacity_control,2.966652931901428,744.8230774022326,266.6195825399034,199.88388902537727,0,,0.9338205532341526,199.88388902537727
linucb,1,1,3,30,39,1.0,0.1542565441777922,0.10161203923383744,0.25,3,moderate_taxation,0.6945658190452897,-587.7337612317224,153.87594963324145,138.1876946879523,0,,0.425656782909363,138.1876946879523
contextual_thompson,1,1,3,30,39,1.0,0.1542565441777922,0.10161203923383744,0.25,3,moderate_taxation,0.6945658190452897,-587.7337612317224,153.87594963324145,138.1876946879523,0,,0.425656782909363,138.1876946879523
discretized_contextual,1,1,3,30,39,1.0,0.16656990752114773,0.09338205532341526,0.25,5,hard_capacity_control,0.9754073891293282,-433.79923416195277,169.1047947949537,153.60251364678297,0,,0.39118106033632793,153.60251364678297
linucb,1,1,4,40,49,1.0,0.11515641223996025,0.0425656782909363,0.3333333333333333,3,moderate_taxation,0.7542938581752301,-339.44227085083014,131.24833548312722,128.2992818432063,0,,0.1783092812651803,128.2992818432063
contextual_thompson,1,1,4,40,49,1.0,0.11515641223996025,0.0425656782909363,0.3333333333333333,3,moderate_taxation,0.7542938581752301,-339.44227085083014,131.24833548312722,128.2992818432063,0,,0.1783092812651803,128.2992818432063
discretized_contextual,1,1,4,40,49,1.0,0.12800209470565246,0.03911810603363279,0.3333333333333333,10,moderate_marine_reserve,0.8826148731217868,-370.04483099795846,150.31916449436943,149.46865499686783,0,,0.1638672670417053,149.66861486048873
linucb,1,1,5,50,59,1.0,0.10691606820267192,0.01783092812651803,0.4166666666666667,10,moderate_marine_reserve,0.893714869714485,-190.17372940404363,130.0666318942234,128.43527188673806,0,,0.07469445116789143,132.30960058053947
contextual_thompson,1,1,5,50,59,1.0,0.10691606820267192,0.01783092812651803,0.4166666666666667,10,moderate_marine_reserve,0.893714869714485,-190.17372940404363,130.0666318942234,128.43527188673806,0,,0.07469445116789143,132.30960058053947
discretized_contextual,1,1,5,50,59,1.0,0.12472384571707394,0.016386726704170528,0.4166666666666667,7,weak_capacity_control,1.1454086627459081,-109.52663179312017,150.5922353446834,149.56785084913125,0,,0.06864463526079316,152.49158647548063
linucb,1,1,6,60,69,1.0,0.11025800048378288,0.007469445116789143,0.5,3,moderate_taxation,1.0731524144343183,-58.636233955148725,135.81463780673604,132.83052832755368,0,,0.03128979599763559,139.19445864627963
contextual_thompson,1,1,6,60,69,1.0,0.11025800048378288,0.007469445116789143,0.5,1,baseline_laissez_faire,1.0731524144343183,-58.636233955148725,135.81463780673604,132.83052832755368,0,,0.03128979599763559,139.19445864627963
discretized_contextual,1,1,6,60,69,1.0,0.12707632206290054,0.006864463526079316,0.5,1,baseline_laissez_faire,1.26275733858645,-43.20097834043165,156.71499803122578,153.13353228508302,0,,0.028755504593166066,160.72652158220882
linucb,1,1,7,70,79,1.0,0.11599538220523302,0.0031289795997635587,0.5833333333333334,10,moderate_marine_reserve,1.1732787392379396,-31.050124853182158,144.51946369093463,140.10822605319464,0,,0.013107417194525321,149.12877297489365
contextual_thompson,1,1,7,70,79,1.0,0.11599538220523302,0.0031289795997635587,0.5833333333333334,3,moderate_taxation,1.1794445289593922,-22.680478585326714,144.25500090536627,140.04942860929157,0,,0.013107417194525321,148.6933260277919
discretized_contextual,1,1,7,70,79,1.0,0.133938767985174,0.0028755504593166066,0.5833333333333334,1,baseline_laissez_faire,1.3726743201463993,-16.053103221869645,166.64729080419227,161.73135119584722,0,,0.012045792672160532,171.82045602083576
linucb,1,1,8,80,89,1.0,0.12427397747907803,0.001310741719452532,0.6666666666666666,1,baseline_laissez_faire,1.2846314579668556,-8.4523368373235,155.1700553765015,150.18240053376172,0,,0.0054907480229120205,160.32589233853872
contextual_thompson,1,1,8,80,89,1.0,0.12391110502315991,0.001310741719452532,0.6666666666666666,3,moderate_taxation,1.2808134567652236,-8.496496779567064,154.71719442537488,149.7439193457701,0,,0.0054907480229120205,159.8581586903261
discretized_contextual,1,1,8,80,89,1.0,0.14318371335069646,0.0012045792672160532,0.6666666666666666,10,moderate_marine_reserve,1.4814891971367457,-9.649357241281896,178.9366265253633,173.06934954900825,0,,0.0050460293830197865,184.97588978469156
linucb,1,1,9,90,99,1.0,0.1336049102821156,0.0005490748022912021,0.75,10,moderate_marine_reserve,1.3881778736469375,-4.760865908252272,167.15264874662273,161.53226791716423,0,,0.002300095694192487,172.91036121089203
contextual_thompson,1,1,9,90,99,1.0,0.1332151322419384,0.0005490748022912021,0.75,10,moderate_marine_reserve,1.3841009643636057,-4.775790853774911,166.66521062608567,161.06105235925946,0,,0.002300095694192487,172.4063051255729
discretized_contextual,1,1,9,90,99,1.0,0.1541465748205763,0.0005046029383019787,0.75,11,strong_marine_reserve,1.6026634620180515,-4.736799705946801,192.8880314068798,186.3762214785379,0,,0.002113801326926882,199.55170814601433
linucb,1,1,10,100,109,1.0,0.14409196767574337,0.00023000956941924872,0.8333333333333334,1,baseline_laissez_faire,1.5017617573576465,-1.0546196341359555,180.33796523901387,174.22604820915114,0,,0.0009635190288038445,186.58875214375638
contextual_thompson,1,1,10,100,109,1.0,0.14367192093797743,0.00023000956941924872,0.8333333333333334,1,baseline_laissez_faire,1.497373744012507,-1.0636055451703572,179.81248194692128,173.71819561730663,0,,0.0009635190288038445,186.04524246026472
discretized_contextual,1,1,10,100,109,1.0,0.16629309012167862,0.00021138013269268822,0.8333333333333334,4,high_taxation,1.7337920180717883,-0.5310289606194972,208.11876564388893,201.06968707105534,0,,0.0008854795940652821,215.32640050762868
linucb,1,1,11,110,119,1.0,0.15549062678646364,9.635190288038446e-05,0.9166666666666666,1,baseline_laissez_faire,1.6217930629596342,-0.3393347335637372,194.65588772318378,188.02031519916255,0,,0.00040362186721671755,201.43354901306367
contextual_thompson,1,1,11,110,119,1.0,0.1550377020502206,9.635190288038446e-05,0.9166666666666666,3,moderate_taxation,1.6170660455261334,-0.3433943403350751,194.0891327839762,187.47267880654033,0,,0.00040362186721671755,200.84727356788116
discretized_contextual,1,1,11,110,119,1.0,0.17943866708969056,8.854795940652821e-05,0.9166666666666666,4,high_taxation,1.8717583956462336,-0.11189756071253508,224.62443518483354,216.97667208584224,0,,0.00037093084459641776,232.43492906863304
linucb,1,2,0,0,9,1.0,0.8333333333333334,0.1,0.0,3,moderate_taxation,10.118290610614807,2917.3699619718477,864.1104778371554,739.8811269985001,0,,1.4853708961653926,739.8811269985001
contextual_thompson,1,2,0,0,9,1.0,0.8333333333333334,0.1,0.0,3,moderate_taxation,10.118290610614807,2917.3699619718477,864.1104778371554,739.8811269985001,0,,1.4853708961653926,739.8811269985001
discretized_contextual,1,2,0,0,9,1.0,0.8333333333333334,0.1,0.0,5,hard_capacity_control,10.490521369403732,3448.0349987194627,845.0983644821124,685.0617923614428,0,,2.0946658360156425,685.0617923614428
linucb,1,2,1,10,19,1.0,0.6165676058320835,0.14853708961653928,0.08333333333333333,3,moderate_taxation,8.091235544999945,3463.7698951987013,555.2958779761493,396.1874607197347,0,,1.852135913276932,396.1874607197347
contextual_thompson,1,2,1,10,19,1.0,0.6165676058320835,0.14853708961653928,0.08333333333333333,3,moderate_taxation,8.091235544999945,3463.7698951987013,555.2958779761493,396.1874607197347,0,,1.852135913276932,396.1874607197347
discretized_contextual,1,2,1,10,19,1.0,0.570884826967869,0.20946658360156425,0.08333333333333333,10,moderate_marine_reserve,6.454378216979453,2634.511067824895,458.3840578985469,303.11143305553713,0,,1.9444986463839253,303.11143305553713
linucb,1,2,2,20,29,1.0,0.33015621726644556,0.1852135913276932,0.16666666666666666,3,moderate_taxation,2.9053361526327284,765.8368160274092,256.7399203926382,185.10785301335062,0,,1.0161203923383744,185.10785301335062
contextual_thompson,1,2,2,20,29,1.0,0.33015621726644556,0.1852135913276932,0.16666666666666666,3,moderate_taxation,2.9053361526327284,765.8368160274092,256.7399203926382,185.10785301335062,0,,1.0161203923383744,185.10785301335062
discretized_contextual,1,2,2,20,29,1.0,0.2525928608796143,0.19444986463839253,0.16666666666666666,4,high_taxation,1.4722930038368733,-194.42344477000387,200.00597383282528,152.32526916959756,0,,0.8608176204118173,152.32526916959756
linucb,1,2,3,30,39,1.0,0.1542565441777922,0.10161203923383744,0.25,3,moderate_taxation,0.6945658190452897,-587.7337612317224,153.87594963324145,138.1876946879523,0,,0.425656782909363,138.1876946879523
contextual_thompson,1,2,3,30,39,1.0,0.1542565441777922,0.10161203923383744,0.25,10,moderate_marine_reserve,0.5021840481376573,-858.1857893814625,163.2443805022944,152.32044935332218,0,,0.425656782909363,152.32044935332218
discretized_contextual,1,2,3,30,39,1.0,0.12693772430799796,0.08608176204118173,0.25,11,strong_marine_reserve,0.20501071012418376,-979.3139919512337,142.1189642490501,137.37417465440276,0,,0.36059984795007394,137.37417465440276
linucb,1,2,4,40,49,1.0,0.11515641223996025,0.0425656782909363,0.3333333333333333,3,moderate_taxation,0.7542938581752301,-339.44227085083014,131.24833548312722,128.2992818432063,0,,0.1783092812651803,128.2992818432063
contextual_thompson,1,2,4,40,49,1.0,0.12693370779443514,0.0425656782909363,0.3333333333333333,3,moderate_taxation,0.9089251903839899,-296.01924592275907,144.59333235680987,141.29506786045226,0,,0.1783092812651803,141.29506786045226
discretized_contextual,1,2,4,40,49,1.0,0.11447847887866897,0.036059984795007397,0.3333333333333333,1,baseline_laissez_faire,0.8170824689580947,-285.9708685607193,132.36640050225768,130.54530831447056,0,,0.15105667827687902,130.54530831447056
linucb,1,2,5,50,59,1.0,0.10691606820267192,0.01783092812651803,0.4166666666666667,10,moderate_marine_reserve,0.893714869714485,-190.17372940404363,130.0666318942234,128.43527188673806,0,,0.07469445116789143,132.30960058053947
contextual_thompson,1,2,5,50,59,1.0,0.11774588988371022,0.01783092812651803,0.4166666666666667,3,moderate_taxation,1.0502143818803835,-130.87945763843675,141.73126074225843,141.0119593222354,0,,0.07469445116789143,143.25311264130923
discretized_contextual,1,2,5,50,59,1.0,0.10878775692872547,0.015105667827687902,0.4166666666666667,1,baseline_laissez_faire,0.9755937644833411,-122.4491530847734,131.76515010817374,130.55201753051443,0,,0.06327822982111674,133.682211575094
linucb,1,2,6,60,69,1.0,0.11025800048378288,0.007469445116789143,0.5,10,moderate_marine_reserve,1.0593573135687828,-77.38679299122859,136.40929278720137,132.96371663158004,0,,0.03128979599763559,140.1701932251244
contextual_thompson,1,2,6,60,69,1.0,0.11937759386775769,0.007469445116789143,0.5,1,baseline_laissez_faire,1.1729015046502322,-52.377121630040705,147.03343515363272,143.81400261257892,0,,0.03128979599763559,150.68273857176658
discretized_contextual,1,2,6,60,69,1.0,0.11140184297924499,0.0063278229821116735,0.5,1,baseline_laissez_faire,1.0975163878440317,-48.89091542950132,137.56887639282397,134.2860025147563,0,,0.0265074964905206,141.20482946775223
linucb,1,2,7,70,79,1.0,0.11680849435427033,0.0031289795997635587,0.5833333333333334,3,moderate_taxation,1.1881007607971004,-22.44498067655404,145.26548897683855,141.0310116915154,0,,0.013107417194525321,149.7343906536287
contextual_thompson,1,2,7,70,79,1.0,0.1255689488098055,0.0031289795997635587,0.5833333333333334,3,moderate_taxation,1.281360344448335,-19.907777882519174,156.1521746797025,151.6065183783674,0,,0.013107417194525321,160.95025181495026
discretized_contextual,1,2,7,70,79,1.0,0.11767069122312686,0.00265074964905206,0.5833333333333334,7,weak_capacity_control,1.2019897286893064,-18.780789883199667,146.49246222870073,142.10640102908886,0,,0.01110409333796628,151.09438528447558
linucb,1,2,8,80,89,1.0,0.12477865887802392,0.001310741719452532,0.6666666666666666,1,baseline_laissez_faire,1.2899415041259803,-8.390919489496886,155.7998908338573,150.79223795853807,0,,0.0054907480229120205,160.97641132472816
contextual_thompson,1,2,8,80,89,1.0,0.13412520984579188,0.001310741719452532,0.6666666666666666,1,baseline_laissez_faire,1.388279274260447,-7.253510066618275,167.46393411924782,162.08619232953745,0,,0.0054907480229120205,173.02322314002427
discretized_contextual,1,2,8,80,89,1.0,0.12591198773706297,0.001110409333796628,0.6666666666666666,5,hard_capacity_control,1.303716585269421,-6.987426777304721,157.2844814456071,152.1772514573559,0,,0.004651547870707482,162.5530617550768
linucb,1,2,9,90,99,1.0,0.13414700943727348,0.0005490748022912021,0.75,1,baseline_laissez_faire,1.3951095897917725,-3.0289839301847223,167.77662884663488,162.17569681092593,0,,0.002300095694192487,173.52238755378178
contextual_thompson,1,2,9,90,99,1.0,0.14418601928335356,0.0005490748022912021,0.75,10,moderate_marine_reserve,1.4988482613043164,-4.355714548874315,180.38447710238285,174.3240507245564,0,,0.002300095694192487,186.59294843757306
discretized_contextual,1,2,9,90,99,1.0,0.13546088479589735,0.00046515478707074816,0.75,4,high_taxation,1.4095829711669596,-2.508428353524848,169.45096794245813,163.77099580432156,0,,0.0019485514877206637,175.2730872121835
linucb,1,2,10,100,109,1.0,0.1446019896281515,0.00023000956941924872,0.8333333333333334,1,baseline_laissez_faire,1.5070896817468549,-1.0437089349726654,180.9760068818193,174.84268399652754,0,,0.0009635190288038445,187.24868000708815
contextual_thompson,1,2,10,100,109,1.0,0.15549412369797755,0.00023000956941924872,0.8333333333333334,10,moderate_marine_reserve,1.6202570677105523,-1.6422945127967459,194.62792346680186,188.0174045638517,0,,0.0009635190288038445,201.38466123409884
discretized_contextual,1,2,10,100,109,1.0,0.14606090601015292,0.00019485514877206638,0.8333333333333334,4,high_taxation,1.5226052246606903,-0.8575986426297925,182.81553879639839,176.6097538937933,0,,0.0008162557939494935,189.16020085845062
linucb,1,2,11,110,119,1.0,0.15604056667257346,9.635190288038446e-05,0.9166666666666666,1,baseline_laissez_faire,1.6275325824877498,-0.33440027860475385,195.34403793196253,188.68525336970598,0,,0.00040362186721671755,202.1453990075375
contextual_thompson,1,2,11,110,119,1.0,0.1678205510284157,9.635190288038446e-05,0.9166666666666666,1,baseline_laissez_faire,1.750472334787604,-0.22783508479409328,210.08402038468776,202.92846937330714,0,,0.00040362186721671755,217.39256770759198
discretized_contextual,1,2,11,110,119,1.0,0.15763350071537552,8.162557939494935e-05,0.9166666666666666,4,high_taxation,1.644260844087357,-0.2711424304104918,197.3438383821321,190.61273016719895,0,,0.000341932725593768,204.21809773640334
linucb,1,3,0,0,9,1.0,0.8333333333333334,0.1,0.0,3,moderate_taxation,10.118290610614807,2917.3699619718477,864.1104778371554,739.8811269985001,0,,1.4853708961653926,739.8811269985001
contextual_thompson,1,3,0,0,9,1.0,0.8333333333333334,0.1,0.0,3,moderate_taxation,10.118290610614807,2917.3699619718477,864.1104778371554,739.8811269985001,0,,1.4853708961653926,739.8811269985001
discretized_contextual,1,3,0,0,9,1.0,0.8333333333333334,0.1,0.0,4,high_taxation,9.919364828836628,2630.4171257777757,874.6737243670624,769.2682333080999,0,,1.1885390363166835,769.2682333080999
linucb,1,3,1,10,19,1.0,0.6165676058320835,0.14853708961653928,0.08333333333333333,3,moderate_taxation,8.091235544999945,3463.7698951987013,555.2958779761493,396.1874607197347,0,,1.852135913276932,396.1874607197347
contextual_thompson,1,3,1,10,19,1.0,0.6165676058320835,0.14853708961653928,0.08333333333333333,3,moderate_taxation,8.091235544999945,3463.7698951987013,555.2958779761493,396.1874607197347,0,,1.852135913276932,396.1874607197347
discretized_contextual,1,3,1,10,19,1.0,0.6410568610900832,0.11885390363166834,0.08333333333333333,5,hard_capacity_control,8.458551594771938,3423.6566562790745,604.1873926191438,439.75484866011607,0,,2.1297810661862275,439.75484866011607
linucb,1,3,2,20,29,1.0,0.33015621726644556,0.1852135913276932,0.16666666666666666,3,moderate_taxation,2.9053361526327284,765.8368160274092,256.7399203926382,185.10785301335062,0,,1.0161203923383744,185.10785301335062
contextual_thompson,1,3,2,20,29,1.0,0.33015621726644556,0.1852135913276932,0.16666666666666666,3,moderate_taxation,2.9053361526327284,765.8368160274092,256.7399203926382,185.10785301335062,0,,1.0161203923383744,185.10785301335062
discretized_contextual,1,3,2,20,29,1.0,0.36646237388343006,0.21297810661862276,0.16666666666666666,5,hard_capacity_control,3.173962842164961,1025.2070707058988,257.85069257508746,163.78576841403327,0,,1.3462256438012556,163.78576841403327
linucb,1,3,3,30,39,1.0,0.1542565441777922,0.10161203923383744,0.25,3,moderate_taxation,0.6945658190452897,-587.7337612317224,153.87594963324145,138.1876946879523,0,,0.425656782909363,138.1876946879523
contextual_thompson,1,3,3,30,39,1.0,0.1542565441777922,0.10161203923383744,0.25,3,moderate_taxation,0.6945658190452897,-587.7337612317224,153.87594963324145,138.1876946879523,0,,0.425656782909363,138.1876946879523
discretized_contextual,1,3,3,30,39,1.0,0.13648814034502774,0.13462256438012557,0.25,3,moderate_taxation,-39.982319796969115,-1038.8317778808469,126.78143770940783,108.62946930488224,1,6,0.563939156158285,108.62946930488224
linucb,1,3,4,40,49,1.0,0.11515641223996025,0.0425656782909363,0.3333333333333333,3,moderate_taxation,0.7542938581752301,-339.44227085083014,131.24833548312722,128.2992818432063,0,,0.1783092812651803,128.2992818432063
contextual_thompson,1,3,4,40,49,1.0,0.11515641223996025,0.0425656782909363,0.3333333333333333,3,moderate_taxation,0.7542938581752301,-339.44227085083014,131.24833548312722,128.2992818432063,0,,0.1783092812651803,128.2992818432063
discretized_contextual,1,3,4,40,49,1.0,0.09052455775406854,0.0563939156158285,0.3333333333333333,7,weak_capacity_control,-99.74357982988981,-579.2693707271833,100.28274490048436,96.31263782482732,1,0,0.2362363050450622,96.31263782482732
linucb,1,3,5,50,59,1.0,0.10691606820267192,0.01783092812651803,0.4166666666666667,10,moderate_marine_reserve,0.893714869714485,-190.17372940404363,130.0666318942234,128.43527188673806,0,,0.07469445116789143,132.30960058053947
contextual_thompson,1,3,5,50,59,1.0,0.10691606820267192,0.01783092812651803,0.4166666666666667,3,moderate_taxation,0.9244151080734687,-148.3157918370445,128.7277079892616,128.0561653727147,0,,0.07469445116789143,130.13047489823884
discretized_contextual,1,3,5,50,59,1.0,0.08026053152068943,0.02362363050450622,0.4166666666666667,1,baseline_laissez_faire,-99.45850577449168,-254.34021704388257,95.50013310626414,95.23820995701988,1,0,0.09896030664286723,95.85280777827037
linucb,1,3,6,60,69,1.0,0.11025800048378288,0.007469445116789143,0.5,10,moderate_marine_reserve,1.0593573135687828,-77.38679299122859,136.40929278720137,132.96371663158004,0,,0.03128979599763559,140.1701932251244
contextual_thompson,1,3,6,60,69,1.0,0.10844206241519903,0.007469445116789143,0.5,10,moderate_marine_reserve,1.0397404814668634,-78.2937142651388,134.16410348784026,130.7739358788018,0,,0.03128979599763559,137.8647770231063
discretized_contextual,1,3,6,60,69,1.0,0.07987733981522531,0.009896030664286723,0.5,3,moderate_taxation,-99.28946961752638,-105.43648047975584,97.91602355440565,96.12235028277544,1,0,0.04145485719894859,100.06380736533883
linucb,1,3,7,70,79,1.0,0.11680849435427033,0.0031289795997635587,0.5833333333333334,1,baseline_laissez_faire,1.1881007607971004,-22.44498067655404,145.26548897683855,141.0310116915154,0,,0.013107417194525321,149.7343906536287
contextual_thompson,1,3,7,70,79,1.0,0.11488731418592192,0.0031289795997635587,0.5833333333333334,1,baseline_laissez_faire,1.167648191810021,-23.001404393039,142.8779515443672,138.71177566490022,0,,0.013107417194525321,147.27460199663372
discretized_contextual,1,3,7,70,79,1.0,0.08338650613778235,0.004145485719894859,0.5833333333333334,10,moderate_marine_reserve,-99.185597047828,-50.03199117737333,103.7321932019241,100.68457817045321,1,0,0.017365600852340173,106.94519671428951
linucb,1,3,8,80,89,1.0,0.12477865887802392,0.001310741719452532,0.6666666666666666,1,baseline_laissez_faire,1.2899415041259803,-8.390919489496886,155.7998908338573,150.79223795853807,0,,0.0054907480229120205,160.97641132472816
contextual_thompson,1,3,8,80,89,1.0,0.12272883499719477,0.001310741719452532,0.6666666666666666,10,moderate_marine_reserve,1.2656253368299917,-12.369363347076924,153.35936402124824,148.34136865807506,0,,0.0054907480229120205,158.528215616295
discretized_contextual,1,3,8,80,89,1.0,0.08912099726190792,0.0017365600852340172,0.6666666666666666,4,high_taxation,-99.09027745150374,-16.876002013090613,111.19182606112206,107.6812629073525,1,0,0.0072745177124972984,114.83594130399258
linucb,1,3,9,90,99,1.0,0.13414700943727348,0.0005490748022912021,0.75,1,baseline_laissez_faire,1.3951095897917725,-3.0289839301847223,167.77662884663488,162.17569681092593,0,,0.002300095694192487,173.52238755378178
contextual_thompson,1,3,9,90,99,1.0,0.1321068463469125,0.0005490748022912021,0.75,1,baseline_laissez_faire,1.3737511507780251,-3.1331193680268044,165.2261124175262,159.7094569877308,0,,0.002300095694192487,170.8854187759378
discretized_contextual,1,3,9,90,99,1.0,0.09569661775332715,0.0007274517712497298,0.75,11,strong_marine_reserve,-49.01130341770417,-9.08424389782133,119.73369914323797,115.70110565790266,1,0,0.0030473237522504536,123.86600427646839
linucb,1,3,10,100,109,1.0,0.1446019896281515,0.00023000956941924872,0.8333333333333334,1,baseline_laissez_faire,1.5070896817468549,-1.0437089349726654,180.9760068818193,174.84268399652754,0,,0.0009635190288038445,187.24868000708815
contextual_thompson,1,3,10,100,109,1.0,0.14240451564661483,0.00023000956941924872,0.8333333333333334,1,baseline_laissez_faire,1.484133746366416,-1.0907187866000883,178.22693581836188,172.1858528009618,0,,0.0009635190288038445,184.40529872240035
discretized_contextual,1,3,10,100,109,1.0,0.10322167023039032,0.00030473237522504537,0.8333333333333334,10,moderate_marine_reserve,1.0734233436828882,-3.279935826902095,129.20439354117482,124.81161153876695,0,,0.0012765357674607808,133.69710711147792
linucb,1,3,11,110,119,1.0,0.15604056667257346,9.635190288038446e-05,0.9166666666666666,1,baseline_laissez_faire,1.6275325824877498,-0.33440027860475385,195.34403793196253,188.68525336970598,0,,0.00040362186721671755,202.1453990075375
contextual_thompson,1,3,11,110,119,1.0,0.15367108226866696,9.635190288038446e-05,0.9166666666666666,3,moderate_taxation,1.6028030384336636,-0.35564352465676347,192.37904183499847,185.82028196635733,0,,0.00040362186721671755,199.07827522559782
discretized_contextual,1,3,11,110,119,1.0,0.1114142559262316,0.00012765357674607807,0.9166666666666666,3,moderate_taxation,1.1614074426428231,-0.9730879220742986,139.4856636677877,134.72379114588165,0,,0.0005347457960130636,144.35139859340916
linucb,1,4,0,0,9,1.0,0.8333333333333334,0.1,0.0,3,moderate_taxation,10.118290610614807,2917.3699619718477,864.1104778371554,739.8811269985001,0,,1.4853708961653926,739.8811269985001
contextual_thompson,1,4,0,0,9,1.0,0.8333333333333334,0.1,0.0,3,moderate_taxation,10.118290610614807,2917.3699619718477,864.1104778371554,739.8811269985001,0,,1.4853708961653926,739.8811269985001
discretized_contextual,1,4,0,0,9,1.0,0.8333333333333334,0.1,0.0,1,baseline_laissez_faire,10.490521369403732,3448.0349987194627,845.0983644821124,685.0617923614428,0,,2.0946658360156425,685.0617923614428
linucb,1,4,1,10,19,1.0,0.6165676058320835,0.14853708961653928,0.08333333333333333,3,moderate_taxation,8.091235544999945,3463.7698951987013,555.2958779761493,396.1874607197347,0,,1.852135913276932,396.1874607197347
contextual_thompson,1,4,1,10,19,1.0,0.6165676058320835,0.14853708961653928,0.08333333333333333,3,moderate_taxation,8.091235544999945,3463.7698951987013,555.2958779761493,396.1874607197347,0,,1.852135913276932,396.1874607197347
discretized_contextual,1,4,1,10,19,1.0,0.570884826967869,0.20946658360156425,0.08333333333333333,3,moderate_taxation,7.306302087564786,3684.756760534129,434.58543924367876,251.25320581226075,0,,2.090642867383461,251.25320581226075
linucb,1,4,2,20,29,1.0,0.33015621726644556,0.1852135913276932,0.16666666666666666,3,moderate_taxation,2.9053361526327284,765.8368160274092,256.7399203926382,185.10785301335062,0,,1.0161203923383744,185.10785301335062
contextual_thompson,1,4,2,20,29,1.0,0.33015621726644556,0.1852135913276932,0.16666666666666666,3,moderate_taxation,2.9053361526327284,765.8368160274092,256.7399203926382,185.10785301335062,0,,1.0161203923383744,185.10785301335062
discretized_contextual,1,4,2,20,29,1.0,0.2093776715102173,0.2090642867383461,0.16666666666666666,10,moderate_marine_reserve,0.1632685490801279,-1376.4093271478778,184.7613451473607,152.8596161288894,0,,0.8757784253251251,152.8596161288894
linucb,1,4,3,30,39,1.0,0.1542565441777922,0.10161203923383744,0.25,3,moderate_taxation,0.6945658190452897,-587.7337612317224,153.87594963324145,138.1876946879523,0,,0.425656782909363,138.1876946879523
contextual_thompson,1,4,3,30,39,1.0,0.1542565441777922,0.10161203923383744,0.25,3,moderate_taxation,0.6945658190452897,-587.7337612317224,153.87594963324145,138.1876946879523,0,,0.425656782909363,138.1876946879523
discretized_contextual,1,4,3,30,39,1.0,0.12738301344074116,0.08757784253251251,0.25,10,moderate_marine_reserve,0.2789308731058169,-872.8899233413044,138.21849557365456,131.03634111339002,0,,0.3668669872941416,131.03634111339002
linucb,1,4,4,40,49,1.0,0.11515641223996025,0.0425656782909363,0.3333333333333333,3,moderate_taxation,0.7542938581752301,-339.44227085083014,131.24833548312722,128.2992818432063,0,,0.1783092812651803,128.2992818432063
contextual_thompson,1,4,4,40,49,1.0,0.11515641223996025,0.0425656782909363,0.3333333333333333,3,moderate_taxation,0.7542938581752301,-339.44227085083014,131.24833548312722,128.2992818432063,0,,0.1783092812651803,128.2992818432063
discretized_contextual,1,4,4,40,49,1.0,0.10919695092782501,0.03668669872941416,0.3333333333333333,1,baseline_laissez_faire,0.7427070569146561,-308.2566575127434,126.11564573128794,124.29403606462505,0,,0.15368200731402343,124.29403606462505
linucb,1,4,5,50,59,1.0,0.10691606820267192,0.01783092812651803,0.4166666666666667,10,moderate_marine_reserve,0.893714869714485,-190.17372940404363,130.0666318942234,128.43527188673806,0,,0.07469445116789143,132.30960058053947
contextual_thompson,1,4,5,50,59,1.0,0.10691606820267192,0.01783092812651803,0.4166666666666667,1,baseline_laissez_faire,0.9244151080734687,-148.3157918370445,128.7277079892616,128.0561653727147,0,,0.07469445116789143,130.13047489823884
discretized_contextual,1,4,5,50,59,1.0,0.10357836338718754,0.015368200731402343,0.4166666666666667,1,baseline_laissez_faire,0.9130788124712136,-131.89978811040294,125.397432069794,124.2870703866206,0,,0.06437799036175287,127.18664075708455
linucb,1,4,6,60,69,1.0,0.11025800048378288,0.007469445116789143,0.5,10,moderate_marine_reserve,1.0593573135687828,-77.38679299122859,136.40929278720137,132.96371663158004,0,,0.03128979599763559,140.1701932251244
contextual_thompson,1,4,6,60,69,1.0,0.10844206241519903,0.007469445116789143,0.5,10,moderate_marine_reserve,1.0397404814668634,-78.2937142651388,134.16410348784026,130.7739358788018,0,,0.03128979599763559,137.8647770231063
discretized_contextual,1,4,6,60,69,1.0,0.10598886729757045,0.006437799036175288,0.5,1,baseline_laissez_faire,1.0375409308389039,-52.95990938163864,130.8601008264651,127.75555446916852,0,,0.026968190456735125,134.3041432229458
linucb,1,4,7,70,79,1.0,0.11680849435427033,0.0031289795997635587,0.5833333333333334,1,baseline_laissez_faire,1.1881007607971004,-22.44498067655404,145.26548897683855,141.0310116915154,0,,0.013107417194525321,149.7343906536287
contextual_thompson,1,4,7,70,79,1.0,0.11488731418592192,0.0031289795997635587,0.5833333333333334,3,moderate_taxation,1.167648191810021,-23.001404393039,142.8779515443672,138.71177566490022,0,,0.013107417194525321,147.27460199663372
discretized_contextual,1,4,7,70,79,1.0,0.11192011935245484,0.0026968190456735123,0.5833333333333334,1,baseline_laissez_faire,1.1404849470686853,-20.545907551772714,139.32370255445494,135.15940240386544,0,,0.011297079831538518,143.69494974531
linucb,1,4,8,80,89,1.0,0.12477865887802392,0.001310741719452532,0.6666666666666666,1,baseline_laissez_faire,1.2899415041259803,-8.390919489496886,155.7998908338573,150.79223795853807,0,,0.0054907480229120205,160.97641132472816
contextual_thompson,1,4,8,80,89,1.0,0.12272883499719477,0.001310741719452532,0.6666666666666666,10,moderate_marine_reserve,1.2656253368299917,-12.369363347076924,153.35936402124824,148.34136865807506,0,,0.0054907480229120205,158.528215616295
discretized_contextual,1,4,8,80,89,1.0,0.119745791454425,0.001129707983153852,0.6666666666666666,5,hard_capacity_control,1.2387358564363204,-7.756235665444896,149.57905105221184,144.72402575330568,0,,0.004732390663174107,154.58834367120275
linucb,1,4,9,90,99,1.0,0.13414700943727348,0.0005490748022912021,0.75,1,baseline_laissez_faire,1.3951095897917725,-3.0289839301847223,167.77662884663488,162.17569681092593,0,,0.002300095694192487,173.52238755378178
contextual_thompson,1,4,9,90,99,1.0,0.1321068463469125,0.0005490748022912021,0.75,10,moderate_marine_reserve,1.372508725503199,-4.818228223609091,165.27923444721694,159.72120790729815,0,,0.002300095694192487,170.9730726496147
discretized_contextual,1,4,9,90,99,1.0,0.1288236197260023,0.00047323906631741074,0.75,3,moderate_taxation,1.3400624131411063,-2.8441334557376914,161.14878559162125,155.74656348165567,0,,0.0019824168477923804,166.68665755039387
linucb,1,4,10,100,109,1.0,0.1446019896281515,0.00023000956941924872,0.8333333333333334,1,baseline_laissez_faire,1.5070896817468549,-1.0437089349726654,180.9760068818193,174.84268399652754,0,,0.0009635190288038445,187.24868000708815
contextual_thompson,1,4,10,100,109,1.0,0.14247756054134558,0.00023000956941924872,0.8333333333333334,10,moderate_marine_reserve,1.48433493390026,-1.8511547396896793,178.34233063679397,172.2794759370616,0,,0.0009635190288038445,184.53944879460929
discretized_contextual,1,4,10,100,109,1.0,0.13890554795866156,0.00019824168477923805,0.8333333333333334,3,moderate_taxation,1.447845355499513,-1.0044565473800076,173.86197744562713,167.95818570360942,0,,0.0008304421249481472,179.89816606833816
linucb,1,4,11,110,119,1.0,0.15604056667257346,9.635190288038446e-05,0.9166666666666666,1,baseline_laissez_faire,1.6275325824877498,-0.33440027860475385,195.34403793196253,188.68525336970598,0,,0.00040362186721671755,202.1453990075375
contextual_thompson,1,4,11,110,119,1.0,0.15378287399550775,9.635190288038446e-05,0.9166666666666666,10,moderate_marine_reserve,1.6037156230532728,-0.6992993513180321,192.5297906885509,185.9578512049638,0,,0.00040362186721671755,199.2409086484685
discretized_contextual,1,4,11,110,119,1.0,0.1499151383902818,8.304421249481473e-05,0.9166666666666666,3,moderate_taxation,1.5637033613361466,-0.33551421796275177,187.68466506649315,181.28015188046362,0,,0.0003478754348039218,194.22559594929376
linucb,1,5,0,0,9,1.0,0.8333333333333334,0.1,0.0,3,moderate_taxation,10.118290610614807,2917.3699619718477,864.1104778371554,739.8811269985001,0,,1.4853708961653926,739.8811269985001
contextual_thompson,1,5,0,0,9,1.0,0.8333333333333334,0.1,0.0,3,moderate_taxation,10.118290610614807,2917.3699619718477,864.1104778371554,739.8811269985001,0,,1.4853708961653926,739.8811269985001
discretized_contextual,1,5,0,0,9,1.0,0.8333333333333334,0.1,0.0,10,moderate_marine_reserve,10.141336477120525,2989.221945950384,858.253743740417,717.9373143653968,0,,1.8586333167843792,717.9373143653968
linucb,1,5,1,10,19,1.0,0.6165676058320835,0.14853708961653928,0.08333333333333333,3,moderate_taxation,8.091235544999945,3463.7698951987013,555.2958779761493,396.1874607197347,0,,1.852135913276932,396.1874607197347
contextual_thompson,1,5,1,10,19,1.0,0.6165676058320835,0.14853708961653928,0.08333333333333333,3,moderate_taxation,8.091235544999945,3463.7698951987013,555.2958779761493,396.1874607197347,0,,1.852135913276932,396.1874607197347
discretized_contextual,1,5,1,10,19,1.0,0.5982810953044974,0.1858633316784379,0.08333333333333333,4,high_taxation,7.830004244957838,3645.7564519895172,502.1097351561985,336.7518869165013,0,,1.7962947596741474,336.7518869165013
linucb,1,5,2,20,29,1.0,0.33015621726644556,0.1852135913276932,0.16666666666666666,3,moderate_taxation,2.9053361526327284,765.8368160274092,256.7399203926382,185.10785301335062,0,,1.0161203923383744,185.10785301335062
contextual_thompson,1,5,2,20,29,1.0,0.33015621726644556,0.1852135913276932,0.16666666666666666,3,moderate_taxation,2.9053361526327284,765.8368160274092,256.7399203926382,185.10785301335062,0,,1.0161203923383744,185.10785301335062
discretized_contextual,1,5,2,20,29,1.0,0.2806265724304177,0.17962947596741474,0.16666666666666666,10,moderate_marine_reserve,1.7461356051116252,-405.2490154983164,258.166154473193,219.578619326891,0,,0.7611325917428874,219.578619326891
linucb,1,5,3,30,39,1.0,0.1542565441777922,0.10161203923383744,0.25,3,moderate_taxation,0.6945658190452897,-587.7337612317224,153.87594963324145,138.1876946879523,0,,0.425656782909363,138.1876946879523
contextual_thompson,1,5,3,30,39,1.0,0.1542565441777922,0.10161203923383744,0.25,3,moderate_taxation,0.6945658190452897,-587.7337612317224,153.87594963324145,138.1876946879523,0,,0.425656782909363,138.1876946879523
discretized_contextual,1,5,3,30,39,1.0,0.18298218277240916,0.07611325917428874,0.25,4,high_taxation,1.3850201848441135,-222.704817733785,192.92700030934785,179.5683665058268,0,,0.31884140187677207,179.5683665058268
linucb,1,5,4,40,49,1.0,0.11515641223996025,0.0425656782909363,0.3333333333333333,10,moderate_marine_reserve,0.6809649818485791,-440.28658656964996,134.5501882101875,133.49502007441757,0,,0.1783092812651803,133.55498599516307
contextual_thompson,1,5,4,40,49,1.0,0.11515641223996025,0.0425656782909363,0.3333333333333333,10,moderate_marine_reserve,0.6809649818485791,-440.28658656964996,134.5501882101875,133.49502007441757,0,,0.1783092812651803,133.55498599516307
discretized_contextual,1,5,4,40,49,1.0,0.14964030542152232,0.031884140187677205,0.3333333333333333,1,baseline_laissez_faire,1.3018065584748035,-151.8689598617035,174.44106220038083,172.86676372701473,0,,0.13356390286475375,172.9008178580417
linucb,1,5,5,50,59,1.0,0.1112958216626359,0.01783092812651803,0.4166666666666667,1,baseline_laissez_faire,0.975291214433346,-141.2641726407334,133.98664644888953,133.29572990615512,0,,0.07469445116789143,135.43765084352006
contextual_thompson,1,5,5,50,59,1.0,0.1112958216626359,0.01783092812651803,0.4166666666666667,10,moderate_marine_reserve,0.9431278284495294,-185.13079231901156,135.39103449222492,133.69613575321142,0,,0.07469445116789143,137.72138957952583
discretized_contextual,1,5,5,50,59,1.0,0.14408401488170142,0.013356390286475376,0.4166666666666667,1,baseline_laissez_faire,1.3941421740739441,-65.01388136557377,175.09872665274216,173.04337504222576,0,,0.05595043819108547,178.00040267238512
linucb,1,5,6,60,69,1.0,0.11286470903626672,0.007469445116789143,0.5,1,baseline_laissez_faire,1.101664809095548,-56.84713157313192,139.0214328802416,135.970011421189,0,,0.03128979599763559,142.4783317668058
contextual_thompson,1,5,6,60,69,1.0,0.11476782464960486,0.007469445116789143,0.5,10,moderate_marine_reserve,1.1081185376156084,-75.06398775595666,141.98190304458782,138.40096675041517,0,,0.03128979599763559,145.89169704473954
discretized_contextual,1,5,6,60,69,1.0,0.14833366889365426,0.0055950438191085475,0.5,1,baseline_laissez_faire,1.5043936659846866,-24.11591872351009,183.4211501649836,178.86018743361336,0,,0.023437856087092312,188.4162878729103
linucb,1,5,7,70,79,1.0,0.11873194313900484,0.0031289795997635587,0.5833333333333334,1,baseline_laissez_faire,1.2085772615855033,-21.88790406175077,147.65581987767047,143.3529819398994,0,,0.013107417194525321,152.1970355458096
contextual_thompson,1,5,7,70,79,1.0,0.12157641420394961,0.0031289795997635587,0.5833333333333334,3,moderate_taxation,1.2388583068210142,-21.064085055885023,151.1906870252279,146.7867939477261,0,,0.013107417194525321,155.83880208772229
discretized_contextual,1,5,7,70,79,1.0,0.15701357322742523,0.002343785608709231,0.5833333333333334,3,moderate_taxation,1.6216992111449486,-8.047318681219075,195.56958357914016,189.64205011610724,0,,0.00981820903856254,201.76872909554814
linucb,1,5,8,80,89,1.0,0.12683086295484133,0.001310741719452532,0.6666666666666666,1,baseline_laissez_faire,1.3115337801899642,-8.14117716618676,158.36099488273814,153.27203860706987,0,,0.0054907480229120205,163.62160534412453
contextual_thompson,1,5,8,80,89,1.0,0.12986566840643524,0.001310741719452532,0.6666666666666666,10,moderate_marine_reserve,1.3405555599287566,-11.717617132418408,162.27278124734102,156.96674156592655,0,,0.0054907480229120205,167.73847855649598
discretized_contextual,1,5,8,80,89,1.0,0.16814060757962346,0.000981820903856254,0.6666666666666666,3,moderate_taxation,1.7482186871652885,-2.314462604134258,210.06397797233075,203.22249793378242,0,,0.0041128859383174985,217.11269524423332
linucb,1,5,9,90,99,1.0,0.13635133778677044,0.0005490748022912021,0.75,1,baseline_laissez_faire,1.4181863965330028,-2.91646998330061,170.5323439819564,164.84038128230148,0,,0.002300095694192487,176.37148253149712
contextual_thompson,1,5,9,90,99,1.0,0.13978206546374664,0.0005490748022912021,0.75,10,moderate_marine_reserve,1.4527870416757913,-4.524340202528462,174.87736582539839,169.00001067931086,0,,0.002300095694192487,180.89831174000852
discretized_contextual,1,5,9,90,99,1.0,0.1809272460368611,0.00041128859383174983,0.75,3,moderate_taxation,1.8855446216770282,-0.46547139043332214,226.32121116809537,218.73988841136472,0,,0.0017229039099870723,234.08778953308075
linucb,1,5,10,100,109,1.0,0.14697623544291427,0.00023000956941924872,0.8333333333333334,1,baseline_laissez_faire,1.5318919459389224,-0.9929179127003035,183.94618366219476,177.71323267572186,0,,0.0009635190288038445,190.32071986055433
contextual_thompson,1,5,10,100,109,1.0,0.15074859311667377,0.00023000956941924872,0.8333333333333334,3,moderate_taxation,1.5712987284903324,-0.9122187667454573,188.66531367084934,182.2741350217546,0,,0.0009635190288038445,195.2016244866444
discretized_contextual,1,5,10,100,109,1.0,0.19507315794423397,0.00017229039099870723,0.8333333333333334,3,moderate_taxation,2.034511319112041,0.037564860467440786,244.13685051018882,235.8696938193819,0,,0.0007432972697537564,252.5832712007031
linucb,1,5,11,110,119,1.0,0.15860059988379527,9.635190288038446e-05,0.9166666666666666,1,baseline_laissez_faire,1.6542505010857051,-0.3113949694851262,198.5474275266228,191.78061200060938,0,,0.00040362186721671755,205.459087645376
contextual_thompson,1,5,11,110,119,1.0,0.162668020405537,9.635190288038446e-05,0.9166666666666666,1,baseline_laissez_faire,1.6966996811723294,-0.2746871843873572,203.63692420280603,196.69854968843325,0,,0.00040362186721671755,210.72374039488383
discretized_contextual,1,5,11,110,119,1.0,0.21048605933391926,7.432972697537564e-05,0.9166666666666666,3,moderate_taxation,2.1956070044450113,0.13168535966788236,263.4570382902412,254.51497166827687,0,,0.00035893404217435037,272.58232220525616
linucb,1,6,0,0,9,1.0,0.8333333333333334,0.1,0.0,3,moderate_taxation,10.118290610614807,2917.3699619718477,864.1104778371554,739.8811269985001,0,,1.4853708961653926,739.8811269985001
contextual_thompson,1,6,0,0,9,1.0,0.8333333333333334,0.1,0.0,3,moderate_taxation,10.118290610614807,2917.3699619718477,864.1104778371554,739.8811269985001,0,,1.4853708961653926,739.8811269985001
discretized_contextual,1,6,0,0,9,1.0,0.8333333333333334,0.1,0.0,11,strong_marine_reserve,9.792141478367618,2535.374790314274,870.8120025664012,750.1462119556977,0,,1.6231724943666623,750.1462119556977
linucb,1,6,1,10,19,1.0,0.6165676058320835,0.14853708961653928,0.08333333333333333,3,moderate_taxation,8.091235544999945,3463.7698951987013,555.2958779761493,396.1874607197347,0,,1.852135913276932,396.1874607197347
contextual_thompson,1,6,1,10,19,1.0,0.6165676058320835,0.14853708961653928,0.08333333333333333,3,moderate_taxation,8.091235544999945,3463.7698951987013,555.2958779761493,396.1874607197347,0,,1.852135913276932,396.1874607197347
discretized_contextual,1,6,1,10,19,1.0,0.6251218432964147,0.16231724943666623,0.08333333333333333,1,baseline_laissez_faire,8.477824768140737,4112.878671603311,523.793531584491,316.05665030206364,0,,2.579618925738808,316.05665030206364
linucb,1,6,2,20,29,1.0,0.33015621726644556,0.1852135913276932,0.16666666666666666,3,moderate_taxation,2.9053361526327284,765.8368160274092,256.7399203926382,185.10785301335062,0,,1.0161203923383744,185.10785301335062
contextual_thompson,1,6,2,20,29,1.0,0.33015621726644556,0.1852135913276932,0.16666666666666666,3,moderate_taxation,2.9053361526327284,765.8368160274092,256.7399203926382,185.10785301335062,0,,1.0161203923383744,185.10785301335062
discretized_contextual,1,6,2,20,29,1.0,0.2633805419183864,0.2579618925738808,0.16666666666666666,7,weak_capacity_control,-9.110390279053906,-590.1033349913797,177.5655667124967,118.89015826889568,1,9,1.1821808523338009,118.89015826889568
linucb,1,6,3,30,39,1.0,0.1542565441777922,0.10161203923383744,0.25,3,moderate_taxation,0.6945658190452897,-587.7337612317224,153.87594963324145,138.1876946879523,0,,0.425656782909363,138.1876946879523
contextual_thompson,1,6,3,30,39,1.0,0.1542565441777922,0.10161203923383744,0.25,3,moderate_taxation,0.6945658190452897,-587.7337612317224,153.87594963324145,138.1876946879523,0,,0.425656782909363,138.1876946879523
discretized_contextual,1,6,3,30,39,1.0,0.09907513189074639,0.1182180852333801,0.25,1,baseline_laissez_faire,-100.41797436397944,-1217.0430546238945,95.88824287733519,84.40490608300503,1,0,0.495220155225351,84.40490608300503
linucb,1,6,4,40,49,1.0,0.11515641223996025,0.0425656782909363,0.3333333333333333,10,moderate_marine_reserve,0.6809649818485791,-440.28658656964996,134.5501882101875,133.49502007441757,0,,0.1783092812651803,133.55498599516307
contextual_thompson,1,6,4,40,49,1.0,0.11515641223996025,0.0425656782909363,0.3333333333333333,1,baseline_laissez_faire,0.7542938581752301,-339.44227085083014,131.24833548312722,128.2992818432063,0,,0.1783092812651803,128.2992818432063
discretized_contextual,1,6,4,40,49,1.0,0.07033742173583753,0.0495220155225351,0.3333333333333333,1,baseline_laissez_faire,-99.92601118600132,-585.3879778316903,79.12521501964461,76.71386602353644,1,0,0.20744964838271113,76.71386602353644
linucb,1,6,5,50,59,1.0,0.1112958216626359,0.01783092812651803,0.4166666666666667,10,moderate_marine_reserve,0.9431278284495294,-185.13079231901156,135.39103449222492,133.69613575321142,0,,0.07469445116789143,137.72138957952583
contextual_thompson,1,6,5,50,59,1.0,0.10691606820267192,0.01783092812651803,0.4166666666666667,1,baseline_laissez_faire,0.9244151080734687,-148.3157918370445,128.7277079892616,128.0561653727147,0,,0.07469445116789143,130.13047489823884
discretized_contextual,1,6,5,50,59,1.0,0.06392822168628037,0.020744964838271113,0.4166666666666667,1,baseline_laissez_faire,-99.61310398389963,-250.99080633595747,76.54641869235887,76.29167410999179,1,0,0.08690146424780947,77.12421072763529
linucb,1,6,6,60,69,1.0,0.11476782464960486,0.007469445116789143,0.5,1,baseline_laissez_faire,1.1224809885734615,-55.54094830008456,141.3626324248255,138.26209193169743,0,,0.03128979599763559,144.87577935803697
contextual_thompson,1,6,6,60,69,1.0,0.10844206241519903,0.007469445116789143,0.5,1,baseline_laissez_faire,1.053289292352996,-59.88260528028704,133.58062771599396,130.64343325662372,0,,0.03128979599763559,136.90672913185583
discretized_contextual,1,6,6,60,69,1.0,0.06427017560636274,0.008690146424780946,0.5,1,baseline_laissez_faire,-99.44572352605334,-104.00710420978821,78.99402937877434,77.38819083596795,1,0,0.03640336123627133,80.85651309836113
linucb,1,6,7,70,79,1.0,0.12072981613169748,0.0031289795997635587,0.5833333333333334,1,baseline_laissez_faire,1.2298458292373917,-21.30927682094417,150.1386127270003,145.76479172894676,0,,0.013107417194525321,154.75491654982525
contextual_thompson,1,6,7,70,79,1.0,0.11408894094321319,0.0031289795997635587,0.5833333333333334,10,moderate_marine_reserve,1.1530842822921425,-31.464790901638857,142.14588878325378,137.80581452879383,0,,0.013107417194525321,146.68068635302998
discretized_contextual,1,6,7,70,79,1.0,0.0673804275819676,0.003640336123627133,0.5833333333333334,1,baseline_laissez_faire,-99.34470742371728,-42.44086151643588,83.72801253589813,81.33729738458443,1,0,0.015249509553941346,86.26523177425797
linucb,1,6,8,80,89,1.0,0.1289624304581877,0.001310741719452532,0.6666666666666666,1,baseline_laissez_faire,1.3339608153378244,-7.88177884563286,161.02111130201487,155.8477334689873,0,,0.0054907480229120205,166.36903614539887
contextual_thompson,1,6,8,80,89,1.0,0.12223390529419165,0.001310741719452532,0.6666666666666666,10,moderate_marine_reserve,1.26042891605737,-12.41456173270279,152.74121733480877,147.7432084964078,0,,0.0054907480229120205,157.88947139096987
discretized_contextual,1,6,8,80,89,1.0,0.07188769314521498,0.0015249509553941346,0.6666666666666666,1,baseline_laissez_faire,-99.26933836500861,-17.15848691005993,89.73841462817366,86.86922475403601,1,0,0.006388078840479273,92.71017929493935
linucb,1,6,9,90,99,1.0,0.13864086345449905,0.0005490748022912021,0.75,1,baseline_laissez_faire,1.4421548185445423,-2.7996083930413898,173.39453123251005,167.60804966849088,0,,0.002300095694192487,179.33062681855236
contextual_thompson,1,6,9,90,99,1.0,0.1315745594924749,0.0005490748022912021,0.75,3,moderate_taxation,1.3681786066974606,-3.1602888636533657,164.56066746733364,159.0660041578498,0,,0.002300095694192487,170.19741380530857
discretized_contextual,1,6,9,90,99,1.0,0.07725848274578279,0.0006388078840479273,0.75,3,moderate_taxation,-99.20166276046064,-6.886904376471161,96.6268972699013,93.40012537281362,1,0,0.0026759910623900696,99.93987671656294
linucb,1,6,10,100,109,1.0,0.1494421890154603,0.00023000956941924872,0.8333333333333334,1,baseline_laissez_faire,1.557651871936142,-0.940165530589975,187.03104449600784,180.69465217476068,0,,0.0009635190288038445,193.51134121068316
contextual_thompson,1,6,10,100,109,1.0,0.14183117817109048,0.00023000956941924872,0.8333333333333334,10,moderate_marine_reserve,1.4775849908629934,-1.861526691085115,177.5335821064894,171.49794947269123,0,,0.0009635190288038445,183.70288293958623
discretized_contextual,1,6,10,100,109,1.0,0.08328323059713579,0.00026759910623900694,0.8333333333333334,5,hard_capacity_control,-99.13404030166711,-2.740713430501839,104.24404941160726,100.70187418620941,1,0,0.0011209830599796225,107.86824206120164
linucb,1,6,11,110,119,1.0,0.16125945100890263,9.635190288038446e-05,0.9166666666666666,1,baseline_laissez_faire,1.6819993958214507,-0.2874231441502194,201.87441827587213,194.99544391299872,0,,0.00040362186721671755,208.90058922956953
contextual_thompson,1,6,11,110,119,1.0,0.15308573578298854,9.635190288038446e-05,0.9166666666666666,10,moderate_marine_reserve,1.5964409115648508,-0.7039859621210892,191.65738770323662,185.11492113908037,0,,0.00040362186721671755,198.3384199379435
discretized_contextual,1,6,11,110,119,1.0,0.08989020171766804,0.00011209830599796225,0.9166666666666666,10,moderate_marine_reserve,-99.06333082336053,-1.302948082348272,112.55665496661832,108.70023175755784,1,0,0.0004695841620782316,116.49579704301289
linucb,1,7,0,0,9,1.0,0.8333333333333334,0.1,0.0,3,moderate_taxation,10.118290610614807,2917.3699619718477,864.1104778371554,739.8811269985001,0,,1.4853708961653926,739.8811269985001
contextual_thompson,1,7,0,0,9,1.0,0.8333333333333334,0.1,0.0,3,moderate_taxation,10.118290610614807,2917.3699619718477,864.1104778371554,739.8811269985001,0,,1.4853708961653926,739.8811269985001
discretized_contextual,1,7,0,0,9,1.0,0.8333333333333334,0.1,0.0,1,baseline_laissez_faire,10.490521369403732,3448.0349987194627,845.0983644821124,685.0617923614428,0,,2.0946658360156425,685.0617923614428
linucb,1,7,1,10,19,1.0,0.6165676058320835,0.14853708961653928,0.08333333333333333,3,moderate_taxation,8.091235544999945,3463.7698951987013,555.2958779761493,396.1874607197347,0,,1.852135913276932,396.1874607197347
contextual_thompson,1,7,1,10,19,1.0,0.6165676058320835,0.14853708961653928,0.08333333333333333,3,moderate_taxation,8.091235544999945,3463.7698951987013,555.2958779761493,396.1874607197347,0,,1.852135913276932,396.1874607197347
discretized_contextual,1,7,1,10,19,1.0,0.570884826967869,0.20946658360156425,0.08333333333333333,4,high_taxation,7.324214420796293,3594.777460708412,447.5324352105458,278.56464632792336,0,,1.8461516924318044,278.56464632792336
linucb,1,7,2,20,29,1.0,0.33015621726644556,0.1852135913276932,0.16666666666666666,3,moderate_taxation,2.9053361526327284,765.8368160274092,256.7399203926382,185.10785301335062,0,,1.0161203923383744,185.10785301335062
contextual_thompson,1,7,2,20,29,1.0,0.33015621726644556,0.1852135913276932,0.16666666666666666,3,moderate_taxation,2.9053361526327284,765.8368160274092,256.7399203926382,185.10785301335062,0,,1.0161203923383744,185.10785301335062
discretized_contextual,1,7,2,20,29,1.0,0.23213720527326948,0.18461516924318044,0.16666666666666666,4,high_taxation,1.2062819976740735,-374.21061208239394,189.65911317077612,148.28326807741493,0,,0.7950265145335087,148.28326807741493
linucb,1,7,3,30,39,1.0,0.1542565441777922,0.10161203923383744,0.25,3,moderate_taxation,0.6945658190452897,-587.7337612317224,153.87594963324145,138.1876946879523,0,,0.425656782909363,138.1876946879523
contextual_thompson,1,7,3,30,39,1.0,0.1542565441777922,0.10161203923383744,0.25,3,moderate_taxation,0.6945658190452897,-587.7337612317224,153.87594963324145,138.1876946879523,0,,0.425656782909363,138.1876946879523
discretized_contextual,1,7,3,30,39,1.0,0.12356939006451244,0.07950265145335086,0.25,4,high_taxation,0.456980990683196,-624.2690035072221,129.74999930285017,120.46271225240015,0,,0.33303969790942367,120.46271225240015
linucb,1,7,4,40,49,1.0,0.11515641223996025,0.0425656782909363,0.3333333333333333,10,moderate_marine_reserve,0.6809649818485791,-440.28658656964996,134.5501882101875,133.49502007441757,0,,0.1783092812651803,133.55498599516307
contextual_thompson,1,7,4,40,49,1.0,0.11515641223996025,0.0425656782909363,0.3333333333333333,10,moderate_marine_reserve,0.6809649818485791,-440.28658656964996,134.5501882101875,133.49502007441757,0,,0.1783092812651803,133.55498599516307
discretized_contextual,1,7,4,40,49,1.0,0.10038559354366679,0.03330396979094237,0.3333333333333333,3,moderate_taxation,-99.33015686681148,-303.9421995250748,116.85423992563182,115.71795953623291,1,0,0.13951162427416788,115.7248295917446
linucb,1,7,5,50,59,1.0,0.1112958216626359,0.01783092812651803,0.4166666666666667,1,baseline_laissez_faire,0.975291214433346,-141.2641726407334,133.98664644888953,133.29572990615512,0,,0.07469445116789143,135.43765084352006
contextual_thompson,1,7,5,50,59,1.0,0.1112958216626359,0.01783092812651803,0.4166666666666667,1,baseline_laissez_faire,0.975291214433346,-141.2641726407334,133.98664644888953,133.29572990615512,0,,0.07469445116789143,135.43765084352006
discretized_contextual,1,7,5,50,59,1.0,0.09643735799312049,0.013951162427416789,0.4166666666666667,1,baseline_laissez_faire,-99.15236524878752,-128.49767897398675,117.13589162237741,115.8058800308193,1,0,0.05844196181354348,119.0431308336058
linucb,1,7,6,60,69,1.0,0.11286470903626672,0.007469445116789143,0.5,1,baseline_laissez_faire,1.101664809095548,-56.84713157313192,139.0214328802416,135.970011421189,0,,0.03128979599763559,142.4783317668058
contextual_thompson,1,7,6,60,69,1.0,0.11286470903626672,0.007469445116789143,0.5,3,moderate_taxation,1.101664809095548,-56.84713157313192,139.0214328802416,135.970011421189,0,,0.03128979599763559,142.4783317668058
discretized_contextual,1,7,6,60,69,1.0,0.09920260902800483,0.0058441961813543485,0.5,1,baseline_laissez_faire,-9.02958682168123,-51.677119705903394,122.65083576296054,119.61345518250809,1,0,0.024481565019296284,125.98356822541732
linucb,1,7,7,70,79,1.0,0.11873194313900484,0.0031289795997635587,0.5833333333333334,1,baseline_laissez_faire,1.2085772615855033,-21.88790406175077,147.65581987767047,143.3529819398994,0,,0.013107417194525321,152.1970355458096
contextual_thompson,1,7,7,70,79,1.0,0.11873194313900484,0.0031289795997635587,0.5833333333333334,3,moderate_taxation,1.2085772615855033,-21.88790406175077,147.65581987767047,143.3529819398994,0,,0.013107417194525321,152.1970355458096
discretized_contextual,1,7,7,70,79,1.0,0.10498630685451443,0.0024481565019296284,0.5833333333333334,1,baseline_laissez_faire,1.069530349598009,-20.21445623664904,130.769376700159,126.80286856329595,0,,0.010255422768082662,134.92036495238966
linucb,1,7,8,80,89,1.0,0.12683086295484133,0.001310741719452532,0.6666666666666666,1,baseline_laissez_faire,1.3115337801899642,-8.14117716618676,158.36099488273814,153.27203860706987,0,,0.0054907480229120205,163.62160534412453
contextual_thompson,1,7,8,80,89,1.0,0.12683086295484133,0.001310741719452532,0.6666666666666666,10,moderate_marine_reserve,1.3086932462031609,-11.994757857353237,158.4825604872617,153.2989698926189,0,,0.0054907480229120205,163.82206821936398
discretized_contextual,1,7,8,80,89,1.0,0.11243363746032471,0.0010255422768082661,0.6666666666666666,7,weak_capacity_control,1.1629450618156534,-7.73574844728488,140.48169723155257,135.894543243765,0,,0.004296036469450001,145.20949608831182
linucb,1,7,9,90,99,1.0,0.13635133778677044,0.0005490748022912021,0.75,1,baseline_laissez_faire,1.4181863965330028,-2.91646998330061,170.5323439819564,164.84038128230148,0,,0.002300095694192487,176.37148253149712
contextual_thompson,1,7,9,90,99,1.0,0.13651839018280332,0.0005490748022912021,0.75,3,moderate_taxation,1.4199352331310249,-2.907943287324507,170.74118117020194,165.04232098052134,0,,0.002300095694192487,176.58739517006404
discretized_contextual,1,7,9,90,99,1.0,0.12100791340692651,0.0004296036469450001,0.75,7,weak_capacity_control,1.2586934561868617,-2.893730378991174,151.39046238790237,146.30137625761526,0,,0.0017996263795466054,156.6051826819089
linucb,1,7,10,100,109,1.0,0.14697623544291427,0.00023000956941924872,0.8333333333333334,1,baseline_laissez_faire,1.5318919459389224,-0.9929179127003035,183.94618366219476,177.71323267572186,0,,0.0009635190288038445,190.32071986055433
contextual_thompson,1,7,10,100,109,1.0,0.14715616264172005,0.00023000956941924872,0.8333333333333334,1,baseline_laissez_faire,1.533771519537579,-0.9890688416158478,184.1712706055034,177.93077086195308,0,,0.0009635190288038445,190.5535248519811
discretized_contextual,1,7,10,100,109,1.0,0.13050431890159075,0.00017996263795466054,0.8333333333333334,7,weak_capacity_control,1.3602583021524097,-1.0524067677555728,163.35728507041986,157.8019852668603,0,,0.0007538704871317471,169.0362883725338
linucb,1,7,11,110,119,1.0,0.15860059988379527,9.635190288038446e-05,0.9166666666666666,1,baseline_laissez_faire,1.6542505010857051,-0.3113949694851262,198.5474275266228,191.78061200060938,0,,0.00040362186721671755,205.459087645376
contextual_thompson,1,7,11,110,119,1.0,0.15879460404331758,9.635190288038446e-05,0.9166666666666666,10,moderate_marine_reserve,1.656012716636281,-0.6656076577334886,198.80139891528177,192.0176624388125,0,,0.00040362186721671755,205.72871422253561
discretized_contextual,1,7,11,110,119,1.0,0.14086357364377816,7.53870487131747e-05,0.9166666666666666,7,weak_capacity_control,1.469300950243176,-0.36804668610116364,176.36027963151327,170.33628614287744,0,,0.00031579927802094076,182.51228447558597
linucb,1,8,0,0,9,1.0,0.8333333333333334,0.1,0.0,3,moderate_taxation,10.118290610614807,2917.3699619718477,864.1104778371554,739.8811269985001,0,,1.4853708961653926,739.8811269985001
contextual_thompson,1,8,0,0,9,1.0,0.8333333333333334,0.1,0.0,3,moderate_taxation,10.118290610614807,2917.3699619718477,864.1104778371554,739.8811269985001,0,,1.4853708961653926,739.8811269985001
discretized_contextual,1,8,0,0,9,1.0,0.8333333333333334,0.1,0.0,1,baseline_laissez_faire,10.490521369403732,3448.0349987194627,845.0983644821124,685.0617923614428,0,,2.0946658360156425,685.0617923614428
linucb,1,8,1,10,19,1.0,0.6165676058320835,0.14853708961653928,0.08333333333333333,3,moderate_taxation,8.091235544999945,3463.7698951987013,555.2958779761493,396.1874607197347,0,,1.852135913276932,396.1874607197347
contextual_thompson,1,8,1,10,19,1.0,0.6165676058320835,0.14853708961653928,0.08333333333333333,3,moderate_taxation,8.091235544999945,3463.7698951987013,555.2958779761493,396.1874607197347,0,,1.852135913276932,396.1874607197347
discretized_contextual,1,8,1,10,19,1.0,0.570884826967869,0.20946658360156425,0.08333333333333333,7,weak_capacity_control,7.172915297017182,3721.5387171817497,414.165189580252,210.99693960739452,0,,2.433656061354898,210.99693960739452
linucb,1,8,2,20,29,1.0,0.33015621726644556,0.1852135913276932,0.16666666666666666,3,moderate_taxation,2.9053361526327284,765.8368160274092,256.7399203926382,185.10785301335062,0,,1.0161203923383744,185.10785301335062
contextual_thompson,1,8,2,20,29,1.0,0.33015621726644556,0.1852135913276932,0.16666666666666666,3,moderate_taxation,2.9053361526327284,765.8368160274092,256.7399203926382,185.10785301335062,0,,1.0161203923383744,185.10785301335062
discretized_contextual,1,8,2,20,29,1.0,0.1758307830061621,0.2433656061354898,0.16666666666666666,7,weak_capacity_control,-50.58587411208708,-1652.3190888752126,127.9733972145757,92.3055313030015,1,5,1.0194679858754725,92.3055313030015
linucb,1,8,3,30,39,1.0,0.1542565441777922,0.10161203923383744,0.25,3,moderate_taxation,0.6945658190452897,-587.7337612317224,153.87594963324145,138.1876946879523,0,,0.425656782909363,138.1876946879523
contextual_thompson,1,8,3,30,39,1.0,0.1542565441777922,0.10161203923383744,0.25,3,moderate_taxation,0.6945658190452897,-587.7337612317224,153.87594963324145,138.1876946879523,0,,0.425656782909363,138.1876946879523
discretized_contextual,1,8,3,30,39,1.0,0.07692127608583459,0.10194679858754725,0.25,4,high_taxation,-100.55626119379933,-1199.919120068375,77.23895115228476,69.61524112997978,1,0,0.42705910285711063,69.61524112997978
linucb,1,8,4,40,49,1.0,0.11515641223996025,0.0425656782909363,0.3333333333333333,10,moderate_marine_reserve,0.6809649818485791,-440.28658656964996,134.5501882101875,133.49502007441757,0,,0.1783092812651803,133.55498599516307
contextual_thompson,1,8,4,40,49,1.0,0.11515641223996025,0.0425656782909363,0.3333333333333333,1,baseline_laissez_faire,0.7542938581752301,-339.44227085083014,131.24833548312722,128.2992818432063,0,,0.1783092812651803,128.2992818432063
discretized_contextual,1,8,4,40,49,1.0,0.058012700941649814,0.042705910285711066,0.3333333333333333,11,strong_marine_reserve,-100.0486177066229,-621.3964115117823,68.73344458666753,68.51515841036272,1,0,0.17889671854334988,68.8084742455193
linucb,1,8,5,50,59,1.0,0.1112958216626359,0.01783092812651803,0.4166666666666667,1,baseline_laissez_faire,0.975291214433346,-141.2641726407334,133.98664644888953,133.29572990615512,0,,0.07469445116789143,135.43765084352006
contextual_thompson,1,8,5,50,59,1.0,0.10691606820267192,0.01783092812651803,0.4166666666666667,10,moderate_marine_reserve,0.893714869714485,-190.17372940404363,130.0666318942234,128.43527188673806,0,,0.07469445116789143,132.30960058053947
discretized_contextual,1,8,5,50,59,1.0,0.05734039520459942,0.017889671854334988,0.4166666666666667,1,baseline_laissez_faire,-99.65017882208612,-225.89513561319743,69.0859576232515,68.69830683673841,1,0,0.074940530927605,69.87039832804552
linucb,1,8,6,60,69,1.0,0.11286470903626672,0.007469445116789143,0.5,1,baseline_laissez_faire,1.101664809095548,-56.84713157313192,139.0214328802416,135.970011421189,0,,0.03128979599763559,142.4783317668058
contextual_thompson,1,8,6,60,69,1.0,0.11025800048378288,0.007469445116789143,0.5,10,moderate_marine_reserve,1.0593573135687828,-77.38679299122859,136.40929278720137,132.96371663158004,0,,0.03128979599763559,140.1701932251244
discretized_contextual,1,8,6,60,69,1.0,0.058225331940037935,0.0074940530927604995,0.5,7,weak_capacity_control,-99.49554481041929,-93.47344064987121,71.75143562767147,70.15154708409521,1,0,0.03139287976570931,73.55853154911993
linucb,1,8,7,70,79,1.0,0.11873194313900484,0.0031289795997635587,0.5833333333333334,1,baseline_laissez_faire,1.2085772615855033,-21.88790406175077,147.65581987767047,143.3529819398994,0,,0.013107417194525321,152.1970355458096
contextual_thompson,1,8,7,70,79,1.0,0.11680849435427033,0.0031289795997635587,0.5833333333333334,1,baseline_laissez_faire,1.1881007607971004,-22.44498067655404,145.26548897683855,141.0310116915154,0,,0.013107417194525321,149.7343906536287
discretized_contextual,1,8,7,70,79,1.0,0.06129877629093328,0.0031392879765709306,0.5833333333333334,1,baseline_laissez_faire,-99.40276430664258,-38.222397354864,76.25497088547482,74.01457286438503,1,0,0.013150599385749199,78.61781801617083
linucb,1,8,8,80,89,1.0,0.12683086295484133,0.001310741719452532,0.6666666666666666,1,baseline_laissez_faire,1.3115337801899642,-8.14117716618676,158.36099488273814,153.27203860706987,0,,0.0054907480229120205,163.62160534412453
contextual_thompson,1,8,8,80,89,1.0,0.12477865887802392,0.001310741719452532,0.6666666666666666,3,moderate_taxation,1.2899415041259803,-8.390919489496886,155.7998908338573,150.79223795853807,0,,0.0054907480229120205,160.97641132472816
discretized_contextual,1,8,8,80,89,1.0,0.06551484834680903,0.00131505993857492,0.6666666666666666,7,weak_capacity_control,-99.33366648216396,-15.514886804273539,81.82180855683674,79.176768108019,1,0,0.005508837210703079,84.55558092664414
linucb,1,8,9,90,99,1.0,0.13635133778677044,0.0005490748022912021,0.75,1,baseline_laissez_faire,1.4181863965330028,-2.91646998330061,170.5323439819564,164.84038128230148,0,,0.002300095694192487,176.37148253149712
contextual_thompson,1,8,9,90,99,1.0,0.13414700943727348,0.0005490748022912021,0.75,1,baseline_laissez_faire,1.3951095897917725,-3.0289839301847223,167.77662884663488,162.17569681092593,0,,0.002300095694192487,173.52238755378178
discretized_contextual,1,8,9,90,99,1.0,0.07046298410553678,0.0005508837210703079,0.75,3,moderate_taxation,-99.27170841105068,-6.260821085128647,88.1462892041324,85.18884529206547,1,0,0.002307673325286836,91.18028110368856
linucb,1,8,10,100,109,1.0,0.14697623544291427,0.00023000956941924872,0.8333333333333334,1,baseline_laissez_faire,1.5318919459389224,-0.9929179127003035,183.94618366219476,177.71323267572186,0,,0.0009635190288038445,190.32071986055433
contextual_thompson,1,8,10,100,109,1.0,0.1446019896281515,0.00023000956941924872,0.8333333333333334,1,baseline_laissez_faire,1.5070896817468549,-1.0437089349726654,180.9760068818193,174.84268399652754,0,,0.0009635190288038445,187.24868000708815
discretized_contextual,1,8,10,100,109,1.0,0.07598356758640713,0.00023076733252868362,0.8333333333333334,4,high_taxation,-99.20987191050806,-2.512233853648972,95.11683880147135,91.87750247964668,1,0,0.0009666933279302226,98.43016793380932
linucb,1,8,11,110,119,1.0,0.15860059988379527,9.635190288038446e-05,0.9166666666666666,1,baseline_laissez_faire,1.6542505010857051,-0.3113949694851262,198.5474275266228,191.78061200060938,0,,0.00040362186721671755,205.459087645376
contextual_thompson,1,8,11,110,119,1.0,0.15604056667257346,9.635190288038446e-05,0.9166666666666666,1,baseline_laissez_faire,1.6275325824877498,-0.33440027860475385,195.34403793196253,188.68525336970598,0,,0.00040362186721671755,202.1453990075375
discretized_contextual,1,8,11,110,119,1.0,0.08202513994484109,9.666933279302226e-05,0.9166666666666666,7,weak_capacity_control,-99.14510248031903,-1.0010125624207178,102.70782386920521,99.18912878021281,1,0,0.0004049515934620661,106.30246002103608
linucb,1,9,0,0,9,1.0,0.8333333333333334,0.1,0.0,3,moderate_taxation,10.118290610614807,2917.3699619718477,864.1104778371554,739.8811269985001,0,,1.4853708961653926,739.8811269985001
contextual_thompson,1,9,0,0,9,1.0,0.8333333333333334,0.1,0.0,3,moderate_taxation,10.118290610614807,2917.3699619718477,864.1104778371554,739.8811269985001,0,,1.4853708961653926,739.8811269985001
discretized_contextual,1,9,0,0,9,1.0,0.8333333333333334,0.1,0.0,1,baseline_laissez_faire,10.490521369403732,3448.0349987194627,845.0983644821124,685.0617923614428,0,,2.0946658360156425,685.0617923614428
linucb,1,9,1,10,19,1.0,0.6165676058320835,0.14853708961653928,0.08333333333333333,3,moderate_taxation,8.091235544999945,3463.7698951987013,555.2958779761493,396.1874607197347,0,,1.852135913276932,396.1874607197347
contextual_thompson,1,9,1,10,19,1.0,0.6165676058320835,0.14853708961653928,0.08333333333333333,3,moderate_taxation,8.091235544999945,3463.7698951987013,555.2958779761493,396.1874607197347,0,,1.852135913276932,396.1874607197347
discretized_contextual,1,9,1,10,19,1.0,0.570884826967869,0.20946658360156425,0.08333333333333333,5,hard_capacity_control,7.172915297017182,3721.5387171817497,414.165189580252,210.99693960739452,0,,2.433656061354898,210.99693960739452
linucb,1,9,2,20,29,1.0,0.33015621726644556,0.1852135913276932,0.16666666666666666,3,moderate_taxation,2.9053361526327284,765.8368160274092,256.7399203926382,185.10785301335062,0,,1.0161203923383744,185.10785301335062
contextual_thompson,1,9,2,20,29,1.0,0.33015621726644556,0.1852135913276932,0.16666666666666666,3,moderate_taxation,2.9053361526327284,765.8368160274092,256.7399203926382,185.10785301335062,0,,1.0161203923383744,185.10785301335062
discretized_contextual,1,9,2,20,29,1.0,0.1758307830061621,0.2433656061354898,0.16666666666666666,4,high_taxation,-50.58587411208708,-1652.3190888752126,127.9733972145757,92.3055313030015,1,5,1.0194679858754725,92.3055313030015
linucb,1,9,3,30,39,1.0,0.1542565441777922,0.10161203923383744,0.25,3,moderate_taxation,0.6945658190452897,-587.7337612317224,153.87594963324145,138.1876946879523,0,,0.425656782909363,138.1876946879523
contextual_thompson,1,9,3,30,39,1.0,0.1542565441777922,0.10161203923383744,0.25,3,moderate_taxation,0.6945658190452897,-587.7337612317224,153.87594963324145,138.1876946879523,0,,0.425656782909363,138.1876946879523
discretized_contextual,1,9,3,30,39,1.0,0.07692127608583459,0.10194679858754725,0.25,5,hard_capacity_control,-100.55626119379933,-1199.919120068375,77.23895115228476,69.61524112997978,1,0,0.42705910285711063,69.61524112997978
linucb,1,9,4,40,49,1.0,0.11515641223996025,0.0425656782909363,0.3333333333333333,10,moderate_marine_reserve,0.6809649818485791,-440.28658656964996,134.5501882101875,133.49502007441757,0,,0.1783092812651803,133.55498599516307
contextual_thompson,1,9,4,40,49,1.0,0.11515641223996025,0.0425656782909363,0.3333333333333333,3,moderate_taxation,0.7542938581752301,-339.44227085083014,131.24833548312722,128.2992818432063,0,,0.1783092812651803,128.2992818432063
discretized_contextual,1,9,4,40,49,1.0,0.058012700941649814,0.042705910285711066,0.3333333333333333,1,baseline_laissez_faire,-99.99275753515425,-544.7100541464667,66.23430227906685,64.81157573410937,1,0,0.17889671854334988,64.81157573410937
linucb,1,9,5,50,59,1.0,0.1112958216626359,0.01783092812651803,0.4166666666666667,1,baseline_laissez_faire,0.975291214433346,-141.2641726407334,133.98664644888953,133.29572990615512,0,,0.07469445116789143,135.43765084352006
contextual_thompson,1,9,5,50,59,1.0,0.10691606820267192,0.01783092812651803,0.4166666666666667,1,baseline_laissez_faire,0.9244151080734687,-148.3157918370445,128.7277079892616,128.0561653727147,0,,0.07469445116789143,130.13047489823884
discretized_contextual,1,9,5,50,59,1.0,0.05400964644509114,0.017889671854334988,0.4166666666666667,1,baseline_laissez_faire,-99.6886091012348,-230.8885876618605,65.07353837124532,64.70802322165552,1,0,0.074940530927605,65.81291244353963
linucb,1,9,6,60,69,1.0,0.11286470903626672,0.007469445116789143,0.5,1,baseline_laissez_faire,1.101664809095548,-56.84713157313192,139.0214328802416,135.970011421189,0,,0.03128979599763559,142.4783317668058
contextual_thompson,1,9,6,60,69,1.0,0.10844206241519903,0.007469445116789143,0.5,10,moderate_marine_reserve,1.0397404814668634,-78.2937142651388,134.16410348784026,130.7739358788018,0,,0.03128979599763559,137.8647770231063
discretized_contextual,1,9,6,60,69,1.0,0.054844093702949695,0.0074940530927604995,0.5,1,baseline_laissez_faire,-99.53242042209965,-95.63170556904626,67.58535401632729,66.07784570581023,1,0,0.03139287976570931,69.28806030275011
linucb,1,9,7,70,79,1.0,0.11873194313900484,0.0031289795997635587,0.5833333333333334,1,baseline_laissez_faire,1.2085772615855033,-21.88790406175077,147.65581987767047,143.3529819398994,0,,0.013107417194525321,152.1970355458096
contextual_thompson,1,9,7,70,79,1.0,0.11488731418592192,0.0031289795997635587,0.5833333333333334,3,moderate_taxation,1.167648191810021,-23.001404393039,142.8779515443672,138.71177566490022,0,,0.013107417194525321,147.27460199663372
discretized_contextual,1,9,7,70,79,1.0,0.05774005025229176,0.0031392879765709306,0.5833333333333334,1,baseline_laissez_faire,-99.4406081626883,-39.18046241179946,71.82867596681893,69.71774923775551,1,0,0.013150599385749199,74.0549755342241
linucb,1,9,8,80,89,1.0,0.12683086295484133,0.001310741719452532,0.6666666666666666,1,baseline_laissez_faire,1.3115337801899642,-8.14117716618676,158.36099488273814,153.27203860706987,0,,0.0054907480229120205,163.62160534412453
contextual_thompson,1,9,8,80,89,1.0,0.12272883499719477,0.001310741719452532,0.6666666666666666,10,moderate_marine_reserve,1.2656253368299917,-12.369363347076924,153.35936402124824,148.34136865807506,0,,0.0054907480229120205,158.528215616295
discretized_contextual,1,9,8,80,89,1.0,0.061712479611853416,0.00131505993857492,0.6666666666666666,3,moderate_taxation,-99.37366293301451,-15.944921997493587,77.07383867795733,74.58162591951854,1,0,0.005508837210703079,79.64967390423702
linucb,1,9,9,90,99,1.0,0.13635133778677044,0.0005490748022912021,0.75,1,baseline_laissez_faire,1.4181863965330028,-2.91646998330061,170.5323439819564,164.84038128230148,0,,0.002300095694192487,176.37148253149712
contextual_thompson,1,9,9,90,99,1.0,0.1321068463469125,0.0005490748022912021,0.75,1,baseline_laissez_faire,1.3737511507780251,-3.1331193680268044,165.2261124175262,159.7094569877308,0,,0.002300095694192487,170.8854187759378
discretized_contextual,1,9,9,90,99,1.0,0.06637472825353084,0.0005508837210703079,0.75,3,moderate_taxation,-99.31451300257245,-6.454737461944177,83.03300818673988,80.24635914358844,1,0,0.002307673325286836,85.89181217855817
linucb,1,9,10,100,109,1.0,0.14697623544291427,0.00023000956941924872,0.8333333333333334,1,baseline_laissez_faire,1.5318919459389224,-0.9929179127003035,183.94618366219476,177.71323267572186,0,,0.0009635190288038445,190.32071986055433
contextual_thompson,1,9,10,100,109,1.0,0.14240451564661483,0.00023000956941924872,0.8333333333333334,1,baseline_laissez_faire,1.484133746366416,-1.0907187866000883,178.22693581836188,172.1858528009618,0,,0.0009635190288038445,184.40529872240035
discretized_contextual,1,9,10,100,109,1.0,0.07157651014879847,0.00023076733252868362,0.8333333333333334,11,strong_marine_reserve,-99.25634310051265,-3.168958047062051,89.619102904132,86.55274808815312,1,0,0.0009666933279302226,92.7529159598721
linucb,1,9,11,110,119,1.0,0.15860059988379527,9.635190288038446e-05,0.9166666666666666,1,baseline_laissez_faire,1.6542505010857051,-0.3113949694851262,198.5474275266228,191.78061200060938,0,,0.00040362186721671755,205.459087645376
contextual_thompson,1,9,11,110,119,1.0,0.15367108226866696,9.635190288038446e-05,0.9166666666666666,1,baseline_laissez_faire,1.6028030384336636,-0.35564352465676347,192.37904183499847,185.82028196635733,0,,0.00040362186721671755,199.07827522559782
discretized_contextual,1,9,11,110,119,1.0,0.07729409663322674,9.666933279302226e-05,0.9166666666666666,5,hard_capacity_control,-99.19449839108118,-1.041335817588956,96.78515336836747,93.46832089668426,1,0,0.0004049515934620661,100.17362864350152
linucb,1,10,0,0,9,1.0,0.8333333333333334,0.1,0.0,3,moderate_taxation,10.118290610614807,2917.3699619718477,864.1104778371554,739.8811269985001,0,,1.4853708961653926,739.8811269985001
contextual_thompson,1,10,0,0,9,1.0,0.8333333333333334,0.1,0.0,3,moderate_taxation,10.118290610614807,2917.3699619718477,864.1104778371554,739.8811269985001,0,,1.4853708961653926,739.8811269985001
discretized_contextual,1,10,0,0,9,1.0,0.8333333333333334,0.1,0.0,1,baseline_laissez_faire,10.490521369403732,3448.0349987194627,845.0983644821124,685.0617923614428,0,,2.0946658360156425,685.0617923614428
linucb,1,10,1,10,19,1.0,0.6165676058320835,0.14853708961653928,0.08333333333333333,3,moderate_taxation,8.091235544999945,3463.7698951987013,555.2958779761493,396.1874607197347,0,,1.852135913276932,396.1874607197347
contextual_thompson,1,10,1,10,19,1.0,0.6165676058320835,0.14853708961653928,0.08333333333333333,3,moderate_taxation,8.091235544999945,3463.7698951987013,555.2958779761493,396.1874607197347,0,,1.852135913276932,396.1874607197347
discretized_contextual,1,10,1,10,19,1.0,0.570884826967869,0.20946658360156425,0.08333333333333333,1,baseline_laissez_faire,7.172915297017182,3721.5387171817497,414.165189580252,210.99693960739452,0,,2.433656061354898,210.99693960739452
linucb,1,10,2,20,29,1.0,0.33015621726644556,0.1852135913276932,0.16666666666666666,3,moderate_taxation,2.9053361526327284,765.8368160274092,256.7399203926382,185.10785301335062,0,,1.0161203923383744,185.10785301335062
contextual_thompson,1,10,2,20,29,1.0,0.33015621726644556,0.1852135913276932,0.16666666666666666,3,moderate_taxation,2.9053361526327284,765.8368160274092,256.7399203926382,185.10785301335062,0,,1.0161203923383744,185.10785301335062
discretized_contextual,1,10,2,20,29,1.0,0.1758307830061621,0.2433656061354898,0.16666666666666666,3,moderate_taxation,-50.58587411208708,-1652.3190888752126,127.9733972145757,92.3055313030015,1,5,1.0194679858754725,92.3055313030015
linucb,1,10,3,30,39,1.0,0.1542565441777922,0.10161203923383744,0.25,3,moderate_taxation,0.6945658190452897,-587.7337612317224,153.87594963324145,138.1876946879523,0,,0.425656782909363,138.1876946879523
contextual_thompson,1,10,3,30,39,1.0,0.1542565441777922,0.10161203923383744,0.25,3,moderate_taxation,0.6945658190452897,-587.7337612317224,153.87594963324145,138.1876946879523,0,,0.425656782909363,138.1876946879523
discretized_contextual,1,10,3,30,39,1.0,0.07692127608583459,0.10194679858754725,0.25,7,weak_capacity_control,-100.55626119379933,-1199.919120068375,77.23895115228476,69.61524112997978,1,0,0.42705910285711063,69.61524112997978
linucb,1,10,4,40,49,1.0,0.11515641223996025,0.0425656782909363,0.3333333333333333,10,moderate_marine_reserve,0.6809649818485791,-440.28658656964996,134.5501882101875,133.49502007441757,0,,0.1783092812651803,133.55498599516307
contextual_thompson,1,10,4,40,49,1.0,0.11515641223996025,0.0425656782909363,0.3333333333333333,10,moderate_marine_reserve,0.6809649818485791,-440.28658656964996,134.5501882101875,133.49502007441757,0,,0.1783092812651803,133.55498599516307
discretized_contextual,1,10,4,40,49,1.0,0.058012700941649814,0.042705910285711066,0.3333333333333333,1,baseline_laissez_faire,-99.99275753515425,-544.7100541464667,66.23430227906685,64.81157573410937,1,0,0.17889671854334988,64.81157573410937
linucb,1,10,5,50,59,1.0,0.1112958216626359,0.01783092812651803,0.4166666666666667,1,baseline_laissez_faire,0.975291214433346,-141.2641726407334,133.98664644888953,133.29572990615512,0,,0.07469445116789143,135.43765084352006
contextual_thompson,1,10,5,50,59,1.0,0.1112958216626359,0.01783092812651803,0.4166666666666667,1,baseline_laissez_faire,0.975291214433346,-141.2641726407334,133.98664644888953,133.29572990615512,0,,0.07469445116789143,135.43765084352006
discretized_contextual,1,10,5,50,59,1.0,0.05400964644509114,0.017889671854334988,0.4166666666666667,1,baseline_laissez_faire,-99.6886091012348,-230.8885876618605,65.07353837124532,64.70802322165552,1,0,0.074940530927605,65.81291244353963
linucb,1,10,6,60,69,1.0,0.11286470903626672,0.007469445116789143,0.5,1,baseline_laissez_faire,1.101664809095548,-56.84713157313192,139.0214328802416,135.970011421189,0,,0.03128979599763559,142.4783317668058
contextual_thompson,1,10,6,60,69,1.0,0.11286470903626672,0.007469445116789143,0.5,10,moderate_marine_reserve,1.087540316726224,-76.04672236545358,139.63044469100132,136.10658337465154,0,,0.03128979599763559,143.4774281854452
discretized_contextual,1,10,6,60,69,1.0,0.054844093702949695,0.0074940530927604995,0.5,7,weak_capacity_control,-99.53242042209965,-95.63170556904626,67.58535401632729,66.07784570581023,1,0,0.03139287976570931,69.28806030275011
linucb,1,10,7,70,79,1.0,0.11873194313900484,0.0031289795997635587,0.5833333333333334,1,baseline_laissez_faire,1.2085772615855033,-21.88790406175077,147.65581987767047,143.3529819398994,0,,0.013107417194525321,152.1970355458096
contextual_thompson,1,10,7,70,79,1.0,0.119564523487871,0.0031289795997635587,0.5833333333333334,1,baseline_laissez_faire,1.2174406122978012,-21.64677023590264,148.69048590404444,144.35806414778244,0,,0.013107417194525321,153.26299627051125
discretized_contextual,1,10,7,70,79,1.0,0.05774005025229176,0.0031392879765709306,0.5833333333333334,3,moderate_taxation,-99.4406081626883,-39.18046241179946,71.82867596681893,69.71774923775551,1,0,0.013150599385749199,74.0549755342241
linucb,1,10,8,80,89,1.0,0.12683086295484133,0.001310741719452532,0.6666666666666666,1,baseline_laissez_faire,1.3115337801899642,-8.14117716618676,158.36099488273814,153.27203860706987,0,,0.0054907480229120205,163.62160534412453
contextual_thompson,1,10,8,80,89,1.0,0.12771916355875937,0.001310741719452532,0.6666666666666666,1,baseline_laissez_faire,1.3208799624827539,-8.033076324272082,159.46956465684312,154.34542366769452,0,,0.0054907480229120205,164.76656556224745
discretized_contextual,1,10,8,80,89,1.0,0.061712479611853416,0.00131505993857492,0.6666666666666666,4,high_taxation,-99.37366293301451,-15.944921997493587,77.07383867795733,74.58162591951854,1,0,0.005508837210703079,79.64967390423702
linucb,1,10,9,90,99,1.0,0.13635133778677044,0.0005490748022912021,0.75,1,baseline_laissez_faire,1.4181863965330028,-2.91646998330061,170.5323439819564,164.84038128230148,0,,0.002300095694192487,176.37148253149712
contextual_thompson,1,10,9,90,99,1.0,0.13730547130187287,0.0005490748022912021,0.75,1,baseline_laissez_faire,1.4281749986028909,-2.8677691317428944,171.72513212815605,165.99377604589094,0,,0.002300095694192487,177.60468036366143
discretized_contextual,1,10,9,90,99,1.0,0.06637472825353084,0.0005508837210703079,0.75,7,weak_capacity_control,-99.31451300257245,-6.454737461944177,83.03300818673988,80.24635914358844,1,0,0.002307673325286836,85.89181217855817
linucb,1,10,10,100,109,1.0,0.14697623544291427,0.00023000956941924872,0.8333333333333334,1,baseline_laissez_faire,1.5318919459389224,-0.9929179127003035,183.94618366219476,177.71323267572186,0,,0.0009635190288038445,190.32071986055433
contextual_thompson,1,10,10,100,109,1.0,0.1480039003030512,0.00023000956941924872,0.8333333333333334,1,baseline_laissez_faire,1.5426272162632482,-0.970933751357494,185.2317780017527,178.95571439700177,0,,0.0009635190288038445,191.65039357958034
discretized_contextual,1,10,10,100,109,1.0,0.07157651014879847,0.00023076733252868362,0.8333333333333334,3,moderate_taxation,-99.25592347181272,-2.599842803163998,89.60116451885206,86.54878388327663,1,0,0.0009666933279302226,92.72330322384406
linucb,1,10,11,110,119,1.0,0.15860059988379527,9.635190288038446e-05,0.9166666666666666,1,baseline_laissez_faire,1.6542505010857051,-0.3113949694851262,198.5474275266228,191.78061200060938,0,,0.00040362186721671755,205.459087645376
contextual_thompson,1,10,11,110,119,1.0,0.15970866131631695,9.635190288038446e-05,0.9166666666666666,1,baseline_laissez_faire,1.665814740999684,-0.3014152273975589,199.93393874724978,193.12037636795398,0,,0.00040362186721671755,206.8933262647636
discretized_contextual,1,10,11,110,119,1.0,0.07726941935320338,9.666933279302226e-05,0.9166666666666666,10,moderate_marine_reserve,-99.19487468505147,-1.2024440190085728,96.75933107610363,93.43960133864336,1,0,0.0004049515934620661,100.15003137211787
linucb,1,11,0,0,9,1.0,0.8333333333333334,0.1,0.0,3,moderate_taxation,10.118290610614807,2917.3699619718477,864.1104778371554,739.8811269985001,0,,1.4853708961653926,739.8811269985001
contextual_thompson,1,11,0,0,9,1.0,0.8333333333333334,0.1,0.0,3,moderate_taxation,10.118290610614807,2917.3699619718477,864.1104778371554,739.8811269985001,0,,1.4853708961653926,739.8811269985001
discretized_contextual,1,11,0,0,9,1.0,0.8333333333333334,0.1,0.0,1,baseline_laissez_faire,10.490521369403732,3448.0349987194627,845.0983644821124,685.0617923614428,0,,2.0946658360156425,685.0617923614428
linucb,1,11,1,10,19,1.0,0.6165676058320835,0.14853708961653928,0.08333333333333333,3,moderate_taxation,8.091235544999945,3463.7698951987013,555.2958779761493,396.1874607197347,0,,1.852135913276932,396.1874607197347
contextual_thompson,1,11,1,10,19,1.0,0.6165676058320835,0.14853708961653928,0.08333333333333333,3,moderate_taxation,8.091235544999945,3463.7698951987013,555.2958779761493,396.1874607197347,0,,1.852135913276932,396.1874607197347
discretized_contextual,1,11,1,10,19,1.0,0.570884826967869,0.20946658360156425,0.08333333333333333,4,high_taxation,7.324214420796293,3594.777460708412,447.5324352105458,278.56464632792336,0,,1.8461516924318044,278.56464632792336
linucb,1,11,2,20,29,1.0,0.33015621726644556,0.1852135913276932,0.16666666666666666,3,moderate_taxation,2.9053361526327284,765.8368160274092,256.7399203926382,185.10785301335062,0,,1.0161203923383744,185.10785301335062
contextual_thompson,1,11,2,20,29,1.0,0.33015621726644556,0.1852135913276932,0.16666666666666666,3,moderate_taxation,2.9053361526327284,765.8368160274092,256.7399203926382,185.10785301335062,0,,1.0161203923383744,185.10785301335062
discretized_contextual,1,11,2,20,29,1.0,0.23213720527326948,0.18461516924318044,0.16666666666666666,10,moderate_marine_reserve,0.8526458376843136,-922.1824393109827,212.97939323943552,180.9078880858866,0,,0.7733601215844041,180.9078880858866
linucb,1,11,3,30,39,1.0,0.1542565441777922,0.10161203923383744,0.25,3,moderate_taxation,0.6945658190452897,-587.7337612317224,153.87594963324145,138.1876946879523,0,,0.425656782909363,138.1876946879523
contextual_thompson,1,11,3,30,39,1.0,0.1542565441777922,0.10161203923383744,0.25,3,moderate_taxation,0.6945658190452897,-587.7337612317224,153.87594963324145,138.1876946879523,0,,0.425656782909363,138.1876946879523
discretized_contextual,1,11,3,30,39,1.0,0.1507565734049055,0.07733601215844041,0.25,10,moderate_marine_reserve,0.7350533058733437,-648.9918770593276,166.08542195192055,158.95570629947775,0,,0.3239635616666084,158.95570629947775
linucb,1,11,4,40,49,1.0,0.11515641223996025,0.0425656782909363,0.3333333333333333,10,moderate_marine_reserve,0.6809649818485791,-440.28658656964996,134.5501882101875,133.49502007441757,0,,0.1783092812651803,133.55498599516307
contextual_thompson,1,11,4,40,49,1.0,0.11515641223996025,0.0425656782909363,0.3333333333333333,3,moderate_taxation,0.7542938581752301,-339.44227085083014,131.24833548312722,128.2992818432063,0,,0.1783092812651803,128.2992818432063
discretized_contextual,1,11,4,40,49,1.0,0.13246308858289813,0.03239635616666084,0.3333333333333333,10,moderate_marine_reserve,1.0159123881278609,-294.58320092283554,157.25947068608357,156.8019508826472,0,,0.13570959551508233,157.62020616216776
linucb,1,11,5,50,59,1.0,0.1112958216626359,0.01783092812651803,0.4166666666666667,1,baseline_laissez_faire,0.975291214433346,-141.2641726407334,133.98664644888953,133.29572990615512,0,,0.07469445116789143,135.43765084352006
contextual_thompson,1,11,5,50,59,1.0,0.10691606820267192,0.01783092812651803,0.4166666666666667,3,moderate_taxation,0.9244151080734687,-148.3157918370445,128.7277079892616,128.0561653727147,0,,0.07469445116789143,130.13047489823884
discretized_contextual,1,11,5,50,59,1.0,0.13135017180180647,0.013570959551508232,0.4166666666666667,10,moderate_marine_reserve,1.2186653989657112,-121.7150528880201,160.84565422244773,158.0272576237168,0,,0.05684927718451349,164.26412659413666
linucb,1,11,6,60,69,1.0,0.11286470903626672,0.007469445116789143,0.5,1,baseline_laissez_faire,1.101664809095548,-56.84713157313192,139.0214328802416,135.970011421189,0,,0.03128979599763559,142.4783317668058
contextual_thompson,1,11,6,60,69,1.0,0.10844206241519903,0.007469445116789143,0.5,10,moderate_marine_reserve,1.0397404814668634,-78.2937142651388,134.16410348784026,130.7739358788018,0,,0.03128979599763559,137.8647770231063
discretized_contextual,1,11,6,60,69,1.0,0.13688677216178055,0.005684927718451349,0.5,10,moderate_marine_reserve,1.3667571529025775,-48.3231499071157,169.80963633716323,165.17868267640802,0,,0.023814383236021582,174.7695570063254
linucb,1,11,7,70,79,1.0,0.11873194313900484,0.0031289795997635587,0.5833333333333334,1,baseline_laissez_faire,1.2085772615855033,-21.88790406175077,147.65581987767047,143.3529819398994,0,,0.013107417194525321,152.1970355458096
contextual_thompson,1,11,7,70,79,1.0,0.11488731418592192,0.0031289795997635587,0.5833333333333334,3,moderate_taxation,1.167648191810021,-23.001404393039,142.8779515443672,138.71177566490022,0,,0.013107417194525321,147.27460199663372
discretized_contextual,1,11,7,70,79,1.0,0.1456412975052712,0.002381438323602158,0.5833333333333334,10,moderate_marine_reserve,1.4950578157838057,-18.702965494198995,181.65129375336056,175.96099628879995,0,,0.009975937725143113,187.56234151136022
linucb,1,11,8,80,89,1.0,0.12683086295484133,0.001310741719452532,0.6666666666666666,1,baseline_laissez_faire,1.3115337801899642,-8.14117716618676,158.36099488273814,153.27203860706987,0,,0.0054907480229120205,163.62160534412453
contextual_thompson,1,11,8,80,89,1.0,0.12272883499719477,0.001310741719452532,0.6666666666666666,3,moderate_taxation,1.2683740227364422,-8.640374144837224,153.24172762575353,148.31530839779293,0,,0.0054907480229120205,158.33422970819737
discretized_contextual,1,11,8,80,89,1.0,0.15630195125946686,0.0009975937725143114,0.6666666666666666,3,moderate_taxation,1.6238287338766422,-3.4592992966080343,195.27456398079005,188.9136200173794,0,,0.004178959098357031,201.8292536993598
linucb,1,11,9,90,99,1.0,0.13635133778677044,0.0005490748022912021,0.75,1,baseline_laissez_faire,1.4181863965330028,-2.91646998330061,170.5323439819564,164.84038128230148,0,,0.002300095694192487,176.37148253149712
contextual_thompson,1,11,9,90,99,1.0,0.1319451914234978,0.0005490748022912021,0.75,10,moderate_marine_reserve,1.3708178719018045,-4.824418166800353,165.07707480823254,159.52577765797807,0,,0.002300095694192487,170.76401955460108
discretized_contextual,1,11,9,90,99,1.0,0.1681910447494665,0.00041789590983570314,0.75,3,moderate_taxation,1.7523125169919966,-0.9769911018890053,210.39474097126626,203.3426673263701,0,,0.001750582213612453,217.6197027491112
linucb,1,11,10,100,109,1.0,0.14697623544291427,0.00023000956941924872,0.8333333333333334,1,baseline_laissez_faire,1.5318919459389224,-0.9929179127003035,183.94618366219476,177.71323267572186,0,,0.0009635190288038445,190.32071986055433
contextual_thompson,1,11,10,100,109,1.0,0.14230334962883423,0.00023000956941924872,0.8333333333333334,1,baseline_laissez_faire,1.4830769076265076,-1.092883008252494,178.1003748761712,172.06353902576586,0,,0.0009635190288038445,184.27439525820327
discretized_contextual,1,11,10,100,109,1.0,0.181349752290926,0.0001750582213612453,0.8333333333333334,3,moderate_taxation,1.8912348986006156,-0.18995187307953337,226.97098205684338,219.27750127533582,0,,0.0007333256953438734,234.83456592694614
linucb,1,11,11,110,119,1.0,0.15860059988379527,9.635190288038446e-05,0.9166666666666666,1,baseline_laissez_faire,1.6542505010857051,-0.3113949694851262,198.5474275266228,191.78061200060938,0,,0.00040362186721671755,205.459087645376
contextual_thompson,1,11,11,110,119,1.0,0.15356199604850274,9.635190288038446e-05,0.9166666666666666,1,baseline_laissez_faire,1.6016645330229378,-0.35662128092512146,192.24253851646355,185.6883843749875,0,,0.00040362186721671755,198.9370693044739
discretized_contextual,1,11,11,110,119,1.0,0.19569547160578846,7.333256953438734e-05,0.9166666666666666,3,moderate_taxation,2.041438779331321,0.02060195441242424,244.970181285229,236.63426594385513,0,,0.0003175682425035693,253.4787866985739
linucb,1,12,0,0,9,1.0,0.8333333333333334,0.1,0.0,3,moderate_taxation,10.118290610614807,2917.3699619718477,864.1104778371554,739.8811269985001,0,,1.4853708961653926,739.8811269985001
contextual_thompson,1,12,0,0,9,1.0,0.8333333333333334,0.1,0.0,3,moderate_taxation,10.118290610614807,2917.3699619718477,864.1104778371554,739.8811269985001,0,,1.4853708961653926,739.8811269985001
discretized_contextual,1,12,0,0,9,1.0,0.8333333333333334,0.1,0.0,1,baseline_laissez_faire,10.490521369403732,3448.0349987194627,845.0983644821124,685.0617923614428,0,,2.0946658360156425,685.0617923614428
linucb,1,12,1,10,19,1.0,0.6165676058320835,0.14853708961653928,0.08333333333333333,3,moderate_taxation,8.091235544999945,3463.7698951987013,555.2958779761493,396.1874607197347,0,,1.852135913276932,396.1874607197347
contextual_thompson,1,12,1,10,19,1.0,0.6165676058320835,0.14853708961653928,0.08333333333333333,3,moderate_taxation,8.091235544999945,3463.7698951987013,555.2958779761493,396.1874607197347,0,,1.852135913276932,396.1874607197347
discretized_contextual,1,12,1,10,19,1.0,0.570884826967869,0.20946658360156425,0.08333333333333333,4,high_taxation,7.324214420796293,3594.777460708412,447.5324352105458,278.56464632792336,0,,1.8461516924318044,278.56464632792336
linucb,1,12,2,20,29,1.0,0.33015621726644556,0.1852135913276932,0.16666666666666666,3,moderate_taxation,2.9053361526327284,765.8368160274092,256.7399203926382,185.10785301335062,0,,1.0161203923383744,185.10785301335062
contextual_thompson,1,12,2,20,29,1.0,0.33015621726644556,0.1852135913276932,0.16666666666666666,3,moderate_taxation,2.9053361526327284,765.8368160274092,256.7399203926382,185.10785301335062,0,,1.0161203923383744,185.10785301335062
discretized_contextual,1,12,2,20,29,1.0,0.23213720527326948,0.18461516924318044,0.16666666666666666,10,moderate_marine_reserve,0.8526458376843136,-922.1824393109827,212.97939323943552,180.9078880858866,0,,0.7733601215844041,180.9078880858866
linucb,1,12,3,30,39,1.0,0.1542565441777922,0.10161203923383744,0.25,3,moderate_taxation,0.6945658190452897,-587.7337612317224,153.87594963324145,138.1876946879523,0,,0.425656782909363,138.1876946879523
contextual_thompson,1,12,3,30,39,1.0,0.1542565441777922,0.10161203923383744,0.25,3,moderate_taxation,0.6945658190452897,-587.7337612317224,153.87594963324145,138.1876946879523,0,,0.425656782909363,138.1876946879523
discretized_contextual,1,12,3,30,39,1.0,0.1507565734049055,0.07733601215844041,0.25,10,moderate_marine_reserve,0.7350533058733437,-648.9918770593276,166.08542195192055,158.95570629947775,0,,0.3239635616666084,158.95570629947775
linucb,1,12,4,40,49,1.0,0.11515641223996025,0.0425656782909363,0.3333333333333333,10,moderate_marine_reserve,0.6809649818485791,-440.28658656964996,134.5501882101875,133.49502007441757,0,,0.1783092812651803,133.55498599516307
contextual_thompson,1,12,4,40,49,1.0,0.11515641223996025,0.0425656782909363,0.3333333333333333,10,moderate_marine_reserve,0.6809649818485791,-440.28658656964996,134.5501882101875,133.49502007441757,0,,0.1783092812651803,133.55498599516307
discretized_contextual,1,12,4,40,49,1.0,0.13246308858289813,0.03239635616666084,0.3333333333333333,10,moderate_marine_reserve,1.0159123881278609,-294.58320092283554,157.25947068608357,156.8019508826472,0,,0.13570959551508233,157.62020616216776
linucb,1,12,5,50,59,1.0,0.1112958216626359,0.01783092812651803,0.4166666666666667,1,baseline_laissez_faire,0.975291214433346,-141.2641726407334,133.98664644888953,133.29572990615512,0,,0.07469445116789143,135.43765084352006
contextual_thompson,1,12,5,50,59,1.0,0.1112958216626359,0.01783092812651803,0.4166666666666667,1,baseline_laissez_faire,0.975291214433346,-141.2641726407334,133.98664644888953,133.29572990615512,0,,0.07469445116789143,135.43765084352006
discretized_contextual,1,12,5,50,59,1.0,0.13135017180180647,0.013570959551508232,0.4166666666666667,10,moderate_marine_reserve,1.2186653989657112,-121.7150528880201,160.84565422244773,158.0272576237168,0,,0.05684927718451349,164.26412659413666
linucb,1,12,6,60,69,1.0,0.11286470903626672,0.007469445116789143,0.5,1,baseline_laissez_faire,1.101664809095548,-56.84713157313192,139.0214328802416,135.970011421189,0,,0.03128979599763559,142.4783317668058
contextual_thompson,1,12,6,60,69,1.0,0.11286470903626672,0.007469445116789143,0.5,1,baseline_laissez_faire,1.101664809095548,-56.84713157313192,139.0214328802416,135.970011421189,0,,0.03128979599763559,142.4783317668058
discretized_contextual,1,12,6,60,69,1.0,0.13688677216178055,0.005684927718451349,0.5,10,moderate_marine_reserve,1.3667571529025775,-48.3231499071157,169.80963633716323,165.17868267640802,0,,0.023814383236021582,174.7695570063254
linucb,1,12,7,70,79,1.0,0.11873194313900484,0.0031289795997635587,0.5833333333333334,1,baseline_laissez_faire,1.2085772615855033,-21.88790406175077,147.65581987767047,143.3529819398994,0,,0.013107417194525321,152.1970355458096
contextual_thompson,1,12,7,70,79,1.0,0.11873194313900484,0.0031289795997635587,0.5833333333333334,10,moderate_marine_reserve,1.2022660703724335,-30.454906576458104,147.926517233867,143.4131665320228,0,,0.013107417194525321,152.6427438271748
discretized_contextual,1,12,7,70,79,1.0,0.1456412975052712,0.002381438323602158,0.5833333333333334,10,moderate_marine_reserve,1.4950578157838057,-18.702965494198995,181.65129375336056,175.96099628879995,0,,0.009975937725143113,187.56234151136022
linucb,1,12,8,80,89,1.0,0.12683086295484133,0.001310741719452532,0.6666666666666666,1,baseline_laissez_faire,1.3115337801899642,-8.14117716618676,158.36099488273814,153.27203860706987,0,,0.0054907480229120205,163.62160534412453
contextual_thompson,1,12,8,80,89,1.0,0.12720228652264567,0.001310741719452532,0.6666666666666666,1,baseline_laissez_faire,1.3154416886147762,-8.095977106034422,158.82451988649726,153.7208513281334,0,,0.0054907480229120205,164.10034681303992
discretized_contextual,1,12,8,80,89,1.0,0.15630195125946686,0.0009975937725143114,0.6666666666666666,3,moderate_taxation,1.6238287338766422,-3.4592992966080343,195.27456398079005,188.9136200173794,0,,0.004178959098357031,201.8292536993598
linucb,1,12,9,90,99,1.0,0.13635133778677044,0.0005490748022912021,0.75,1,baseline_laissez_faire,1.4181863965330028,-2.91646998330061,170.5323439819564,164.84038128230148,0,,0.002300095694192487,176.37148253149712
contextual_thompson,1,12,9,90,99,1.0,0.1367502890108666,0.0005490748022912021,0.75,10,moderate_marine_reserve,1.4210768432290606,-4.640427406646361,171.0860724762848,165.33481356944372,0,,0.002300095694192487,176.9778518206836
discretized_contextual,1,12,9,90,99,1.0,0.1681910447494665,0.00041789590983570314,0.75,3,moderate_taxation,1.7523125169919966,-0.9769911018890053,210.39474097126626,203.3426673263701,0,,0.001750582213612453,217.6197027491112
linucb,1,12,10,100,109,1.0,0.14697623544291427,0.00023000956941924872,0.8333333333333334,1,baseline_laissez_faire,1.5318919459389224,-0.9929179127003035,183.94618366219476,177.71323267572186,0,,0.0009635190288038445,190.32071986055433
contextual_thompson,1,12,10,100,109,1.0,0.147481543183903,0.00023000956941924872,0.8333333333333334,10,moderate_marine_reserve,1.5365889256098273,-1.7708609444391687,184.60317438651197,178.3296624470196,0,,0.0009635190288038445,191.01555295816758
discretized_contextual,1,12,10,100,109,1.0,0.181349752290926,0.0001750582213612453,0.8333333333333334,3,moderate_taxation,1.8912348986006156,-0.18995187307953337,226.97098205684338,219.27750127533582,0,,0.0007333256953438734,234.83456592694614
linucb,1,12,11,110,119,1.0,0.15860059988379527,9.635190288038446e-05,0.9166666666666666,1,baseline_laissez_faire,1.6542505010857051,-0.3113949694851262,198.5474275266228,191.78061200060938,0,,0.00040362186721671755,205.459087645376
contextual_thompson,1,12,11,110,119,1.0,0.15917962746513964,9.635190288038446e-05,0.9166666666666666,10,moderate_marine_reserve,1.6600303510339967,-0.6630193389916549,199.28320444475858,192.48320287820988,0,,0.00040362186721671755,206.22712252596924
discretized_contextual,1,12,11,110,119,1.0,0.19569547160578846,7.333256953438734e-05,0.9166666666666666,3,moderate_taxation,2.041438779331321,0.02060195441242424,244.970181285229,236.63426594385513,0,,0.0003175682425035693,253.4787866985739
linucb,1,13,0,0,9,1.0,0.8333333333333334,0.1,0.0,3,moderate_taxation,10.118290610614807,2917.3699619718477,864.1104778371554,739.8811269985001,0,,1.4853708961653926,739.8811269985001
contextual_thompson,1,13,0,0,9,1.0,0.8333333333333334,0.1,0.0,3,moderate_taxation,10.118290610614807,2917.3699619718477,864.1104778371554,739.8811269985001,0,,1.4853708961653926,739.8811269985001
discretized_contextual,1,13,0,0,9,1.0,0.8333333333333334,0.1,0.0,1,baseline_laissez_faire,10.490521369403732,3448.0349987194627,845.0983644821124,685.0617923614428,0,,2.0946658360156425,685.0617923614428
linucb,1,13,1,10,19,1.0,0.6165676058320835,0.14853708961653928,0.08333333333333333,3,moderate_taxation,8.091235544999945,3463.7698951987013,555.2958779761493,396.1874607197347,0,,1.852135913276932,396.1874607197347
contextual_thompson,1,13,1,10,19,1.0,0.6165676058320835,0.14853708961653928,0.08333333333333333,3,moderate_taxation,8.091235544999945,3463.7698951987013,555.2958779761493,396.1874607197347,0,,1.852135913276932,396.1874607197347
discretized_contextual,1,13,1,10,19,1.0,0.570884826967869,0.20946658360156425,0.08333333333333333,4,high_taxation,7.324214420796293,3594.777460708412,447.5324352105458,278.56464632792336,0,,1.8461516924318044,278.56464632792336
linucb,1,13,2,20,29,1.0,0.33015621726644556,0.1852135913276932,0.16666666666666666,3,moderate_taxation,2.9053361526327284,765.8368160274092,256.7399203926382,185.10785301335062,0,,1.0161203923383744,185.10785301335062
contextual_thompson,1,13,2,20,29,1.0,0.33015621726644556,0.1852135913276932,0.16666666666666666,3,moderate_taxation,2.9053361526327284,765.8368160274092,256.7399203926382,185.10785301335062,0,,1.0161203923383744,185.10785301335062
discretized_contextual,1,13,2,20,29,1.0,0.23213720527326948,0.18461516924318044,0.16666666666666666,10,moderate_marine_reserve,0.8526458376843136,-922.1824393109827,212.97939323943552,180.9078880858866,0,,0.7733601215844041,180.9078880858866
linucb,1,13,3,30,39,1.0,0.1542565441777922,0.10161203923383744,0.25,3,moderate_taxation,0.6945658190452897,-587.7337612317224,153.87594963324145,138.1876946879523,0,,0.425656782909363,138.1876946879523
contextual_thompson,1,13,3,30,39,1.0,0.1542565441777922,0.10161203923383744,0.25,3,moderate_taxation,0.6945658190452897,-587.7337612317224,153.87594963324145,138.1876946879523,0,,0.425656782909363,138.1876946879523
discretized_contextual,1,13,3,30,39,1.0,0.1507565734049055,0.07733601215844041,0.25,10,moderate_marine_reserve,0.7350533058733437,-648.9918770593276,166.08542195192055,158.95570629947775,0,,0.3239635616666084,158.95570629947775
linucb,1,13,4,40,49,1.0,0.11515641223996025,0.0425656782909363,0.3333333333333333,10,moderate_marine_reserve,0.6809649818485791,-440.28658656964996,134.5501882101875,133.49502007441757,0,,0.1783092812651803,133.55498599516307
contextual_thompson,1,13,4,40,49,1.0,0.11515641223996025,0.0425656782909363,0.3333333333333333,10,moderate_marine_reserve,0.6809649818485791,-440.28658656964996,134.5501882101875,133.49502007441757,0,,0.1783092812651803,133.55498599516307
discretized_contextual,1,13,4,40,49,1.0,0.13246308858289813,0.03239635616666084,0.3333333333333333,10,moderate_marine_reserve,1.0159123881278609,-294.58320092283554,157.25947068608357,156.8019508826472,0,,0.13570959551508233,157.62020616216776
linucb,1,13,5,50,59,1.0,0.1112958216626359,0.01783092812651803,0.4166666666666667,1,baseline_laissez_faire,0.975291214433346,-141.2641726407334,133.98664644888953,133.29572990615512,0,,0.07469445116789143,135.43765084352006
contextual_thompson,1,13,5,50,59,1.0,0.1112958216626359,0.01783092812651803,0.4166666666666667,3,moderate_taxation,0.975291214433346,-141.2641726407334,133.98664644888953,133.29572990615512,0,,0.07469445116789143,135.43765084352006
discretized_contextual,1,13,5,50,59,1.0,0.13135017180180647,0.013570959551508232,0.4166666666666667,3,moderate_taxation,1.2479464272183631,-81.83473926350368,159.57373997782403,157.7384848690026,0,,0.05684927718451349,162.1885151574448
linucb,1,13,6,60,69,1.0,0.11286470903626672,0.007469445116789143,0.5,1,baseline_laissez_faire,1.101664809095548,-56.84713157313192,139.0214328802416,135.970011421189,0,,0.03128979599763559,142.4783317668058
contextual_thompson,1,13,6,60,69,1.0,0.11286470903626672,0.007469445116789143,0.5,3,moderate_taxation,1.101664809095548,-56.84713157313192,139.0214328802416,135.970011421189,0,,0.03128979599763559,142.4783317668058
discretized_contextual,1,13,6,60,69,1.0,0.13515709596453734,0.005684927718451349,0.5,10,moderate_marine_reserve,1.3482125493699308,-49.00441821769517,167.66603611051514,163.09194267809258,0,,0.023814383236021582,172.5647939783077
linucb,1,13,7,70,79,1.0,0.11873194313900484,0.0031289795997635587,0.5833333333333334,1,baseline_laissez_faire,1.2085772615855033,-21.88790406175077,147.65581987767047,143.3529819398994,0,,0.013107417194525321,152.1970355458096
contextual_thompson,1,13,7,70,79,1.0,0.11873194313900484,0.0031289795997635587,0.5833333333333334,1,baseline_laissez_faire,1.2085772615855033,-21.88790406175077,147.65581987767047,143.3529819398994,0,,0.013107417194525321,152.1970355458096
discretized_contextual,1,13,7,70,79,1.0,0.1438039949819231,0.002381438323602158,0.5833333333333334,10,moderate_marine_reserve,1.4756691001596849,-19.00737231349513,179.3611766967816,173.74148164370706,0,,0.009975937725143113,185.1988063458959
linucb,1,13,8,80,89,1.0,0.12683086295484133,0.001310741719452532,0.6666666666666666,1,baseline_laissez_faire,1.3115337801899642,-8.14117716618676,158.36099488273814,153.27203860706987,0,,0.0054907480229120205,163.62160534412453
contextual_thompson,1,13,8,80,89,1.0,0.12683086295484133,0.001310741719452532,0.6666666666666666,10,moderate_marine_reserve,1.3086932462031609,-11.994757857353237,158.4825604872617,153.2989698926189,0,,0.0054907480229120205,163.82206821936398
discretized_contextual,1,13,8,80,89,1.0,0.1543323386215799,0.0009975937725143114,0.6666666666666666,3,moderate_taxation,1.603150992304127,-3.64183221767696,192.81513894261647,186.53328961305792,0,,0.004178959098357031,199.2883149400295
linucb,1,13,9,90,99,1.0,0.13635133778677044,0.0005490748022912021,0.75,1,baseline_laissez_faire,1.4181863965330028,-2.91646998330061,170.5323439819564,164.84038128230148,0,,0.002300095694192487,176.37148253149712
contextual_thompson,1,13,9,90,99,1.0,0.13651839018280332,0.0005490748022912021,0.75,1,baseline_laissez_faire,1.4199352331310249,-2.907943287324507,170.74118117020194,165.04232098052134,0,,0.002300095694192487,176.58739517006404
discretized_contextual,1,13,9,90,99,1.0,0.16607359578335792,0.00041789590983570314,0.75,3,moderate_taxation,1.7301671588406782,-1.0607203988287828,207.74734550874084,200.78291495995782,0,,0.001750582213612453,214.8825302259108
linucb,1,13,10,100,109,1.0,0.14697623544291427,0.00023000956941924872,0.8333333333333334,1,baseline_laissez_faire,1.5318919459389224,-0.9929179127003035,183.94618366219476,177.71323267572186,0,,0.0009635190288038445,190.32071986055433
contextual_thompson,1,13,10,100,109,1.0,0.14715616264172005,0.00023000956941924872,0.8333333333333334,3,moderate_taxation,1.533771519537579,-0.9890688416158478,184.1712706055034,177.93077086195308,0,,0.0009635190288038445,190.5535248519811
discretized_contextual,1,13,10,100,109,1.0,0.179068775188259,0.0001750582213612453,0.8333333333333334,3,moderate_taxation,1.8674196705179615,-0.22777588108152663,224.1176935678852,216.519735610804,0,,0.0007333256953438734,231.8836798778153
linucb,1,13,11,110,119,1.0,0.15860059988379527,9.635190288038446e-05,0.9166666666666666,1,baseline_laissez_faire,1.6542505010857051,-0.3113949694851262,198.5474275266228,191.78061200060938,0,,0.00040362186721671755,205.459087645376
contextual_thompson,1,13,11,110,119,1.0,0.15879460404331758,9.635190288038446e-05,0.9166666666666666,1,baseline_laissez_faire,1.6562752220720085,-0.30964897207895703,198.7901845252905,192.0151838125253,0,,0.00040362186721671755,205.7102015544454
discretized_contextual,1,13,11,110,119,1.0,0.19323639989817942,7.333256953438734e-05,0.9166666666666666,3,moderate_taxation,2.0157918818603524,0.003322525326654696,241.89462712020313,233.6610558481889,0,,0.00031351607799013704,250.2997973414159
linucb,1,14,0,0,9,1.0,0.8333333333333334,0.1,0.0,3,moderate_taxation,10.118290610614807,2917.3699619718477,864.1104778371554,739.8811269985001,0,,1.4853708961653926,739.8811269985001
contextual_thompson,1,14,0,0,9,1.0,0.8333333333333334,0.1,0.0,3,moderate_taxation,10.118290610614807,2917.3699619718477,864.1104778371554,739.8811269985001,0,,1.4853708961653926,739.8811269985001
discretized_contextual,1,14,0,0,9,1.0,0.8333333333333334,0.1,0.0,1,baseline_laissez_faire,10.490521369403732,3448.0349987194627,845.0983644821124,685.0617923614428,0,,2.0946658360156425,685.0617923614428
linucb,1,14,1,10,19,1.0,0.6165676058320835,0.14853708961653928,0.08333333333333333,3,moderate_taxation,8.091235544999945,3463.7698951987013,555.2958779761493,396.1874607197347,0,,1.852135913276932,396.1874607197347
contextual_thompson,1,14,1,10,19,1.0,0.6165676058320835,0.14853708961653928,0.08333333333333333,3,moderate_taxation,8.091235544999945,3463.7698951987013,555.2958779761493,396.1874607197347,0,,1.852135913276932,396.1874607197347
discretized_contextual,1,14,1,10,19,1.0,0.570884826967869,0.20946658360156425,0.08333333333333333,4,high_taxation,7.324214420796293,3594.777460708412,447.5324352105458,278.56464632792336,0,,1.8461516924318044,278.56464632792336
linucb,1,14,2,20,29,1.0,0.33015621726644556,0.1852135913276932,0.16666666666666666,3,moderate_taxation,2.9053361526327284,765.8368160274092,256.7399203926382,185.10785301335062,0,,1.0161203923383744,185.10785301335062
contextual_thompson,1,14,2,20,29,1.0,0.33015621726644556,0.1852135913276932,0.16666666666666666,3,moderate_taxation,2.9053361526327284,765.8368160274092,256.7399203926382,185.10785301335062,0,,1.0161203923383744,185.10785301335062
discretized_contextual,1,14,2,20,29,1.0,0.23213720527326948,0.18461516924318044,0.16666666666666666,10,moderate_marine_reserve,0.8526458376843136,-922.1824393109827,212.97939323943552,180.9078880858866,0,,0.7733601215844041,180.9078880858866
linucb,1,14,3,30,39,1.0,0.1542565441777922,0.10161203923383744,0.25,3,moderate_taxation,0.6945658190452897,-587.7337612317224,153.87594963324145,138.1876946879523,0,,0.425656782909363,138.1876946879523
contextual_thompson,1,14,3,30,39,1.0,0.1542565441777922,0.10161203923383744,0.25,3,moderate_taxation,0.6945658190452897,-587.7337612317224,153.87594963324145,138.1876946879523,0,,0.425656782909363,138.1876946879523
discretized_contextual,1,14,3,30,39,1.0,0.1507565734049055,0.07733601215844041,0.25,10,moderate_marine_reserve,0.7350533058733437,-648.9918770593276,166.08542195192055,158.95570629947775,0,,0.3239635616666084,158.95570629947775
linucb,1,14,4,40,49,1.0,0.11515641223996025,0.0425656782909363,0.3333333333333333,10,moderate_marine_reserve,0.6809649818485791,-440.28658656964996,134.5501882101875,133.49502007441757,0,,0.1783092812651803,133.55498599516307
contextual_thompson,1,14,4,40,49,1.0,0.11515641223996025,0.0425656782909363,0.3333333333333333,3,moderate_taxation,0.7542938581752301,-339.44227085083014,131.24833548312722,128.2992818432063,0,,0.1783092812651803,128.2992818432063
discretized_contextual,1,14,4,40,49,1.0,0.13246308858289813,0.03239635616666084,0.3333333333333333,10,moderate_marine_reserve,1.0159123881278609,-294.58320092283554,157.25947068608357,156.8019508826472,0,,0.13570959551508233,157.62020616216776
linucb,1,14,5,50,59,1.0,0.1112958216626359,0.01783092812651803,0.4166666666666667,1,baseline_laissez_faire,0.975291214433346,-141.2641726407334,133.98664644888953,133.29572990615512,0,,0.07469445116789143,135.43765084352006
contextual_thompson,1,14,5,50,59,1.0,0.10691606820267192,0.01783092812651803,0.4166666666666667,1,baseline_laissez_faire,0.9244151080734687,-148.3157918370445,128.7277079892616,128.0561653727147,0,,0.07469445116789143,130.13047489823884
discretized_contextual,1,14,5,50,59,1.0,0.13135017180180647,0.013570959551508232,0.4166666666666667,10,moderate_marine_reserve,1.2186653989657112,-121.7150528880201,160.84565422244773,158.0272576237168,0,,0.05684927718451349,164.26412659413666
linucb,1,14,6,60,69,1.0,0.11286470903626672,0.007469445116789143,0.5,1,baseline_laissez_faire,1.101664809095548,-56.84713157313192,139.0214328802416,135.970011421189,0,,0.03128979599763559,142.4783317668058
contextual_thompson,1,14,6,60,69,1.0,0.10844206241519903,0.007469445116789143,0.5,1,baseline_laissez_faire,1.053289292352996,-59.88260528028704,133.58062771599396,130.64343325662372,0,,0.03128979599763559,136.90672913185583
discretized_contextual,1,14,6,60,69,1.0,0.13688677216178055,0.005684927718451349,0.5,10,moderate_marine_reserve,1.3667571529025775,-48.3231499071157,169.80963633716323,165.17868267640802,0,,0.023814383236021582,174.7695570063254
linucb,1,14,7,70,79,1.0,0.11873194313900484,0.0031289795997635587,0.5833333333333334,1,baseline_laissez_faire,1.2085772615855033,-21.88790406175077,147.65581987767047,143.3529819398994,0,,0.013107417194525321,152.1970355458096
contextual_thompson,1,14,7,70,79,1.0,0.11408894094321319,0.0031289795997635587,0.5833333333333334,10,moderate_marine_reserve,1.1530842822921425,-31.464790901638857,142.14588878325378,137.80581452879383,0,,0.013107417194525321,146.68068635302998
discretized_contextual,1,14,7,70,79,1.0,0.1456412975052712,0.002381438323602158,0.5833333333333334,4,high_taxation,1.50096353773063,-10.688432650477615,181.3982364457329,175.9048088944847,0,,0.009975937725143113,187.14544934440838
linucb,1,14,8,80,89,1.0,0.12683086295484133,0.001310741719452532,0.6666666666666666,1,baseline_laissez_faire,1.3115337801899642,-8.14117716618676,158.36099488273814,153.27203860706987,0,,0.0054907480229120205,163.62160534412453
contextual_thompson,1,14,8,80,89,1.0,0.12223390529419165,0.001310741719452532,0.6666666666666666,1,baseline_laissez_faire,1.263166519994468,-8.700605236106883,152.62405502766902,147.7172533295773,0,,0.0054907480229120205,157.69626698688222
discretized_contextual,1,14,8,80,89,1.0,0.15595454112034032,0.0009975937725143114,0.6666666666666666,3,moderate_taxation,1.6201814831133372,-3.4915201137963052,194.840760387256,188.49376576024417,0,,0.004178959098357031,201.38107516897352
linucb,1,14,9,90,99,1.0,0.13635133778677044,0.0005490748022912021,0.75,1,baseline_laissez_faire,1.4181863965330028,-2.91646998330061,170.5323439819564,164.84038128230148,0,,0.002300095694192487,176.37148253149712
contextual_thompson,1,14,9,90,99,1.0,0.13141355582240186,0.0005490748022912021,0.75,1,baseline_laissez_faire,1.3664930459994795,-3.1685069783332156,164.35938635733748,158.87137544982306,0,,0.002300095694192487,169.9893084979707
discretized_contextual,1,14,9,90,99,1.0,0.16781756264081127,0.00041789590983570314,0.75,3,moderate_taxation,1.7484064644121233,-0.9917699574117989,209.9277881243442,202.8911713099548,0,,0.001750582213612453,217.13691679114925
linucb,1,14,10,100,109,1.0,0.14697623544291427,0.00023000956941924872,0.8333333333333334,1,baseline_laissez_faire,1.5318919459389224,-0.9929179127003035,183.94618366219476,177.71323267572186,0,,0.0009635190288038445,190.32071986055433
contextual_thompson,1,14,10,100,109,1.0,0.14165775708164227,0.00023000956941924872,0.8333333333333334,10,moderate_marine_reserve,1.4757740114206546,-1.8643094371267321,177.31659850293374,171.28826982754805,0,,0.0009635190288038445,183.47843564740478
discretized_contextual,1,14,10,100,109,1.0,0.18094743065929103,0.0001750582213612453,0.8333333333333334,1,baseline_laissez_faire,1.887034360769253,-0.19662329513568255,226.46771808772664,218.79108352650613,0,,0.0007333256953438734,234.314089926828
linucb,1,14,11,110,119,1.0,0.15860059988379527,9.635190288038446e-05,0.9166666666666666,1,baseline_laissez_faire,1.6542505010857051,-0.3113949694851262,198.5474275266228,191.78061200060938,0,,0.00040362186721671755,205.459087645376
contextual_thompson,1,14,11,110,119,1.0,0.15289869637283732,9.635190288038446e-05,0.9166666666666666,1,baseline_laissez_faire,1.594741826234875,-0.3625665450496302,191.41252713359094,184.886379658192,0,,0.00040362186721671755,198.07846211228514
discretized_contextual,1,14,11,110,119,1.0,0.19526174160569,7.333256953438734e-05,0.9166666666666666,3,moderate_taxation,2.0369155784296096,0.01754188979255479,244.42776438477804,236.10985296517268,0,,0.00031677583850545825,252.9181594391146
linucb,1,15,0,0,9,1.0,0.8333333333333334,0.1,0.0,3,moderate_taxation,10.118290610614807,2917.3699619718477,864.1104778371554,739.8811269985001,0,,1.4853708961653926,739.8811269985001
contextual_thompson,1,15,0,0,9,1.0,0.8333333333333334,0.1,0.0,3,moderate_taxation,10.118290610614807,2917.3699619718477,864.1104778371554,739.8811269985001,0,,1.4853708961653926,739.8811269985001
discretized_contextual,1,15,0,0,9,1.0,0.8333333333333334,0.1,0.0,1,baseline_laissez_faire,10.490521369403732,3448.0349987194627,845.0983644821124,685.0617923614428,0,,2.0946658360156425,685.0617923614428
linucb,1,15,1,10,19,1.0,0.6165676058320835,0.14853708961653928,0.08333333333333333,3,moderate_taxation,8.091235544999945,3463.7698951987013,555.2958779761493,396.1874607197347,0,,1.852135913276932,396.1874607197347
contextual_thompson,1,15,1,10,19,1.0,0.6165676058320835,0.14853708961653928,0.08333333333333333,3,moderate_taxation,8.091235544999945,3463.7698951987013,555.2958779761493,396.1874607197347,0,,1.852135913276932,396.1874607197347
discretized_contextual,1,15,1,10,19,1.0,0.570884826967869,0.20946658360156425,0.08333333333333333,4,high_taxation,7.324214420796293,3594.777460708412,447.5324352105458,278.56464632792336,0,,1.8461516924318044,278.56464632792336
linucb,1,15,2,20,29,1.0,0.33015621726644556,0.1852135913276932,0.16666666666666666,3,moderate_taxation,2.9053361526327284,765.8368160274092,256.7399203926382,185.10785301335062,0,,1.0161203923383744,185.10785301335062
contextual_thompson,1,15,2,20,29,1.0,0.33015621726644556,0.1852135913276932,0.16666666666666666,3,moderate_taxation,2.9053361526327284,765.8368160274092,256.7399203926382,185.10785301335062,0,,1.0161203923383744,185.10785301335062
discretized_contextual,1,15,2,20,29,1.0,0.23213720527326948,0.18461516924318044,0.16666666666666666,10,moderate_marine_reserve,0.8526458376843136,-922.1824393109827,212.97939323943552,180.9078880858866,0,,0.7733601215844041,180.9078880858866
linucb,1,15,3,30,39,1.0,0.1542565441777922,0.10161203923383744,0.25,3,moderate_taxation,0.6945658190452897,-587.7337612317224,153.87594963324145,138.1876946879523,0,,0.425656782909363,138.1876946879523
contextual_thompson,1,15,3,30,39,1.0,0.1542565441777922,0.10161203923383744,0.25,3,moderate_taxation,0.6945658190452897,-587.7337612317224,153.87594963324145,138.1876946879523,0,,0.425656782909363,138.1876946879523
discretized_contextual,1,15,3,30,39,1.0,0.1507565734049055,0.07733601215844041,0.25,10,moderate_marine_reserve,0.7350533058733437,-648.9918770593276,166.08542195192055,158.95570629947775,0,,0.3239635616666084,158.95570629947775
linucb,1,15,4,40,49,1.0,0.11515641223996025,0.0425656782909363,0.3333333333333333,10,moderate_marine_reserve,0.6809649818485791,-440.28658656964996,134.5501882101875,133.49502007441757,0,,0.1783092812651803,133.55498599516307
contextual_thompson,1,15,4,40,49,1.0,0.11515641223996025,0.0425656782909363,0.3333333333333333,3,moderate_taxation,0.7542938581752301,-339.44227085083014,131.24833548312722,128.2992818432063,0,,0.1783092812651803,128.2992818432063
discretized_contextual,1,15,4,40,49,1.0,0.13246308858289813,0.03239635616666084,0.3333333333333333,10,moderate_marine_reserve,1.0159123881278609,-294.58320092283554,157.25947068608357,156.8019508826472,0,,0.13570959551508233,157.62020616216776
linucb,1,15,5,50,59,1.0,0.1112958216626359,0.01783092812651803,0.4166666666666667,1,baseline_laissez_faire,0.975291214433346,-141.2641726407334,133.98664644888953,133.29572990615512,0,,0.07469445116789143,135.43765084352006
contextual_thompson,1,15,5,50,59,1.0,0.10691606820267192,0.01783092812651803,0.4166666666666667,10,moderate_marine_reserve,0.893714869714485,-190.17372940404363,130.0666318942234,128.43527188673806,0,,0.07469445116789143,132.30960058053947
discretized_contextual,1,15,5,50,59,1.0,0.13135017180180647,0.013570959551508232,0.4166666666666667,11,strong_marine_reserve,1.2011132191696947,-145.57945334722535,161.6031207020304,158.1975748169551,0,,0.05684927718451349,165.5058900863079
linucb,1,15,6,60,69,1.0,0.11286470903626672,0.007469445116789143,0.5,1,baseline_laissez_faire,1.101664809095548,-56.84713157313192,139.0214328802416,135.970011421189,0,,0.03128979599763559,142.4783317668058
contextual_thompson,1,15,6,60,69,1.0,0.11025800048378288,0.007469445116789143,0.5,1,baseline_laissez_faire,1.0731524144343183,-58.636233955148725,135.81463780673604,132.83052832755368,0,,0.03128979599763559,139.19445864627963
discretized_contextual,1,15,6,60,69,1.0,0.13792157507192324,0.005684927718451349,0.5,11,strong_marine_reserve,1.3698935806100716,-58.72134878240525,171.43379152709724,166.50315590582332,0,,0.023814383236021582,176.65071813412865
linucb,1,15,7,70,79,1.0,0.11873194313900484,0.0031289795997635587,0.5833333333333334,1,baseline_laissez_faire,1.2085772615855033,-21.88790406175077,147.65581987767047,143.3529819398994,0,,0.013107417194525321,152.1970355458096
contextual_thompson,1,15,7,70,79,1.0,0.11599538220523302,0.0031289795997635587,0.5833333333333334,1,baseline_laissez_faire,1.1794445289593922,-22.680478585326714,144.25500090536627,140.04942860929157,0,,0.013107417194525321,148.6933260277919
discretized_contextual,1,15,7,70,79,1.0,0.14720893177844055,0.002381438323602158,0.5833333333333334,10,moderate_marine_reserve,1.5116006140273697,-18.443239400774115,183.60526241137723,177.85474067713918,0,,0.009975937725143113,189.57893598563214
linucb,1,15,8,80,89,1.0,0.12683086295484133,0.001310741719452532,0.6666666666666666,1,baseline_laissez_faire,1.3115337801899642,-8.14117716618676,158.36099488273814,153.27203860706987,0,,0.0054907480229120205,163.62160534412453
contextual_thompson,1,15,8,80,89,1.0,0.12391110502315991,0.001310741719452532,0.6666666666666666,1,baseline_laissez_faire,1.2808134567652236,-8.496496779567064,154.71719442537488,149.7439193457701,0,,0.0054907480229120205,159.8581586903261
discretized_contextual,1,15,8,80,89,1.0,0.15798244665469346,0.0009975937725143114,0.6666666666666666,3,moderate_taxation,1.6414712847115744,-3.3032929546156353,197.3729493199428,190.94454069573237,0,,0.004178959098357031,203.9971568586088
linucb,1,15,9,90,99,1.0,0.13635133778677044,0.0005490748022912021,0.75,1,baseline_laissez_faire,1.4181863965330028,-2.91646998330061,170.5323439819564,164.84038128230148,0,,0.002300095694192487,176.37148253149712
contextual_thompson,1,15,9,90,99,1.0,0.1332151322419384,0.0005490748022912021,0.75,10,moderate_marine_reserve,1.3841009643636057,-4.775790853774911,166.66521062608567,161.06105235925946,0,,0.002300095694192487,172.4063051255729
discretized_contextual,1,15,9,90,99,1.0,0.16999763071550733,0.00041789590983570314,0.75,3,moderate_taxation,1.771206531539826,-0.905503983569554,212.65344426280743,205.52661527328752,0,,0.001750582213612453,219.95498081716264
linucb,1,15,10,100,109,1.0,0.14697623544291427,0.00023000956941924872,0.8333333333333334,1,baseline_laissez_faire,1.5318919459389224,-0.9929179127003035,183.94618366219476,177.71323267572186,0,,0.0009635190288038445,190.32071986055433
contextual_thompson,1,15,10,100,109,1.0,0.14367192093797743,0.00023000956941924872,0.8333333333333334,1,baseline_laissez_faire,1.497373744012507,-1.0636055451703572,179.81248194692128,173.71819561730663,0,,0.0009635190288038445,186.04524246026472
discretized_contextual,1,15,10,100,109,1.0,0.18329581734763553,0.0001750582213612453,0.8333333333333334,3,moderate_taxation,1.9115531342228747,-0.15768176638252426,229.40529791871086,221.6303438926236,0,,0.0007333256953438734,237.35212368304846
linucb,1,15,11,110,119,1.0,0.15860059988379527,9.635190288038446e-05,0.9166666666666666,1,baseline_laissez_faire,1.6542505010857051,-0.3113949694851262,198.5474275266228,191.78061200060938,0,,0.00040362186721671755,205.459087645376
contextual_thompson,1,15,11,110,119,1.0,0.1550377020502206,9.635190288038446e-05,0.9166666666666666,1,baseline_laissez_faire,1.6170660455261334,-0.3433943403350751,194.0891327839762,187.47267880654033,0,,0.00040362186721671755,200.84727356788116
discretized_contextual,1,15,11,110,119,1.0,0.19779343640254038,7.333256953438734e-05,0.9166666666666666,3,moderate_taxation,2.0633150732527152,0.03550619223812987,247.5935480472573,239.17086379449032,0,,0.0003218711012621975,256.19006514891197
linucb,1,16,0,0,9,1.0,0.8333333333333334,0.1,0.0,3,moderate_taxation,10.118290610614807,2917.3699619718477,864.1104778371554,739.8811269985001,0,,1.4853708961653926,739.8811269985001
contextual_thompson,1,16,0,0,9,1.0,0.8333333333333334,0.1,0.0,3,moderate_taxation,10.118290610614807,2917.3699619718477,864.1104778371554,739.8811269985001,0,,1.4853708961653926,739.8811269985001
discretized_contextual,1,16,0,0,9,1.0,0.8333333333333334,0.1,0.0,1,baseline_laissez_faire,10.490521369403732,3448.0349987194627,845.0983644821124,685.0617923614428,0,,2.0946658360156425,685.0617923614428
linucb,1,16,1,10,19,1.0,0.6165676058320835,0.14853708961653928,0.08333333333333333,3,moderate_taxation,8.091235544999945,3463.7698951987013,555.2958779761493,396.1874607197347,0,,1.852135913276932,396.1874607197347
contextual_thompson,1,16,1,10,19,1.0,0.6165676058320835,0.14853708961653928,0.08333333333333333,3,moderate_taxation,8.091235544999945,3463.7698951987013,555.2958779761493,396.1874607197347,0,,1.852135913276932,396.1874607197347
discretized_contextual,1,16,1,10,19,1.0,0.570884826967869,0.20946658360156425,0.08333333333333333,4,high_taxation,7.324214420796293,3594.777460708412,447.5324352105458,278.56464632792336,0,,1.8461516924318044,278.56464632792336
linucb,1,16,2,20,29,1.0,0.33015621726644556,0.1852135913276932,0.16666666666666666,3,moderate_taxation,2.9053361526327284,765.8368160274092,256.7399203926382,185.10785301335062,0,,1.0161203923383744,185.10785301335062
contextual_thompson,1,16,2,20,29,1.0,0.33015621726644556,0.1852135913276932,0.16666666666666666,3,moderate_taxation,2.9053361526327284,765.8368160274092,256.7399203926382,185.10785301335062,0,,1.0161203923383744,185.10785301335062
discretized_contextual,1,16,2,20,29,1.0,0.23213720527326948,0.18461516924318044,0.16666666666666666,3,moderate_taxation,1.1968554466780579,-380.7187596209983,189.30890475588677,147.72801219854847,0,,0.8000604669676821,147.72801219854847
linucb,1,16,3,30,39,1.0,0.1542565441777922,0.10161203923383744,0.25,3,moderate_taxation,0.6945658190452897,-587.7337612317224,153.87594963324145,138.1876946879523,0,,0.425656782909363,138.1876946879523
contextual_thompson,1,16,3,30,39,1.0,0.1542565441777922,0.10161203923383744,0.25,3,moderate_taxation,0.6945658190452897,-587.7337612317224,153.87594963324145,138.1876946879523,0,,0.425656782909363,138.1876946879523
discretized_contextual,1,16,3,30,39,1.0,0.12310667683212373,0.08000604669676821,0.25,10,moderate_marine_reserve,0.3141015768446787,-813.2292303759971,135.27969686648112,129.26997828917587,0,,0.3351484401555249,129.26997828917587
linucb,1,16,4,40,49,1.0,0.11515641223996025,0.0425656782909363,0.3333333333333333,10,moderate_marine_reserve,0.6809649818485791,-440.28658656964996,134.5501882101875,133.49502007441757,0,,0.1783092812651803,133.55498599516307
contextual_thompson,1,16,4,40,49,1.0,0.11515641223996025,0.0425656782909363,0.3333333333333333,3,moderate_taxation,0.7542938581752301,-339.44227085083014,131.24833548312722,128.2992818432063,0,,0.1783092812651803,128.2992818432063
discretized_contextual,1,16,4,40,49,1.0,0.10772498190764655,0.03351484401555249,0.3333333333333333,10,moderate_marine_reserve,0.7046957075105886,-359.88914986574406,127.75018288515992,127.36016265890919,0,,0.14039498459960623,127.95802326661297
linucb,1,16,5,50,59,1.0,0.1112958216626359,0.01783092812651803,0.4166666666666667,1,baseline_laissez_faire,0.975291214433346,-141.2641726407334,133.98664644888953,133.29572990615512,0,,0.07469445116789143,135.43765084352006
contextual_thompson,1,16,5,50,59,1.0,0.10691606820267192,0.01783092812651803,0.4166666666666667,10,moderate_marine_reserve,0.893714869714485,-190.17372940404363,130.0666318942234,128.43527188673806,0,,0.07469445116789143,132.30960058053947
discretized_contextual,1,16,5,50,59,1.0,0.10663168605551081,0.014039498459960623,0.4166666666666667,10,moderate_marine_reserve,0.9381254049780196,-149.56712402171368,130.52310347996797,128.27559873173823,0,,0.0588120048882726,133.26790021443483
linucb,1,16,6,60,69,1.0,0.11286470903626672,0.007469445116789143,0.5,1,baseline_laissez_faire,1.101664809095548,-56.84713157313192,139.0214328802416,135.970011421189,0,,0.03128979599763559,142.4783317668058
contextual_thompson,1,16,6,60,69,1.0,0.11025800048378288,0.007469445116789143,0.5,1,baseline_laissez_faire,1.0731524144343183,-58.636233955148725,135.81463780673604,132.83052832755368,0,,0.03128979599763559,139.19445864627963
discretized_contextual,1,16,6,60,69,1.0,0.11105658351202903,0.00588120048882726,0.5,10,moderate_marine_reserve,1.087405335343626,-60.52722245325436,137.75190693562564,134.0060739823053,0,,0.02463657750198508,141.7681773175257
linucb,1,16,7,70,79,1.0,0.11873194313900484,0.0031289795997635587,0.5833333333333334,1,baseline_laissez_faire,1.2085772615855033,-21.88790406175077,147.65581987767047,143.3529819398994,0,,0.013107417194525321,152.1970355458096
contextual_thompson,1,16,7,70,79,1.0,0.11599538220523302,0.0031289795997635587,0.5833333333333334,1,baseline_laissez_faire,1.1794445289593922,-22.680478585326714,144.25500090536627,140.04942860929157,0,,0.013107417194525321,148.6933260277919
discretized_contextual,1,16,7,70,79,1.0,0.11814014776460474,0.0024636577501985077,0.5833333333333334,10,moderate_marine_reserve,1.2038521693947404,-24.06463178584139,147.3500161416698,142.73399582603906,0,,0.010320358099751643,152.14708837345313
linucb,1,16,8,80,89,1.0,0.12683086295484133,0.001310741719452532,0.6666666666666666,1,baseline_laissez_faire,1.3115337801899642,-8.14117716618676,158.36099488273814,153.27203860706987,0,,0.0054907480229120205,163.62160534412453
contextual_thompson,1,16,8,80,89,1.0,0.12391110502315991,0.001310741719452532,0.6666666666666666,1,baseline_laissez_faire,1.2808134567652236,-8.496496779567064,154.71719442537488,149.7439193457701,0,,0.0054907480229120205,159.8581586903261
discretized_contextual,1,16,8,80,89,1.0,0.12678924031121094,0.0010320358099751644,0.6666666666666666,3,moderate_taxation,1.3136535691564941,-6.408627565708043,158.40746360666427,153.24352702759492,0,,0.004323238132347212,163.7303087804918
linucb,1,16,9,90,99,1.0,0.13635133778677044,0.0005490748022912021,0.75,1,baseline_laissez_faire,1.4181863965330028,-2.91646998330061,170.5323439819564,164.84038128230148,0,,0.002300095694192487,176.37148253149712
contextual_thompson,1,16,9,90,99,1.0,0.1332151322419384,0.0005490748022912021,0.75,10,moderate_marine_reserve,1.3841009643636057,-4.775790853774911,166.66521062608567,161.06105235925946,0,,0.002300095694192487,172.4063051255729
discretized_contextual,1,16,9,90,99,1.0,0.13644192398374316,0.00043232381323472124,0.75,3,moderate_taxation,1.4201265004390067,-2.291657623404481,170.69017896748932,164.95974100888594,0,,0.0018110212618911736,176.56217043353433
linucb,1,16,10,100,109,1.0,0.14697623544291427,0.00023000956941924872,0.8333333333333334,1,baseline_laissez_faire,1.5318919459389224,-0.9929179127003035,183.94618366219476,177.71323267572186,0,,0.0009635190288038445,190.32071986055433
contextual_thompson,1,16,10,100,109,1.0,0.14367192093797743,0.00023000956941924872,0.8333333333333334,1,baseline_laissez_faire,1.497373744012507,-1.0636055451703572,179.81248194692128,173.71819561730663,0,,0.0009635190288038445,186.04524246026472
discretized_contextual,1,16,10,100,109,1.0,0.14713514202794528,0.00018110212618911736,0.8333333333333334,3,moderate_taxation,1.533931061649302,-0.7789181336003197,184.16519757394826,177.90982359779505,0,,0.0007586438476478741,190.55971744244073
linucb,1,16,11,110,119,1.0,0.15860059988379527,9.635190288038446e-05,0.9166666666666666,1,baseline_laissez_faire,1.6542505010857051,-0.3113949694851262,198.5474275266228,191.78061200060938,0,,0.00040362186721671755,205.459087645376
contextual_thompson,1,16,11,110,119,1.0,0.1550377020502206,9.635190288038446e-05,0.9166666666666666,10,moderate_marine_reserve,1.6168098152505896,-0.6908636232868915,194.10008146486518,187.4750987913133,0,,0.00040362186721671755,200.86534520944622
discretized_contextual,1,16,11,110,119,1.0,0.15879976453536726,7.586438476478742e-05,0.9166666666666666,3,moderate_taxation,1.6564714014806623,-0.24373335547421102,198.80581618033636,192.02344966120958,0,,0.0003177988572994212,205.73203020340046
linucb,1,17,0,0,9,1.0,0.8333333333333334,0.1,0.0,3,moderate_taxation,10.118290610614807,2917.3699619718477,864.1104778371554,739.8811269985001,0,,1.4853708961653926,739.8811269985001
contextual_thompson,1,17,0,0,9,1.0,0.8333333333333334,0.1,0.0,3,moderate_taxation,10.118290610614807,2917.3699619718477,864.1104778371554,739.8811269985001,0,,1.4853708961653926,739.8811269985001
discretized_contextual,1,17,0,0,9,1.0,0.8333333333333334,0.1,0.0,1,baseline_laissez_faire,10.490521369403732,3448.0349987194627,845.0983644821124,685.0617923614428,0,,2.0946658360156425,685.0617923614428
linucb,1,17,1,10,19,1.0,0.6165676058320835,0.14853708961653928,0.08333333333333333,3,moderate_taxation,8.091235544999945,3463.7698951987013,555.2958779761493,396.1874607197347,0,,1.852135913276932,396.1874607197347
contextual_thompson,1,17,1,10,19,1.0,0.6165676058320835,0.14853708961653928,0.08333333333333333,3,moderate_taxation,8.091235544999945,3463.7698951987013,555.2958779761493,396.1874607197347,0,,1.852135913276932,396.1874607197347
discretized_contextual,1,17,1,10,19,1.0,0.570884826967869,0.20946658360156425,0.08333333333333333,4,high_taxation,7.324214420796293,3594.777460708412,447.5324352105458,278.56464632792336,0,,1.8461516924318044,278.56464632792336
linucb,1,17,2,20,29,1.0,0.33015621726644556,0.1852135913276932,0.16666666666666666,3,moderate_taxation,2.9053361526327284,765.8368160274092,256.7399203926382,185.10785301335062,0,,1.0161203923383744,185.10785301335062
contextual_thompson,1,17,2,20,29,1.0,0.33015621726644556,0.1852135913276932,0.16666666666666666,3,moderate_taxation,2.9053361526327284,765.8368160274092,256.7399203926382,185.10785301335062,0,,1.0161203923383744,185.10785301335062
discretized_contextual,1,17,2,20,29,1.0,0.23213720527326948,0.18461516924318044,0.16666666666666666,10,moderate_marine_reserve,0.8526458376843136,-922.1824393109827,212.97939323943552,180.9078880858866,0,,0.7733601215844041,180.9078880858866
linucb,1,17,3,30,39,1.0,0.1542565441777922,0.10161203923383744,0.25,3,moderate_taxation,0.6945658190452897,-587.7337612317224,153.87594963324145,138.1876946879523,0,,0.425656782909363,138.1876946879523
contextual_thompson,1,17,3,30,39,1.0,0.1542565441777922,0.10161203923383744,0.25,3,moderate_taxation,0.6945658190452897,-587.7337612317224,153.87594963324145,138.1876946879523,0,,0.425656782909363,138.1876946879523
discretized_contextual,1,17,3,30,39,1.0,0.1507565734049055,0.07733601215844041,0.25,3,moderate_taxation,0.890343524104712,-432.71921034532807,158.76752813400478,147.66760769922038,0,,0.3239635616666084,147.66760769922038
linucb,1,17,4,40,49,1.0,0.11515641223996025,0.0425656782909363,0.3333333333333333,10,moderate_marine_reserve,0.6809649818485791,-440.28658656964996,134.5501882101875,133.49502007441757,0,,0.1783092812651803,133.55498599516307
contextual_thompson,1,17,4,40,49,1.0,0.11515641223996025,0.0425656782909363,0.3333333333333333,10,moderate_marine_reserve,0.6809649818485791,-440.28658656964996,134.5501882101875,133.49502007441757,0,,0.1783092812651803,133.55498599516307
discretized_contextual,1,17,4,40,49,1.0,0.12305633974935032,0.03239635616666084,0.3333333333333333,10,moderate_marine_reserve,0.9027978454209333,-314.9961036435519,146.13527388773824,145.71554821496045,0,,0.13570959551508233,146.49786793733935
linucb,1,17,5,50,59,1.0,0.1112958216626359,0.01783092812651803,0.4166666666666667,1,baseline_laissez_faire,0.975291214433346,-141.2641726407334,133.98664644888953,133.29572990615512,0,,0.07469445116789143,135.43765084352006
contextual_thompson,1,17,5,50,59,1.0,0.1112958216626359,0.01783092812651803,0.4166666666666667,10,moderate_marine_reserve,0.9431278284495294,-185.13079231901156,135.39103449222492,133.69613575321142,0,,0.07469445116789143,137.72138957952583
discretized_contextual,1,17,5,50,59,1.0,0.12208155661444946,0.013570959551508232,0.4166666666666667,10,moderate_marine_reserve,1.115626354054114,-130.34341719041075,149.51637254934298,146.88070556231264,0,,0.05684927718451349,152.70744643544498
linucb,1,17,6,60,69,1.0,0.11286470903626672,0.007469445116789143,0.5,1,baseline_laissez_faire,1.101664809095548,-56.84713157313192,139.0214328802416,135.970011421189,0,,0.03128979599763559,142.4783317668058
contextual_thompson,1,17,6,60,69,1.0,0.11476782464960486,0.007469445116789143,0.5,1,baseline_laissez_faire,1.1224809885734615,-55.54094830008456,141.3626324248255,138.26209193169743,0,,0.03128979599763559,144.87577935803697
discretized_contextual,1,17,6,60,69,1.0,0.12725620536287083,0.005684927718451349,0.5,10,moderate_marine_reserve,1.2635014340817796,-52.11640340342121,157.8741404982241,153.55999477143604,0,,0.023814383236021582,162.49328613153762
linucb,1,17,7,70,79,1.0,0.11873194313900484,0.0031289795997635587,0.5833333333333334,1,baseline_laissez_faire,1.2085772615855033,-21.88790406175077,147.65581987767047,143.3529819398994,0,,0.013107417194525321,152.1970355458096
contextual_thompson,1,17,7,70,79,1.0,0.12072981613169748,0.0031289795997635587,0.5833333333333334,10,moderate_marine_reserve,1.223428485672631,-30.020361312822665,150.41386163825445,145.82598903229177,0,,0.013107417194525321,155.2081160344471
discretized_contextual,1,17,7,70,79,1.0,0.13541107177628134,0.002381438323602158,0.5833333333333334,10,moderate_marine_reserve,1.3870975845751758,-20.397951053285624,168.89946427541537,163.60253588737896,0,,0.009975937725143113,174.40145080323197
linucb,1,17,8,80,89,1.0,0.12683086295484133,0.001310741719452532,0.6666666666666666,1,baseline_laissez_faire,1.3115337801899642,-8.14117716618676,158.36099488273814,153.27203860706987,0,,0.0054907480229120205,163.62160534412453
contextual_thompson,1,17,8,80,89,1.0,0.12934009669537258,0.001310741719452532,0.6666666666666666,1,baseline_laissez_faire,1.337934357929998,-7.83581947083628,161.4924212881001,156.30408860346836,0,,0.0054907480229120205,166.8558133668496
discretized_contextual,1,17,8,80,89,1.0,0.14533454233602663,0.0009975937725143114,0.6666666666666666,3,moderate_taxation,1.5086859269804864,-4.475578697796037,181.5793806813939,175.6591490444007,0,,0.004178959098357031,187.67986545788008
linucb,1,17,9,90,99,1.0,0.13635133778677044,0.0005490748022912021,0.75,1,baseline_laissez_faire,1.4181863965330028,-2.91646998330061,170.5323439819564,164.84038128230148,0,,0.002300095694192487,176.37148253149712
contextual_thompson,1,17,9,90,99,1.0,0.13904651113904132,0.0005490748022912021,0.75,10,moderate_marine_reserve,1.4450937229502876,-4.5525045690920525,173.95754730232557,168.11078004025632,0,,0.002300095694192487,179.94716072233044
discretized_contextual,1,17,9,90,99,1.0,0.15639988788156672,0.00041789590983570314,0.75,3,moderate_taxation,1.6289937195455915,-1.4395602466041717,195.65199357506347,189.08841088714126,0,,0.001750582213612453,202.37662258608887
linucb,1,17,10,100,109,1.0,0.14697623544291427,0.00023000956941924872,0.8333333333333334,1,baseline_laissez_faire,1.5318919459389224,-0.9929179127003035,183.94618366219476,177.71323267572186,0,,0.0009635190288038445,190.32071986055433
contextual_thompson,1,17,10,100,109,1.0,0.1499559672686087,0.00023000956941924872,0.8333333333333334,1,baseline_laissez_faire,1.5630188742288074,-0.929174703436755,187.67376587186928,181.3158261717344,0,,0.0009635190288038445,194.1760928922639
discretized_contextual,1,17,10,100,109,1.0,0.1686471854884074,0.0001750582213612453,0.8333333333333334,5,hard_capacity_control,1.7586060245570934,-0.40059481956574156,211.08079432519907,203.91966023730737,0,,0.0007333256953438734,218.4004540252292
linucb,1,17,11,110,119,1.0,0.15860059988379527,9.635190288038446e-05,0.9166666666666666,1,baseline_laissez_faire,1.6542505010857051,-0.3113949694851262,198.5474275266228,191.78061200060938,0,,0.00040362186721671755,205.459087645376
contextual_thompson,1,17,11,110,119,1.0,0.16181341074355327,9.635190288038446e-05,0.9166666666666666,10,moderate_marine_reserve,1.6875130637289346,-0.6453138432815304,202.57900530866596,195.6677644358994,0,,0.00040362186721671755,209.63647123061227
discretized_contextual,1,17,11,110,119,1.0,0.18200037835435767,7.333256953438734e-05,0.9166666666666666,3,moderate_taxation,1.8985702455512707,-0.07484104928864334,227.8374103920671,220.0757343528459,0,,0.00030719298486522103,235.76305586574028
linucb,1,18,0,0,9,1.0,0.8333333333333334,0.1,0.0,3,moderate_taxation,10.118290610614807,2917.3699619718477,864.1104778371554,739.8811269985001,0,,1.4853708961653926,739.8811269985001
contextual_thompson,1,18,0,0,9,1.0,0.8333333333333334,0.1,0.0,3,moderate_taxation,10.118290610614807,2917.3699619718477,864.1104778371554,739.8811269985001,0,,1.4853708961653926,739.8811269985001
discretized_contextual,1,18,0,0,9,1.0,0.8333333333333334,0.1,0.0,1,baseline_laissez_faire,10.490521369403732,3448.0349987194627,845.0983644821124,685.0617923614428,0,,2.0946658360156425,685.0617923614428
linucb,1,18,1,10,19,1.0,0.6165676058320835,0.14853708961653928,0.08333333333333333,3,moderate_taxation,8.091235544999945,3463.7698951987013,555.2958779761493,396.1874607197347,0,,1.852135913276932,396.1874607197347
contextual_thompson,1,18,1,10,19,1.0,0.6165676058320835,0.14853708961653928,0.08333333333333333,3,moderate_taxation,8.091235544999945,3463.7698951987013,555.2958779761493,396.1874607197347,0,,1.852135913276932,396.1874607197347
discretized_contextual,1,18,1,10,19,1.0,0.570884826967869,0.20946658360156425,0.08333333333333333,4,high_taxation,7.324214420796293,3594.777460708412,447.5324352105458,278.56464632792336,0,,1.8461516924318044,278.56464632792336
linucb,1,18,2,20,29,1.0,0.33015621726644556,0.1852135913276932,0.16666666666666666,3,moderate_taxation,2.9053361526327284,765.8368160274092,256.7399203926382,185.10785301335062,0,,1.0161203923383744,185.10785301335062
contextual_thompson,1,18,2,20,29,1.0,0.33015621726644556,0.1852135913276932,0.16666666666666666,3,moderate_taxation,2.9053361526327284,765.8368160274092,256.7399203926382,185.10785301335062,0,,1.0161203923383744,185.10785301335062
discretized_contextual,1,18,2,20,29,1.0,0.23213720527326948,0.18461516924318044,0.16666666666666666,10,moderate_marine_reserve,0.8526458376843136,-922.1824393109827,212.97939323943552,180.9078880858866,0,,0.7733601215844041,180.9078880858866
linucb,1,18,3,30,39,1.0,0.1542565441777922,0.10161203923383744,0.25,3,moderate_taxation,0.6945658190452897,-587.7337612317224,153.87594963324145,138.1876946879523,0,,0.425656782909363,138.1876946879523
contextual_thompson,1,18,3,30,39,1.0,0.1542565441777922,0.10161203923383744,0.25,3,moderate_taxation,0.6945658190452897,-587.7337612317224,153.87594963324145,138.1876946879523,0,,0.425656782909363,138.1876946879523
discretized_contextual,1,18,3,30,39,1.0,0.1507565734049055,0.07733601215844041,0.25,10,moderate_marine_reserve,0.7350533058733437,-648.9918770593276,166.08542195192055,158.95570629947775,0,,0.3239635616666084,158.95570629947775
linucb,1,18,4,40,49,1.0,0.11515641223996025,0.0425656782909363,0.3333333333333333,10,moderate_marine_reserve,0.6809649818485791,-440.28658656964996,134.5501882101875,133.49502007441757,0,,0.1783092812651803,133.55498599516307
contextual_thompson,1,18,4,40,49,1.0,0.11515641223996025,0.0425656782909363,0.3333333333333333,3,moderate_taxation,0.7542938581752301,-339.44227085083014,131.24833548312722,128.2992818432063,0,,0.1783092812651803,128.2992818432063
discretized_contextual,1,18,4,40,49,1.0,0.13246308858289813,0.03239635616666084,0.3333333333333333,10,moderate_marine_reserve,1.0159123881278609,-294.58320092283554,157.25947068608357,156.8019508826472,0,,0.13570959551508233,157.62020616216776
linucb,1,18,5,50,59,1.0,0.1112958216626359,0.01783092812651803,0.4166666666666667,1,baseline_laissez_faire,0.975291214433346,-141.2641726407334,133.98664644888953,133.29572990615512,0,,0.07469445116789143,135.43765084352006
contextual_thompson,1,18,5,50,59,1.0,0.10691606820267192,0.01783092812651803,0.4166666666666667,10,moderate_marine_reserve,0.893714869714485,-190.17372940404363,130.0666318942234,128.43527188673806,0,,0.07469445116789143,132.30960058053947
discretized_contextual,1,18,5,50,59,1.0,0.13135017180180647,0.013570959551508232,0.4166666666666667,10,moderate_marine_reserve,1.2186653989657112,-121.7150528880201,160.84565422244773,158.0272576237168,0,,0.05684927718451349,164.26412659413666
linucb,1,18,6,60,69,1.0,0.11286470903626672,0.007469445116789143,0.5,1,baseline_laissez_faire,1.101664809095548,-56.84713157313192,139.0214328802416,135.970011421189,0,,0.03128979599763559,142.4783317668058
contextual_thompson,1,18,6,60,69,1.0,0.11025800048378288,0.007469445116789143,0.5,1,baseline_laissez_faire,1.0731524144343183,-58.636233955148725,135.81463780673604,132.83052832755368,0,,0.03128979599763559,139.19445864627963
discretized_contextual,1,18,6,60,69,1.0,0.13688677216178055,0.005684927718451349,0.5,10,moderate_marine_reserve,1.3667571529025775,-48.3231499071157,169.80963633716323,165.17868267640802,0,,0.023814383236021582,174.7695570063254
linucb,1,18,7,70,79,1.0,0.11873194313900484,0.0031289795997635587,0.5833333333333334,1,baseline_laissez_faire,1.2085772615855033,-21.88790406175077,147.65581987767047,143.3529819398994,0,,0.013107417194525321,152.1970355458096
contextual_thompson,1,18,7,70,79,1.0,0.11599538220523302,0.0031289795997635587,0.5833333333333334,10,moderate_marine_reserve,1.1732787392379396,-31.050124853182158,144.51946369093463,140.10822605319464,0,,0.013107417194525321,149.12877297489365
discretized_contextual,1,18,7,70,79,1.0,0.1456412975052712,0.002381438323602158,0.5833333333333334,3,moderate_taxation,1.50096353773063,-10.688432650477615,181.3982364457329,175.9048088944847,0,,0.009975937725143113,187.14544934440838
linucb,1,18,8,80,89,1.0,0.12683086295484133,0.001310741719452532,0.6666666666666666,1,baseline_laissez_faire,1.3115337801899642,-8.14117716618676,158.36099488273814,153.27203860706987,0,,0.0054907480229120205,163.62160534412453
contextual_thompson,1,18,8,80,89,1.0,0.12427397747907803,0.001310741719452532,0.6666666666666666,10,moderate_marine_reserve,1.281848174849406,-12.228257108741571,155.2891718349777,150.20878888984342,0,,0.0054907480229120205,160.52231802142694
discretized_contextual,1,18,8,80,89,1.0,0.15595454112034032,0.0009975937725143114,0.6666666666666666,3,moderate_taxation,1.6201814831133372,-3.4915201137963052,194.840760387256,188.49376576024417,0,,0.004178959098357031,201.38107516897352
linucb,1,18,9,90,99,1.0,0.13635133778677044,0.0005490748022912021,0.75,1,baseline_laissez_faire,1.4181863965330028,-2.91646998330061,170.5323439819564,164.84038128230148,0,,0.002300095694192487,176.37148253149712
contextual_thompson,1,18,9,90,99,1.0,0.13376859835118912,0.0005490748022912021,0.75,10,moderate_marine_reserve,1.3898899771979487,-4.754598154223904,167.35734904226072,161.7301557806478,0,,0.002300095694192487,173.1220399726326
discretized_contextual,1,18,9,90,99,1.0,0.16781756264081127,0.00041789590983570314,0.75,3,moderate_taxation,1.7484064644121233,-0.9917699574117989,209.9277881243442,202.8911713099548,0,,0.001750582213612453,217.13691679114925
linucb,1,18,10,100,109,1.0,0.14697623544291427,0.00023000956941924872,0.8333333333333334,1,baseline_laissez_faire,1.5318919459389224,-0.9929179127003035,183.94618366219476,177.71323267572186,0,,0.0009635190288038445,190.32071986055433
contextual_thompson,1,18,10,100,109,1.0,0.1442683666438605,0.00023000956941924872,0.8333333333333334,10,moderate_marine_reserve,1.5030355615318935,-1.8224193246215057,180.58295770278178,174.44469691675056,0,,0.0009635190288038445,186.857130337577
discretized_contextual,1,18,10,100,109,1.0,0.18094743065929103,0.0001750582213612453,0.8333333333333334,3,moderate_taxation,1.887034360769253,-0.19662329513568255,226.46771808772664,218.79108352650613,0,,0.0007333256953438734,234.314089926828
linucb,1,18,11,110,119,1.0,0.15860059988379527,9.635190288038446e-05,0.9166666666666666,1,baseline_laissez_faire,1.6542505010857051,-0.3113949694851262,198.5474275266228,191.78061200060938,0,,0.00040362186721671755,205.459087645376
contextual_thompson,1,18,11,110,119,1.0,0.15571427528131415,9.635190288038446e-05,0.9166666666666666,10,moderate_marine_reserve,1.6238698515375063,-0.6863152978958788,194.94674002024828,188.2931615642755,0,,0.00040362186721671755,201.7411938065364
discretized_contextual,1,18,11,110,119,1.0,0.19526174160569,7.333256953438734e-05,0.9166666666666666,3,moderate_taxation,2.0369155784296096,0.01754188979255479,244.42776438477804,236.10985296517268,0,,0.00031677583850545825,252.9181594391146
linucb,1,19,0,0,9,1.0,0.8333333333333334,0.1,0.0,3,moderate_taxation,10.118290610614807,2917.3699619718477,864.1104778371554,739.8811269985001,0,,1.4853708961653926,739.8811269985001
contextual_thompson,1,19,0,0,9,1.0,0.8333333333333334,0.1,0.0,3,moderate_taxation,10.118290610614807,2917.3699619718477,864.1104778371554,739.8811269985001,0,,1.4853708961653926,739.8811269985001
discretized_contextual,1,19,0,0,9,1.0,0.8333333333333334,0.1,0.0,1,baseline_laissez_faire,10.490521369403732,3448.0349987194627,845.0983644821124,685.0617923614428,0,,2.0946658360156425,685.0617923614428
linucb,1,19,1,10,19,1.0,0.6165676058320835,0.14853708961653928,0.08333333333333333,3,moderate_taxation,8.091235544999945,3463.7698951987013,555.2958779761493,396.1874607197347,0,,1.852135913276932,396.1874607197347
contextual_thompson,1,19,1,10,19,1.0,0.6165676058320835,0.14853708961653928,0.08333333333333333,3,moderate_taxation,8.091235544999945,3463.7698951987013,555.2958779761493,396.1874607197347,0,,1.852135913276932,396.1874607197347
discretized_contextual,1,19,1,10,19,1.0,0.570884826967869,0.20946658360156425,0.08333333333333333,4,high_taxation,7.324214420796293,3594.777460708412,447.5324352105458,278.56464632792336,0,,1.8461516924318044,278.56464632792336
linucb,1,19,2,20,29,1.0,0.33015621726644556,0.1852135913276932,0.16666666666666666,3,moderate_taxation,2.9053361526327284,765.8368160274092,256.7399203926382,185.10785301335062,0,,1.0161203923383744,185.10785301335062
contextual_thompson,1,19,2,20,29,1.0,0.33015621726644556,0.1852135913276932,0.16666666666666666,3,moderate_taxation,2.9053361526327284,765.8368160274092,256.7399203926382,185.10785301335062,0,,1.0161203923383744,185.10785301335062
discretized_contextual,1,19,2,20,29,1.0,0.23213720527326948,0.18461516924318044,0.16666666666666666,10,moderate_marine_reserve,0.8526458376843136,-922.1824393109827,212.97939323943552,180.9078880858866,0,,0.7733601215844041,180.9078880858866
linucb,1,19,3,30,39,1.0,0.1542565441777922,0.10161203923383744,0.25,3,moderate_taxation,0.6945658190452897,-587.7337612317224,153.87594963324145,138.1876946879523,0,,0.425656782909363,138.1876946879523
contextual_thompson,1,19,3,30,39,1.0,0.1542565441777922,0.10161203923383744,0.25,10,moderate_marine_reserve,0.5021840481376573,-858.1857893814625,163.2443805022944,152.32044935332218,0,,0.425656782909363,152.32044935332218
discretized_contextual,1,19,3,30,39,1.0,0.1507565734049055,0.07733601215844041,0.25,10,moderate_marine_reserve,0.7350533058733437,-648.9918770593276,166.08542195192055,158.95570629947775,0,,0.3239635616666084,158.95570629947775
linucb,1,19,4,40,49,1.0,0.11515641223996025,0.0425656782909363,0.3333333333333333,10,moderate_marine_reserve,0.6809649818485791,-440.28658656964996,134.5501882101875,133.49502007441757,0,,0.1783092812651803,133.55498599516307
contextual_thompson,1,19,4,40,49,1.0,0.12693370779443514,0.0425656782909363,0.3333333333333333,3,moderate_taxation,0.9089251903839899,-296.01924592275907,144.59333235680987,141.29506786045226,0,,0.1783092812651803,141.29506786045226
discretized_contextual,1,19,4,40,49,1.0,0.13246308858289813,0.03239635616666084,0.3333333333333333,10,moderate_marine_reserve,1.0159123881278609,-294.58320092283554,157.25947068608357,156.8019508826472,0,,0.13570959551508233,157.62020616216776
linucb,1,19,5,50,59,1.0,0.1112958216626359,0.01783092812651803,0.4166666666666667,1,baseline_laissez_faire,0.975291214433346,-141.2641726407334,133.98664644888953,133.29572990615512,0,,0.07469445116789143,135.43765084352006
contextual_thompson,1,19,5,50,59,1.0,0.11774588988371022,0.01783092812651803,0.4166666666666667,1,baseline_laissez_faire,1.0502143818803835,-130.87945763843675,141.73126074225843,141.0119593222354,0,,0.07469445116789143,143.25311264130923
discretized_contextual,1,19,5,50,59,1.0,0.13135017180180647,0.013570959551508232,0.4166666666666667,10,moderate_marine_reserve,1.2186653989657112,-121.7150528880201,160.84565422244773,158.0272576237168,0,,0.05684927718451349,164.26412659413666
linucb,1,19,6,60,69,1.0,0.11286470903626672,0.007469445116789143,0.5,1,baseline_laissez_faire,1.101664809095548,-56.84713157313192,139.0214328802416,135.970011421189,0,,0.03128979599763559,142.4783317668058
contextual_thompson,1,19,6,60,69,1.0,0.11937759386775769,0.007469445116789143,0.5,10,moderate_marine_reserve,1.1579626686234767,-72.68361593659425,147.67755414720853,143.9584554830412,0,,0.03128979599763559,151.73939918704045
discretized_contextual,1,19,6,60,69,1.0,0.13688677216178055,0.005684927718451349,0.5,10,moderate_marine_reserve,1.3667571529025775,-48.3231499071157,169.80963633716323,165.17868267640802,0,,0.023814383236021582,174.7695570063254
linucb,1,19,7,70,79,1.0,0.11873194313900484,0.0031289795997635587,0.5833333333333334,1,baseline_laissez_faire,1.2085772615855033,-21.88790406175077,147.65581987767047,143.3529819398994,0,,0.013107417194525321,152.1970355458096
contextual_thompson,1,19,7,70,79,1.0,0.12644949932253371,0.0031289795997635587,0.5833333333333334,1,baseline_laissez_faire,1.2907340096006072,-19.652757611798386,157.24641206548864,152.6695024119213,0,,0.013107417194525321,162.077550140048
discretized_contextual,1,19,7,70,79,1.0,0.1456412975052712,0.002381438323602158,0.5833333333333334,10,moderate_marine_reserve,1.4950578157838057,-18.702965494198995,181.65129375336056,175.96099628879995,0,,0.009975937725143113,187.56234151136022
linucb,1,19,8,80,89,1.0,0.12683086295484133,0.001310741719452532,0.6666666666666666,1,baseline_laissez_faire,1.3115337801899642,-8.14117716618676,158.36099488273814,153.27203860706987,0,,0.0054907480229120205,163.62160534412453
contextual_thompson,1,19,8,80,89,1.0,0.13506462511670667,0.001310741719452532,0.6666666666666666,1,baseline_laissez_faire,1.3981628488105298,-7.1391921305272055,168.63624491292683,163.2213339505956,0,,0.0054907480229120205,174.2339758921417
discretized_contextual,1,19,8,80,89,1.0,0.15630195125946686,0.0009975937725143114,0.6666666666666666,3,moderate_taxation,1.6238287338766422,-3.4592992966080343,195.27456398079005,188.9136200173794,0,,0.004178959098357031,201.8292536993598
linucb,1,19,9,90,99,1.0,0.13635133778677044,0.0005490748022912021,0.75,1,baseline_laissez_faire,1.4181863965330028,-2.91646998330061,170.5323439819564,164.84038128230148,0,,0.002300095694192487,176.37148253149712
contextual_thompson,1,19,9,90,99,1.0,0.1451949799101181,0.0005490748022912021,0.75,10,moderate_marine_reserve,1.509400880492148,-4.317082251738796,181.64615552926642,175.54380292221944,0,,0.002300095694192487,187.89757260154693
discretized_contextual,1,19,9,90,99,1.0,0.1681910447494665,0.00041789590983570314,0.75,3,moderate_taxation,1.7523125169919966,-0.9769911018890053,210.39474097126626,203.3426673263701,0,,0.001750582213612453,217.6197027491112
linucb,1,19,10,100,109,1.0,0.14697623544291427,0.00023000956941924872,0.8333333333333334,1,baseline_laissez_faire,1.5318919459389224,-0.9929179127003035,183.94618366219476,177.71323267572186,0,,0.0009635190288038445,190.32071986055433
contextual_thompson,1,19,10,100,109,1.0,0.1565813105012891,0.00023000956941924872,0.8333333333333334,10,moderate_marine_reserve,1.6316092860263334,-1.624850288571965,195.98809635778863,189.33187969493125,0,,0.0009635190288038445,202.7915277134027
discretized_contextual,1,19,10,100,109,1.0,0.181349752290926,0.0001750582213612453,0.8333333333333334,3,moderate_taxation,1.8912348986006156,-0.18995187307953337,226.97098205684338,219.27750127533582,0,,0.0007333256953438734,234.83456592694614
linucb,1,19,11,110,119,1.0,0.15860059988379527,9.635190288038446e-05,0.9166666666666666,1,baseline_laissez_faire,1.6542505010857051,-0.3113949694851262,198.5474275266228,191.78061200060938,0,,0.00040362186721671755,205.459087645376
contextual_thompson,1,19,11,110,119,1.0,0.16899293976116891,9.635190288038446e-05,0.9166666666666666,10,moderate_marine_reserve,1.7624271489947714,-0.5970506881681138,211.5629039619527,204.3486384323841,0,,0.00040362186721671755,218.9296748954274
discretized_contextual,1,19,11,110,119,1.0,0.19569547160578846,7.333256953438734e-05,0.9166666666666666,3,moderate_taxation,2.041438779331321,0.02060195441242424,244.970181285229,236.63426594385513,0,,0.0003175682425035693,253.4787866985739
linucb,1,20,0,0,9,1.0,0.8333333333333334,0.1,0.0,3,moderate_taxation,10.118290610614807,2917.3699619718477,864.1104778371554,739.8811269985001,0,,1.4853708961653926,739.8811269985001
contextual_thompson,1,20,0,0,9,1.0,0.8333333333333334,0.1,0.0,3,moderate_taxation,10.118290610614807,2917.3699619718477,864.1104778371554,739.8811269985001,0,,1.4853708961653926,739.8811269985001
discretized_contextual,1,20,0,0,9,1.0,0.8333333333333334,0.1,0.0,1,baseline_laissez_faire,10.490521369403732,3448.0349987194627,845.0983644821124,685.0617923614428,0,,2.0946658360156425,685.0617923614428
linucb,1,20,1,10,19,1.0,0.6165676058320835,0.14853708961653928,0.08333333333333333,3,moderate_taxation,8.091235544999945,3463.7698951987013,555.2958779761493,396.1874607197347,0,,1.852135913276932,396.1874607197347
contextual_thompson,1,20,1,10,19,1.0,0.6165676058320835,0.14853708961653928,0.08333333333333333,3,moderate_taxation,8.091235544999945,3463.7698951987013,555.2958779761493,396.1874607197347,0,,1.852135913276932,396.1874607197347
discretized_contextual,1,20,1,10,19,1.0,0.570884826967869,0.20946658360156425,0.08333333333333333,4,high_taxation,7.324214420796293,3594.777460708412,447.5324352105458,278.56464632792336,0,,1.8461516924318044,278.56464632792336
linucb,1,20,2,20,29,1.0,0.33015621726644556,0.1852135913276932,0.16666666666666666,3,moderate_taxation,2.9053361526327284,765.8368160274092,256.7399203926382,185.10785301335062,0,,1.0161203923383744,185.10785301335062
contextual_thompson,1,20,2,20,29,1.0,0.33015621726644556,0.1852135913276932,0.16666666666666666,3,moderate_taxation,2.9053361526327284,765.8368160274092,256.7399203926382,185.10785301335062,0,,1.0161203923383744,185.10785301335062
discretized_contextual,1,20,2,20,29,1.0,0.23213720527326948,0.18461516924318044,0.16666666666666666,10,moderate_marine_reserve,0.8526458376843136,-922.1824393109827,212.97939323943552,180.9078880858866,0,,0.7733601215844041,180.9078880858866
linucb,1,20,3,30,39,1.0,0.1542565441777922,0.10161203923383744,0.25,3,moderate_taxation,0.6945658190452897,-587.7337612317224,153.87594963324145,138.1876946879523,0,,0.425656782909363,138.1876946879523
contextual_thompson,1,20,3,30,39,1.0,0.1542565441777922,0.10161203923383744,0.25,3,moderate_taxation,0.6945658190452897,-587.7337612317224,153.87594963324145,138.1876946879523,0,,0.425656782909363,138.1876946879523
discretized_contextual,1,20,3,30,39,1.0,0.1507565734049055,0.07733601215844041,0.25,10,moderate_marine_reserve,0.7350533058733437,-648.9918770593276,166.08542195192055,158.95570629947775,0,,0.3239635616666084,158.95570629947775
linucb,1,20,4,40,49,1.0,0.11515641223996025,0.0425656782909363,0.3333333333333333,10,moderate_marine_reserve,0.6809649818485791,-440.28658656964996,134.5501882101875,133.49502007441757,0,,0.1783092812651803,133.55498599516307
contextual_thompson,1,20,4,40,49,1.0,0.11515641223996025,0.0425656782909363,0.3333333333333333,3,moderate_taxation,0.7542938581752301,-339.44227085083014,131.24833548312722,128.2992818432063,0,,0.1783092812651803,128.2992818432063
discretized_contextual,1,20,4,40,49,1.0,0.13246308858289813,0.03239635616666084,0.3333333333333333,10,moderate_marine_reserve,1.0159123881278609,-294.58320092283554,157.25947068608357,156.8019508826472,0,,0.13570959551508233,157.62020616216776
linucb,1,20,5,50,59,1.0,0.1112958216626359,0.01783092812651803,0.4166666666666667,1,baseline_laissez_faire,0.975291214433346,-141.2641726407334,133.98664644888953,133.29572990615512,0,,0.07469445116789143,135.43765084352006
contextual_thompson,1,20,5,50,59,1.0,0.10691606820267192,0.01783092812651803,0.4166666666666667,1,baseline_laissez_faire,0.9244151080734687,-148.3157918370445,128.7277079892616,128.0561653727147,0,,0.07469445116789143,130.13047489823884
discretized_contextual,1,20,5,50,59,1.0,0.13135017180180647,0.013570959551508232,0.4166666666666667,10,moderate_marine_reserve,1.2186653989657112,-121.7150528880201,160.84565422244773,158.0272576237168,0,,0.05684927718451349,164.26412659413666
linucb,1,20,6,60,69,1.0,0.11286470903626672,0.007469445116789143,0.5,1,baseline_laissez_faire,1.101664809095548,-56.84713157313192,139.0214328802416,135.970011421189,0,,0.03128979599763559,142.4783317668058
contextual_thompson,1,20,6,60,69,1.0,0.10844206241519903,0.007469445116789143,0.5,10,moderate_marine_reserve,1.0397404814668634,-78.2937142651388,134.16410348784026,130.7739358788018,0,,0.03128979599763559,137.8647770231063
discretized_contextual,1,20,6,60,69,1.0,0.13688677216178055,0.005684927718451349,0.5,10,moderate_marine_reserve,1.3667571529025775,-48.3231499071157,169.80963633716323,165.17868267640802,0,,0.023814383236021582,174.7695570063254
linucb,1,20,7,70,79,1.0,0.11873194313900484,0.0031289795997635587,0.5833333333333334,1,baseline_laissez_faire,1.2085772615855033,-21.88790406175077,147.65581987767047,143.3529819398994,0,,0.013107417194525321,152.1970355458096
contextual_thompson,1,20,7,70,79,1.0,0.11488731418592192,0.0031289795997635587,0.5833333333333334,10,moderate_marine_reserve,1.1615412772051006,-31.291138035249457,143.139889828842,138.77001143500243,0,,0.013107417194525321,147.70589388354165
discretized_contextual,1,20,7,70,79,1.0,0.1456412975052712,0.002381438323602158,0.5833333333333334,10,moderate_marine_reserve,1.4950578157838057,-18.702965494198995,181.65129375336056,175.96099628879995,0,,0.009975937725143113,187.56234151136022
linucb,1,20,8,80,89,1.0,0.12683086295484133,0.001310741719452532,0.6666666666666666,1,baseline_laissez_faire,1.3115337801899642,-8.14117716618676,158.36099488273814,153.27203860706987,0,,0.0054907480229120205,163.62160534412453
contextual_thompson,1,20,8,80,89,1.0,0.12308824490295138,0.001310741719452532,0.6666666666666666,10,moderate_marine_reserve,1.2693988840620014,-12.336541068628408,153.80825101567555,148.77574266077562,0,,0.0054907480229120205,158.99205925816798
discretized_contextual,1,20,8,80,89,1.0,0.15630195125946686,0.0009975937725143114,0.6666666666666666,7,weak_capacity_control,1.6238287338766422,-3.4592992966080343,195.27456398079005,188.9136200173794,0,,0.004178959098357031,201.8292536993598
linucb,1,20,9,90,99,1.0,0.13635133778677044,0.0005490748022912021,0.75,1,baseline_laissez_faire,1.4181863965330028,-2.91646998330061,170.5323439819564,164.84038128230148,0,,0.002300095694192487,176.37148253149712
contextual_thompson,1,20,9,90,99,1.0,0.13249338271514,0.0005490748022912021,0.75,10,moderate_marine_reserve,1.376551753615203,-4.803427340611771,165.7626217146978,160.18850501564415,0,,0.002300095694192487,171.47294234126875
discretized_contextual,1,20,9,90,99,1.0,0.1681910447494665,0.00041789590983570314,0.75,3,moderate_taxation,1.7523125169919966,-0.9769911018890053,210.39474097126626,203.3426673263701,0,,0.001750582213612453,217.6197027491112
linucb,1,20,10,100,109,1.0,0.14697623544291427,0.00023000956941924872,0.8333333333333334,1,baseline_laissez_faire,1.5318919459389224,-0.9929179127003035,183.94618366219476,177.71323267572186,0,,0.0009635190288038445,190.32071986055433
contextual_thompson,1,20,10,100,109,1.0,0.14289411861772397,0.00023000956941924872,0.8333333333333334,1,baseline_laissez_faire,1.4892484136789703,-1.0802448334335393,178.83943902148846,172.77780226680412,0,,0.0009635190288038445,185.0388170914689
discretized_contextual,1,20,10,100,109,1.0,0.181349752290926,0.0001750582213612453,0.8333333333333334,4,high_taxation,1.8912348986006156,-0.18995187307953337,226.97098205684338,219.27750127533582,0,,0.0007333256953438734,234.83456592694614
linucb,1,20,11,110,119,1.0,0.15860059988379527,9.635190288038446e-05,0.9166666666666666,1,baseline_laissez_faire,1.6542505010857051,-0.3113949694851262,198.5474275266228,191.78061200060938,0,,0.00040362186721671755,205.459087645376
contextual_thompson,1,20,11,110,119,1.0,0.15419901424289076,9.635190288038446e-05,0.9166666666666666,7,weak_capacity_control,1.6083129215978709,-0.35091159650011944,193.03965998332453,186.4586112960457,0,,0.00040362186721671755,199.76165096935443
discretized_contextual,1,20,11,110,119,1.0,0.19569547160578846,7.333256953438734e-05,0.9166666666666666,3,moderate_taxation,2.041438779331321,0.02060195441242424,244.970181285229,236.63426594385513,0,,0.0003175682425035693,253.4787866985739
linucb,1,21,0,0,9,1.0,0.8333333333333334,0.1,0.0,3,moderate_taxation,10.118290610614807,2917.3699619718477,864.1104778371554,739.8811269985001,0,,1.4853708961653926,739.8811269985001
contextual_thompson,1,21,0,0,9,1.0,0.8333333333333334,0.1,0.0,3,moderate_taxation,10.118290610614807,2917.3699619718477,864.1104778371554,739.8811269985001,0,,1.4853708961653926,739.8811269985001
discretized_contextual,1,21,0,0,9,1.0,0.8333333333333334,0.1,0.0,1,baseline_laissez_faire,10.490521369403732,3448.0349987194627,845.0983644821124,685.0617923614428,0,,2.0946658360156425,685.0617923614428
linucb,1,21,1,10,19,1.0,0.6165676058320835,0.14853708961653928,0.08333333333333333,3,moderate_taxation,8.091235544999945,3463.7698951987013,555.2958779761493,396.1874607197347,0,,1.852135913276932,396.1874607197347
contextual_thompson,1,21,1,10,19,1.0,0.6165676058320835,0.14853708961653928,0.08333333333333333,3,moderate_taxation,8.091235544999945,3463.7698951987013,555.2958779761493,396.1874607197347,0,,1.852135913276932,396.1874607197347
discretized_contextual,1,21,1,10,19,1.0,0.570884826967869,0.20946658360156425,0.08333333333333333,4,high_taxation,7.324214420796293,3594.777460708412,447.5324352105458,278.56464632792336,0,,1.8461516924318044,278.56464632792336
linucb,1,21,2,20,29,1.0,0.33015621726644556,0.1852135913276932,0.16666666666666666,3,moderate_taxation,2.9053361526327284,765.8368160274092,256.7399203926382,185.10785301335062,0,,1.0161203923383744,185.10785301335062
contextual_thompson,1,21,2,20,29,1.0,0.33015621726644556,0.1852135913276932,0.16666666666666666,3,moderate_taxation,2.9053361526327284,765.8368160274092,256.7399203926382,185.10785301335062,0,,1.0161203923383744,185.10785301335062
discretized_contextual,1,21,2,20,29,1.0,0.23213720527326948,0.18461516924318044,0.16666666666666666,10,moderate_marine_reserve,0.8526458376843136,-922.1824393109827,212.97939323943552,180.9078880858866,0,,0.7733601215844041,180.9078880858866
linucb,1,21,3,30,39,1.0,0.1542565441777922,0.10161203923383744,0.25,3,moderate_taxation,0.6945658190452897,-587.7337612317224,153.87594963324145,138.1876946879523,0,,0.425656782909363,138.1876946879523
contextual_thompson,1,21,3,30,39,1.0,0.1542565441777922,0.10161203923383744,0.25,3,moderate_taxation,0.6945658190452897,-587.7337612317224,153.87594963324145,138.1876946879523,0,,0.425656782909363,138.1876946879523
discretized_contextual,1,21,3,30,39,1.0,0.1507565734049055,0.07733601215844041,0.25,10,moderate_marine_reserve,0.7350533058733437,-648.9918770593276,166.08542195192055,158.95570629947775,0,,0.3239635616666084,158.95570629947775
linucb,1,21,4,40,49,1.0,0.11515641223996025,0.0425656782909363,0.3333333333333333,10,moderate_marine_reserve,0.6809649818485791,-440.28658656964996,134.5501882101875,133.49502007441757,0,,0.1783092812651803,133.55498599516307
contextual_thompson,1,21,4,40,49,1.0,0.11515641223996025,0.0425656782909363,0.3333333333333333,3,moderate_taxation,0.7542938581752301,-339.44227085083014,131.24833548312722,128.2992818432063,0,,0.1783092812651803,128.2992818432063
discretized_contextual,1,21,4,40,49,1.0,0.13246308858289813,0.03239635616666084,0.3333333333333333,10,moderate_marine_reserve,1.0159123881278609,-294.58320092283554,157.25947068608357,156.8019508826472,0,,0.13570959551508233,157.62020616216776
linucb,1,21,5,50,59,1.0,0.1112958216626359,0.01783092812651803,0.4166666666666667,1,baseline_laissez_faire,0.975291214433346,-141.2641726407334,133.98664644888953,133.29572990615512,0,,0.07469445116789143,135.43765084352006
contextual_thompson,1,21,5,50,59,1.0,0.10691606820267192,0.01783092812651803,0.4166666666666667,1,baseline_laissez_faire,0.9244151080734687,-148.3157918370445,128.7277079892616,128.0561653727147,0,,0.07469445116789143,130.13047489823884
discretized_contextual,1,21,5,50,59,1.0,0.13135017180180647,0.013570959551508232,0.4166666666666667,4,high_taxation,1.2479464272183631,-81.83473926350368,159.57373997782403,157.7384848690026,0,,0.05684927718451349,162.1885151574448
linucb,1,21,6,60,69,1.0,0.11286470903626672,0.007469445116789143,0.5,1,baseline_laissez_faire,1.101664809095548,-56.84713157313192,139.0214328802416,135.970011421189,0,,0.03128979599763559,142.4783317668058
contextual_thompson,1,21,6,60,69,1.0,0.10844206241519903,0.007469445116789143,0.5,1,baseline_laissez_faire,1.053289292352996,-59.88260528028704,133.58062771599396,130.64343325662372,0,,0.03128979599763559,136.90672913185583
discretized_contextual,1,21,6,60,69,1.0,0.13515709596453734,0.005684927718451349,0.5,10,moderate_marine_reserve,1.3482125493699308,-49.00441821769517,167.66603611051514,163.09194267809258,0,,0.023814383236021582,172.5647939783077
linucb,1,21,7,70,79,1.0,0.11873194313900484,0.0031289795997635587,0.5833333333333334,1,baseline_laissez_faire,1.2085772615855033,-21.88790406175077,147.65581987767047,143.3529819398994,0,,0.013107417194525321,152.1970355458096
contextual_thompson,1,21,7,70,79,1.0,0.11408894094321319,0.0031289795997635587,0.5833333333333334,7,weak_capacity_control,1.1591487767533237,-23.232635256344082,141.8857694411601,137.7479834498531,0,,0.013107417194525321,146.2523882670289
discretized_contextual,1,21,7,70,79,1.0,0.1438039949819231,0.002381438323602158,0.5833333333333334,5,hard_capacity_control,1.4815003442844759,-11.093899668591066,179.111309274368,173.68600306785964,0,,0.009975937725143113,184.7871669811438
linucb,1,21,8,80,89,1.0,0.12683086295484133,0.001310741719452532,0.6666666666666666,1,baseline_laissez_faire,1.3115337801899642,-8.14117716618676,158.36099488273814,153.27203860706987,0,,0.0054907480229120205,163.62160534412453
contextual_thompson,1,21,8,80,89,1.0,0.12187699022252407,0.001310741719452532,0.6666666666666666,10,moderate_marine_reserve,1.2566815448116986,-12.447156284363734,152.29544413152746,147.3118493236593,0,,0.0054907480229120205,157.42884347634612
discretized_contextual,1,21,8,80,89,1.0,0.15398930581761983,0.0009975937725143114,0.6666666666666666,3,moderate_taxation,1.599549685243863,-3.6736175093192087,192.38679633038183,186.11872467031174,0,,0.004178959098357031,198.84577299801776
linucb,1,21,9,90,99,1.0,0.13635133778677044,0.0005490748022912021,0.75,1,baseline_laissez_faire,1.4181863965330028,-2.91646998330061,170.5323439819564,164.84038128230148,0,,0.002300095694192487,176.37148253149712
contextual_thompson,1,21,9,90,99,1.0,0.13119070289695509,0.0005490748022912021,0.75,7,weak_capacity_control,1.3641599778227378,-3.1798820747236176,164.08078318769537,158.6019804403572,0,,0.002300095694192487,169.70125936291836
discretized_contextual,1,21,9,90,99,1.0,0.16570481083168148,0.00041789590983570314,0.75,3,moderate_taxation,1.726310206339682,-1.0752765706871172,207.2862579492443,200.33709446942103,0,,0.001750582213612453,214.40580377416921
linucb,1,21,10,100,109,1.0,0.14697623544291427,0.00023000956941924872,0.8333333333333334,1,baseline_laissez_faire,1.5318919459389224,-0.9929179127003035,183.94618366219476,177.71323267572186,0,,0.0009635190288038445,190.32071986055433
contextual_thompson,1,21,10,100,109,1.0,0.14141771613576531,0.00023000956941924872,0.8333333333333334,1,baseline_laissez_faire,1.4738250421068697,-1.1118292009235249,176.9924245569352,170.99277206862274,0,,0.0009635190288038445,183.12842665919686
discretized_contextual,1,21,10,100,109,1.0,0.17867150314514102,0.0001750582213612453,0.8333333333333334,3,moderate_taxation,1.8632718008043214,-0.23436362774399294,223.62073973184786,216.0394218650522,0,,0.0007333256953438734,231.36972441160432
linucb,1,21,11,110,119,1.0,0.15860059988379527,9.635190288038446e-05,0.9166666666666666,1,baseline_laissez_faire,1.6542505010857051,-0.3113949694851262,198.5474275266228,191.78061200060938,0,,0.00040362186721671755,205.459087645376
contextual_thompson,1,21,11,110,119,1.0,0.1526070222159974,9.635190288038446e-05,0.9166666666666666,10,moderate_marine_reserve,1.5914454679243228,-0.7072041895429984,191.05832065366388,184.5360943199984,0,,0.00040362186721671755,197.71869175348323
discretized_contextual,1,21,11,110,119,1.0,0.19280810367633694,7.333256953438734e-05,0.9166666666666666,3,moderate_taxation,2.0113245702038225,0.000326277034093575,241.3589092712146,233.14321146350412,0,,0.0003128939918738739,249.746023936288
linucb,1,22,0,0,9,1.0,0.8333333333333334,0.1,0.0,3,moderate_taxation,10.118290610614807,2917.3699619718477,864.1104778371554,739.8811269985001,0,,1.4853708961653926,739.8811269985001
contextual_thompson,1,22,0,0,9,1.0,0.8333333333333334,0.1,0.0,3,moderate_taxation,10.118290610614807,2917.3699619718477,864.1104778371554,739.8811269985001,0,,1.4853708961653926,739.8811269985001
discretized_contextual,1,22,0,0,9,1.0,0.8333333333333334,0.1,0.0,1,baseline_laissez_faire,10.490521369403732,3448.0349987194627,845.0983644821124,685.0617923614428,0,,2.0946658360156425,685.0617923614428
linucb,1,22,1,10,19,1.0,0.6165676058320835,0.14853708961653928,0.08333333333333333,3,moderate_taxation,8.091235544999945,3463.7698951987013,555.2958779761493,396.1874607197347,0,,1.852135913276932,396.1874607197347
contextual_thompson,1,22,1,10,19,1.0,0.6165676058320835,0.14853708961653928,0.08333333333333333,3,moderate_taxation,8.091235544999945,3463.7698951987013,555.2958779761493,396.1874607197347,0,,1.852135913276932,396.1874607197347
discretized_contextual,1,22,1,10,19,1.0,0.570884826967869,0.20946658360156425,0.08333333333333333,4,high_taxation,7.324214420796293,3594.777460708412,447.5324352105458,278.56464632792336,0,,1.8461516924318044,278.56464632792336
linucb,1,22,2,20,29,1.0,0.33015621726644556,0.1852135913276932,0.16666666666666666,3,moderate_taxation,2.9053361526327284,765.8368160274092,256.7399203926382,185.10785301335062,0,,1.0161203923383744,185.10785301335062
contextual_thompson,1,22,2,20,29,1.0,0.33015621726644556,0.1852135913276932,0.16666666666666666,3,moderate_taxation,2.9053361526327284,765.8368160274092,256.7399203926382,185.10785301335062,0,,1.0161203923383744,185.10785301335062
discretized_contextual,1,22,2,20,29,1.0,0.23213720527326948,0.18461516924318044,0.16666666666666666,10,moderate_marine_reserve,0.8526458376843136,-922.1824393109827,212.97939323943552,180.9078880858866,0,,0.7733601215844041,180.9078880858866
linucb,1,22,3,30,39,1.0,0.1542565441777922,0.10161203923383744,0.25,3,moderate_taxation,0.6945658190452897,-587.7337612317224,153.87594963324145,138.1876946879523,0,,0.425656782909363,138.1876946879523
contextual_thompson,1,22,3,30,39,1.0,0.1542565441777922,0.10161203923383744,0.25,3,moderate_taxation,0.6945658190452897,-587.7337612317224,153.87594963324145,138.1876946879523,0,,0.425656782909363,138.1876946879523
discretized_contextual,1,22,3,30,39,1.0,0.1507565734049055,0.07733601215844041,0.25,10,moderate_marine_reserve,0.7350533058733437,-648.9918770593276,166.08542195192055,158.95570629947775,0,,0.3239635616666084,158.95570629947775
linucb,1,22,4,40,49,1.0,0.11515641223996025,0.0425656782909363,0.3333333333333333,1,baseline_laissez_faire,0.7542938581752301,-339.44227085083014,131.24833548312722,128.2992818432063,0,,0.1783092812651803,128.2992818432063
contextual_thompson,1,22,4,40,49,1.0,0.11515641223996025,0.0425656782909363,0.3333333333333333,7,weak_capacity_control,0.7542938581752301,-339.44227085083014,131.24833548312722,128.2992818432063,0,,0.1783092812651803,128.2992818432063
discretized_contextual,1,22,4,40,49,1.0,0.13246308858289813,0.03239635616666084,0.3333333333333333,10,moderate_marine_reserve,1.0159123881278609,-294.58320092283554,157.25947068608357,156.8019508826472,0,,0.13570959551508233,157.62020616216776
linucb,1,22,5,50,59,1.0,0.10691606820267192,0.01783092812651803,0.4166666666666667,1,baseline_laissez_faire,0.9244151080734687,-148.3157918370445,128.7277079892616,128.0561653727147,0,,0.07469445116789143,130.13047489823884
contextual_thompson,1,22,5,50,59,1.0,0.10691606820267192,0.01783092812651803,0.4166666666666667,3,moderate_taxation,0.9244151080734687,-148.3157918370445,128.7277079892616,128.0561653727147,0,,0.07469445116789143,130.13047489823884
discretized_contextual,1,22,5,50,59,1.0,0.13135017180180647,0.013570959551508232,0.4166666666666667,10,moderate_marine_reserve,1.2186653989657112,-121.7150528880201,160.84565422244773,158.0272576237168,0,,0.05684927718451349,164.26412659413666
linucb,1,22,6,60,69,1.0,0.10844206241519903,0.007469445116789143,0.5,1,baseline_laissez_faire,1.053289292352996,-59.88260528028704,133.58062771599396,130.64343325662372,0,,0.03128979599763559,136.90672913185583
contextual_thompson,1,22,6,60,69,1.0,0.10844206241519903,0.007469445116789143,0.5,10,moderate_marine_reserve,1.0397404814668634,-78.2937142651388,134.16410348784026,130.7739358788018,0,,0.03128979599763559,137.8647770231063
discretized_contextual,1,22,6,60,69,1.0,0.13688677216178055,0.005684927718451349,0.5,10,moderate_marine_reserve,1.3667571529025775,-48.3231499071157,169.80963633716323,165.17868267640802,0,,0.023814383236021582,174.7695570063254
linucb,1,22,7,70,79,1.0,0.11408894094321319,0.0031289795997635587,0.5833333333333334,1,baseline_laissez_faire,1.1591487767533237,-23.232635256344082,141.8857694411601,137.7479834498531,0,,0.013107417194525321,146.2523882670289
contextual_thompson,1,22,7,70,79,1.0,0.11488731418592192,0.0031289795997635587,0.5833333333333334,1,baseline_laissez_faire,1.167648191810021,-23.001404393039,142.8779515443672,138.71177566490022,0,,0.013107417194525321,147.27460199663372
discretized_contextual,1,22,7,70,79,1.0,0.1456412975052712,0.002381438323602158,0.5833333333333334,10,moderate_marine_reserve,1.4950578157838057,-18.702965494198995,181.65129375336056,175.96099628879995,0,,0.009975937725143113,187.56234151136022
linucb,1,22,8,80,89,1.0,0.12187699022252407,0.001310741719452532,0.6666666666666666,1,baseline_laissez_faire,1.2594111570579225,-8.74404053555717,152.17862371121754,147.28596994423168,0,,0.0054907480229120205,157.23620265188882
contextual_thompson,1,22,8,80,89,1.0,0.12272883499719477,0.001310741719452532,0.6666666666666666,3,moderate_taxation,1.2683740227364422,-8.640374144837224,153.24172762575353,148.31530839779293,0,,0.0054907480229120205,158.33422970819737
discretized_contextual,1,22,8,80,89,1.0,0.15630195125946686,0.0009975937725143114,0.6666666666666666,3,moderate_taxation,1.6238287338766422,-3.4592992966080343,195.27456398079005,188.9136200173794,0,,0.004178959098357031,201.8292536993598
linucb,1,22,9,90,99,1.0,0.131030168876574,0.0005490748022912021,0.75,1,baseline_laissez_faire,1.3624793302915155,-3.188076229297457,163.88008878249758,158.40791939277182,0,,0.002300095694192487,169.4937602842755
contextual_thompson,1,22,9,90,99,1.0,0.1319451914234978,0.0005490748022912021,0.75,10,moderate_marine_reserve,1.3708178719018045,-4.824418166800353,165.07707480823254,159.52577765797807,0,,0.002300095694192487,170.76401955460108
discretized_contextual,1,22,9,90,99,1.0,0.1681910447494665,0.00041789590983570314,0.75,3,moderate_taxation,1.7523125169919966,-0.9769911018890053,210.39474097126626,203.3426673263701,0,,0.001750582213612453,217.6197027491112
linucb,1,22,10,100,109,1.0,0.14124480023689626,0.00023000956941924872,0.8333333333333334,1,baseline_laissez_faire,1.4720186521783978,-1.1155283662261255,176.7761016653549,170.78370959573016,0,,0.0009635190288038445,182.90468030254695
contextual_thompson,1,22,10,100,109,1.0,0.14230334962883423,0.00023000956941924872,0.8333333333333334,1,baseline_laissez_faire,1.4830769076265076,-1.092883008252494,178.1003748761712,172.06353902576586,0,,0.0009635190288038445,184.27439525820327
discretized_contextual,1,22,10,100,109,1.0,0.181349752290926,0.0001750582213612453,0.8333333333333334,3,moderate_taxation,1.8912348986006156,-0.18995187307953337,226.97098205684338,219.27750127533582,0,,0.0007333256953438734,234.83456592694614
linucb,1,22,11,110,119,1.0,0.15242056691878914,9.635190288038446e-05,0.9166666666666666,1,baseline_laissez_faire,1.5897516825524711,-0.36685210753840325,190.81422415920113,184.30826646343027,0,,0.00040362186721671755,197.45954458596654
contextual_thompson,1,22,11,110,119,1.0,0.15356199604850274,9.635190288038446e-05,0.9166666666666666,1,baseline_laissez_faire,1.6016645330229378,-0.35662128092512146,192.24253851646355,185.6883843749875,0,,0.00040362186721671755,198.9370693044739
discretized_contextual,1,22,11,110,119,1.0,0.19569547160578846,7.333256953438734e-05,0.9166666666666666,3,moderate_taxation,2.041438779331321,0.02060195441242424,244.970181285229,236.63426594385513,0,,0.0003175682425035693,253.4787866985739
linucb,1,23,0,0,9,1.0,0.8333333333333334,0.1,0.0,3,moderate_taxation,10.118290610614807,2917.3699619718477,864.1104778371554,739.8811269985001,0,,1.4853708961653926,739.8811269985001
contextual_thompson,1,23,0,0,9,1.0,0.8333333333333334,0.1,0.0,3,moderate_taxation,10.118290610614807,2917.3699619718477,864.1104778371554,739.8811269985001,0,,1.4853708961653926,739.8811269985001
discretized_contextual,1,23,0,0,9,1.0,0.8333333333333334,0.1,0.0,1,baseline_laissez_faire,10.490521369403732,3448.0349987194627,845.0983644821124,685.0617923614428,0,,2.0946658360156425,685.0617923614428
linucb,1,23,1,10,19,1.0,0.6165676058320835,0.14853708961653928,0.08333333333333333,3,moderate_taxation,8.091235544999945,3463.7698951987013,555.2958779761493,396.1874607197347,0,,1.852135913276932,396.1874607197347
contextual_thompson,1,23,1,10,19,1.0,0.6165676058320835,0.14853708961653928,0.08333333333333333,3,moderate_taxation,8.091235544999945,3463.7698951987013,555.2958779761493,396.1874607197347,0,,1.852135913276932,396.1874607197347
discretized_contextual,1,23,1,10,19,1.0,0.570884826967869,0.20946658360156425,0.08333333333333333,4,high_taxation,7.324214420796293,3594.777460708412,447.5324352105458,278.56464632792336,0,,1.8461516924318044,278.56464632792336
linucb,1,23,2,20,29,1.0,0.33015621726644556,0.1852135913276932,0.16666666666666666,3,moderate_taxation,2.9053361526327284,765.8368160274092,256.7399203926382,185.10785301335062,0,,1.0161203923383744,185.10785301335062
contextual_thompson,1,23,2,20,29,1.0,0.33015621726644556,0.1852135913276932,0.16666666666666666,3,moderate_taxation,2.9053361526327284,765.8368160274092,256.7399203926382,185.10785301335062,0,,1.0161203923383744,185.10785301335062
discretized_contextual,1,23,2,20,29,1.0,0.23213720527326948,0.18461516924318044,0.16666666666666666,10,moderate_marine_reserve,0.8526458376843136,-922.1824393109827,212.97939323943552,180.9078880858866,0,,0.7733601215844041,180.9078880858866
linucb,1,23,3,30,39,1.0,0.1542565441777922,0.10161203923383744,0.25,3,moderate_taxation,0.6945658190452897,-587.7337612317224,153.87594963324145,138.1876946879523,0,,0.425656782909363,138.1876946879523
contextual_thompson,1,23,3,30,39,1.0,0.1542565441777922,0.10161203923383744,0.25,10,moderate_marine_reserve,0.5021840481376573,-858.1857893814625,163.2443805022944,152.32044935332218,0,,0.425656782909363,152.32044935332218
discretized_contextual,1,23,3,30,39,1.0,0.1507565734049055,0.07733601215844041,0.25,10,moderate_marine_reserve,0.7350533058733437,-648.9918770593276,166.08542195192055,158.95570629947775,0,,0.3239635616666084,158.95570629947775
linucb,1,23,4,40,49,1.0,0.11515641223996025,0.0425656782909363,0.3333333333333333,10,moderate_marine_reserve,0.6809649818485791,-440.28658656964996,134.5501882101875,133.49502007441757,0,,0.1783092812651803,133.55498599516307
contextual_thompson,1,23,4,40,49,1.0,0.12693370779443514,0.0425656782909363,0.3333333333333333,3,moderate_taxation,0.9089251903839899,-296.01924592275907,144.59333235680987,141.29506786045226,0,,0.1783092812651803,141.29506786045226
discretized_contextual,1,23,4,40,49,1.0,0.13246308858289813,0.03239635616666084,0.3333333333333333,11,strong_marine_reserve,0.9757241840408581,-349.5172687865361,159.02897433928732,158.38519179418722,0,,0.13570959551508233,160.48066524313916
linucb,1,23,5,50,59,1.0,0.1112958216626359,0.01783092812651803,0.4166666666666667,1,baseline_laissez_faire,0.975291214433346,-141.2641726407334,133.98664644888953,133.29572990615512,0,,0.07469445116789143,135.43765084352006
contextual_thompson,1,23,5,50,59,1.0,0.11774588988371022,0.01783092812651803,0.4166666666666667,1,baseline_laissez_faire,1.0502143818803835,-130.87945763843675,141.73126074225843,141.0119593222354,0,,0.07469445116789143,143.25311264130923
discretized_contextual,1,23,5,50,59,1.0,0.13373388770261596,0.013570959551508232,0.4166666666666667,10,moderate_marine_reserve,1.2451642932233349,-119.49604721738827,163.7592408528868,160.89392738880005,0,,0.05684927718451349,167.23611533401657
linucb,1,23,6,60,69,1.0,0.11286470903626672,0.007469445116789143,0.5,1,baseline_laissez_faire,1.101664809095548,-56.84713157313192,139.0214328802416,135.970011421189,0,,0.03128979599763559,142.4783317668058
contextual_thompson,1,23,6,60,69,1.0,0.11937759386775769,0.007469445116789143,0.5,10,moderate_marine_reserve,1.1579626686234767,-72.68361593659425,147.67755414720853,143.9584554830412,0,,0.03128979599763559,151.73939918704045
discretized_contextual,1,23,6,60,69,1.0,0.13936342944501381,0.005684927718451349,0.5,10,moderate_marine_reserve,1.3933101524467353,-47.347675773439704,172.878939386421,168.16659972804237,0,,0.023814383236021582,177.92640523173986
linucb,1,23,7,70,79,1.0,0.11873194313900484,0.0031289795997635587,0.5833333333333334,1,baseline_laissez_faire,1.2085772615855033,-21.88790406175077,147.65581987767047,143.3529819398994,0,,0.013107417194525321,152.1970355458096
contextual_thompson,1,23,7,70,79,1.0,0.12644949932253371,0.0031289795997635587,0.5833333333333334,10,moderate_marine_reserve,1.284012766199871,-28.776326271596407,157.53469109657613,152.73359899233373,0,,0.013107417194525321,162.55219487972252
discretized_contextual,1,23,7,70,79,1.0,0.14827200435978322,0.002381438323602158,0.5833333333333334,10,moderate_marine_reserve,1.5228188336193225,-18.267110132343127,184.93031325019987,179.13895928559486,0,,0.009975937725143113,190.94644717436958
linucb,1,23,8,80,89,1.0,0.12683086295484133,0.001310741719452532,0.6666666666666666,1,baseline_laissez_faire,1.3115337801899642,-8.14117716618676,158.36099488273814,153.27203860706987,0,,0.0054907480229120205,163.62160534412453
contextual_thompson,1,23,8,80,89,1.0,0.13546016239976877,0.001310741719452532,0.6666666666666666,1,baseline_laissez_faire,1.4023242752671174,-7.0910591163996495,169.12984012602206,163.69928076385833,0,,0.0054907480229120205,174.74375531756388
discretized_contextual,1,23,8,80,89,1.0,0.15912203931197466,0.0009975937725143114,0.6666666666666666,3,moderate_taxation,1.6534352753039891,-3.1973215861185857,198.7959116268129,192.321764970627,0,,0.004178959098357031,205.4672445102744
linucb,1,23,9,90,99,1.0,0.13635133778677044,0.0005490748022912021,0.75,1,baseline_laissez_faire,1.4181863965330028,-2.91646998330061,170.5323439819564,164.84038128230148,0,,0.002300095694192487,176.37148253149712
contextual_thompson,1,23,9,90,99,1.0,0.1456197960979699,0.0005490748022912021,0.75,7,weak_capacity_control,1.5152134591817912,-2.4433972933769366,182.11882277702017,176.04441824107326,0,,0.002300095694192487,188.35026204896013
discretized_contextual,1,23,9,90,99,1.0,0.17122270375856202,0.00041789590983570314,0.75,3,moderate_taxation,1.7840187366954425,-0.8570277823461645,214.18509173733466,207.0075809077468,0,,0.001750582213612453,221.53854326482096
linucb,1,23,10,100,109,1.0,0.14697623544291427,0.00023000956941924872,0.8333333333333334,1,baseline_laissez_faire,1.5318919459389224,-0.9929179127003035,183.94618366219476,177.71323267572186,0,,0.0009635190288038445,190.32071986055433
contextual_thompson,1,23,10,100,109,1.0,0.15695855170746678,0.00023000956941924872,0.8333333333333334,7,weak_capacity_control,1.6361673745094927,-0.7793373083459035,196.43360541814064,189.78213846320332,0,,0.0009635190288038445,203.23603091885067
discretized_contextual,1,23,10,100,109,1.0,0.18461545272068414,0.0001750582213612453,0.8333333333333334,4,high_taxation,1.9253308931933804,-0.13579940259666745,231.05600311151727,223.22581435354397,0,,0.0007333256953438734,239.0592621743132
linucb,1,23,11,110,119,1.0,0.15860059988379527,9.635190288038446e-05,0.9166666666666666,1,baseline_laissez_faire,1.6542505010857051,-0.3113949694851262,198.5474275266228,191.78061200060938,0,,0.00040362186721671755,205.459087645376
contextual_thompson,1,23,11,110,119,1.0,0.16936335909904224,9.635190288038446e-05,0.9166666666666666,3,moderate_taxation,1.7665730611411194,-0.21375144518147152,212.0144175103561,204.7938695049197,0,,0.00040362186721671755,219.38932474013902
discretized_contextual,1,23,11,110,119,1.0,0.19921605181192767,7.333256953438734e-05,0.9166666666666666,3,moderate_taxation,2.0781466640722948,0.045732478603260934,249.372111791243,240.8909102370289,0,,0.00032520258042402614,258.02811409718777
linucb,1,24,0,0,9,1.0,0.8333333333333334,0.1,0.0,3,moderate_taxation,10.118290610614807,2917.3699619718477,864.1104778371554,739.8811269985001,0,,1.4853708961653926,739.8811269985001
contextual_thompson,1,24,0,0,9,1.0,0.8333333333333334,0.1,0.0,3,moderate_taxation,10.118290610614807,2917.3699619718477,864.1104778371554,739.8811269985001,0,,1.4853708961653926,739.8811269985001
discretized_contextual,1,24,0,0,9,1.0,0.8333333333333334,0.1,0.0,1,baseline_laissez_faire,10.490521369403732,3448.0349987194627,845.0983644821124,685.0617923614428,0,,2.0946658360156425,685.0617923614428
linucb,1,24,1,10,19,1.0,0.6165676058320835,0.14853708961653928,0.08333333333333333,3,moderate_taxation,8.091235544999945,3463.7698951987013,555.2958779761493,396.1874607197347,0,,1.852135913276932,396.1874607197347
contextual_thompson,1,24,1,10,19,1.0,0.6165676058320835,0.14853708961653928,0.08333333333333333,3,moderate_taxation,8.091235544999945,3463.7698951987013,555.2958779761493,396.1874607197347,0,,1.852135913276932,396.1874607197347
discretized_contextual,1,24,1,10,19,1.0,0.570884826967869,0.20946658360156425,0.08333333333333333,4,high_taxation,7.324214420796293,3594.777460708412,447.5324352105458,278.56464632792336,0,,1.8461516924318044,278.56464632792336
linucb,1,24,2,20,29,1.0,0.33015621726644556,0.1852135913276932,0.16666666666666666,3,moderate_taxation,2.9053361526327284,765.8368160274092,256.7399203926382,185.10785301335062,0,,1.0161203923383744,185.10785301335062
contextual_thompson,1,24,2,20,29,1.0,0.33015621726644556,0.1852135913276932,0.16666666666666666,3,moderate_taxation,2.9053361526327284,765.8368160274092,256.7399203926382,185.10785301335062,0,,1.0161203923383744,185.10785301335062
discretized_contextual,1,24,2,20,29,1.0,0.23213720527326948,0.18461516924318044,0.16666666666666666,10,moderate_marine_reserve,0.8526458376843136,-922.1824393109827,212.97939323943552,180.9078880858866,0,,0.7733601215844041,180.9078880858866
linucb,1,24,3,30,39,1.0,0.1542565441777922,0.10161203923383744,0.25,3,moderate_taxation,0.6945658190452897,-587.7337612317224,153.87594963324145,138.1876946879523,0,,0.425656782909363,138.1876946879523
contextual_thompson,1,24,3,30,39,1.0,0.1542565441777922,0.10161203923383744,0.25,3,moderate_taxation,0.6945658190452897,-587.7337612317224,153.87594963324145,138.1876946879523,0,,0.425656782909363,138.1876946879523
discretized_contextual,1,24,3,30,39,1.0,0.1507565734049055,0.07733601215844041,0.25,10,moderate_marine_reserve,0.7350533058733437,-648.9918770593276,166.08542195192055,158.95570629947775,0,,0.3239635616666084,158.95570629947775
linucb,1,24,4,40,49,1.0,0.11515641223996025,0.0425656782909363,0.3333333333333333,10,moderate_marine_reserve,0.6809649818485791,-440.28658656964996,134.5501882101875,133.49502007441757,0,,0.1783092812651803,133.55498599516307
contextual_thompson,1,24,4,40,49,1.0,0.11515641223996025,0.0425656782909363,0.3333333333333333,10,moderate_marine_reserve,0.6809649818485791,-440.28658656964996,134.5501882101875,133.49502007441757,0,,0.1783092812651803,133.55498599516307
discretized_contextual,1,24,4,40,49,1.0,0.13246308858289813,0.03239635616666084,0.3333333333333333,10,moderate_marine_reserve,1.0159123881278609,-294.58320092283554,157.25947068608357,156.8019508826472,0,,0.13570959551508233,157.62020616216776
linucb,1,24,5,50,59,1.0,0.1112958216626359,0.01783092812651803,0.4166666666666667,1,baseline_laissez_faire,0.975291214433346,-141.2641726407334,133.98664644888953,133.29572990615512,0,,0.07469445116789143,135.43765084352006
contextual_thompson,1,24,5,50,59,1.0,0.1112958216626359,0.01783092812651803,0.4166666666666667,10,moderate_marine_reserve,0.9431278284495294,-185.13079231901156,135.39103449222492,133.69613575321142,0,,0.07469445116789143,137.72138957952583
discretized_contextual,1,24,5,50,59,1.0,0.13135017180180647,0.013570959551508232,0.4166666666666667,10,moderate_marine_reserve,1.2186653989657112,-121.7150528880201,160.84565422244773,158.0272576237168,0,,0.05684927718451349,164.26412659413666
linucb,1,24,6,60,69,1.0,0.11286470903626672,0.007469445116789143,0.5,1,baseline_laissez_faire,1.101664809095548,-56.84713157313192,139.0214328802416,135.970011421189,0,,0.03128979599763559,142.4783317668058
contextual_thompson,1,24,6,60,69,1.0,0.11476782464960486,0.007469445116789143,0.5,1,baseline_laissez_faire,1.1224809885734615,-55.54094830008456,141.3626324248255,138.26209193169743,0,,0.03128979599763559,144.87577935803697
discretized_contextual,1,24,6,60,69,1.0,0.13688677216178055,0.005684927718451349,0.5,10,moderate_marine_reserve,1.3667571529025775,-48.3231499071157,169.80963633716323,165.17868267640802,0,,0.023814383236021582,174.7695570063254
linucb,1,24,7,70,79,1.0,0.11873194313900484,0.0031289795997635587,0.5833333333333334,1,baseline_laissez_faire,1.2085772615855033,-21.88790406175077,147.65581987767047,143.3529819398994,0,,0.013107417194525321,152.1970355458096
contextual_thompson,1,24,7,70,79,1.0,0.12072981613169748,0.0031289795997635587,0.5833333333333334,1,baseline_laissez_faire,1.2298458292373917,-21.30927682094417,150.1386127270003,145.76479172894676,0,,0.013107417194525321,154.75491654982525
discretized_contextual,1,24,7,70,79,1.0,0.1456412975052712,0.002381438323602158,0.5833333333333334,10,moderate_marine_reserve,1.4950578157838057,-18.702965494198995,181.65129375336056,175.96099628879995,0,,0.009975937725143113,187.56234151136022
linucb,1,24,8,80,89,1.0,0.12683086295484133,0.001310741719452532,0.6666666666666666,1,baseline_laissez_faire,1.3115337801899642,-8.14117716618676,158.36099488273814,153.27203860706987,0,,0.0054907480229120205,163.62160534412453
contextual_thompson,1,24,8,80,89,1.0,0.1289624304581877,0.001310741719452532,0.6666666666666666,1,baseline_laissez_faire,1.3339608153378244,-7.88177884563286,161.02111130201487,155.8477334689873,0,,0.0054907480229120205,166.36903614539887
discretized_contextual,1,24,8,80,89,1.0,0.15630195125946686,0.0009975937725143114,0.6666666666666666,3,moderate_taxation,1.6238287338766422,-3.4592992966080343,195.27456398079005,188.9136200173794,0,,0.004178959098357031,201.8292536993598
linucb,1,24,9,90,99,1.0,0.13635133778677044,0.0005490748022912021,0.75,1,baseline_laissez_faire,1.4181863965330028,-2.91646998330061,170.5323439819564,164.84038128230148,0,,0.002300095694192487,176.37148253149712
contextual_thompson,1,24,9,90,99,1.0,0.13864086345449905,0.0005490748022912021,0.75,1,baseline_laissez_faire,1.4421548185445423,-2.7996083930413898,173.39453123251005,167.60804966849088,0,,0.002300095694192487,179.33062681855236
discretized_contextual,1,24,9,90,99,1.0,0.1681910447494665,0.00041789590983570314,0.75,3,moderate_taxation,1.7523125169919966,-0.9769911018890053,210.39474097126626,203.3426673263701,0,,0.001750582213612453,217.6197027491112
linucb,1,24,10,100,109,1.0,0.14697623544291427,0.00023000956941924872,0.8333333333333334,1,baseline_laissez_faire,1.5318919459389224,-0.9929179127003035,183.94618366219476,177.71323267572186,0,,0.0009635190288038445,190.32071986055433
contextual_thompson,1,24,10,100,109,1.0,0.1494421890154603,0.00023000956941924872,0.8333333333333334,10,moderate_marine_reserve,1.5570625291386437,-1.739400891284512,187.05623160359136,180.70022062239553,0,,0.0009635190288038445,193.5529103887579
discretized_contextual,1,24,10,100,109,1.0,0.181349752290926,0.0001750582213612453,0.8333333333333334,3,moderate_taxation,1.8912348986006156,-0.18995187307953337,226.97098205684338,219.27750127533582,0,,0.0007333256953438734,234.83456592694614
linucb,1,24,11,110,119,1.0,0.15860059988379527,9.635190288038446e-05,0.9166666666666666,1,baseline_laissez_faire,1.6542505010857051,-0.3113949694851262,198.5474275266228,191.78061200060938,0,,0.00040362186721671755,205.459087645376
contextual_thompson,1,24,11,110,119,1.0,0.16129409199063158,9.635190288038446e-05,0.9166666666666666,1,baseline_laissez_faire,1.6823609213876007,-0.28711034993425183,201.91776380850416,195.03732846367413,0,,0.00040362186721671755,208.94542636919542
discretized_contextual,1,24,11,110,119,1.0,0.19569547160578846,7.333256953438734e-05,0.9166666666666666,3,moderate_taxation,2.041438779331321,0.02060195441242424,244.970181285229,236.63426594385513,0,,0.0003175682425035693,253.4787866985739
linucb,1,25,0,0,9,1.0,0.8333333333333334,0.1,0.0,3,moderate_taxation,10.118290610614807,2917.3699619718477,864.1104778371554,739.8811269985001,0,,1.4853708961653926,739.8811269985001
contextual_thompson,1,25,0,0,9,1.0,0.8333333333333334,0.1,0.0,3,moderate_taxation,10.118290610614807,2917.3699619718477,864.1104778371554,739.8811269985001,0,,1.4853708961653926,739.8811269985001
discretized_contextual,1,25,0,0,9,1.0,0.8333333333333334,0.1,0.0,4,high_taxation,9.919364828836628,2630.4171257777757,874.6737243670624,769.2682333080999,0,,1.1885390363166835,769.2682333080999
linucb,1,25,1,10,19,1.0,0.6165676058320835,0.14853708961653928,0.08333333333333333,3,moderate_taxation,8.091235544999945,3463.7698951987013,555.2958779761493,396.1874607197347,0,,1.852135913276932,396.1874607197347
contextual_thompson,1,25,1,10,19,1.0,0.6165676058320835,0.14853708961653928,0.08333333333333333,3,moderate_taxation,8.091235544999945,3463.7698951987013,555.2958779761493,396.1874607197347,0,,1.852135913276932,396.1874607197347
discretized_contextual,1,25,1,10,19,1.0,0.6410568610900832,0.11885390363166834,0.08333333333333333,3,moderate_taxation,8.178003035505586,2986.1925834489584,623.0172542467956,491.66963973599195,0,,1.574417467545265,491.66963973599195
linucb,1,25,2,20,29,1.0,0.33015621726644556,0.1852135913276932,0.16666666666666666,3,moderate_taxation,2.9053361526327284,765.8368160274092,256.7399203926382,185.10785301335062,0,,1.0161203923383744,185.10785301335062
contextual_thompson,1,25,2,20,29,1.0,0.33015621726644556,0.1852135913276932,0.16666666666666666,3,moderate_taxation,2.9053361526327284,765.8368160274092,256.7399203926382,185.10785301335062,0,,1.0161203923383744,185.10785301335062
discretized_contextual,1,25,2,20,29,1.0,0.4097246997799933,0.1574417467545265,0.16666666666666666,5,hard_capacity_control,4.509318332847401,1766.7432579630843,329.1090089861179,221.40591200555292,0,,1.360114973380839,221.40591200555292
linucb,1,25,3,30,39,1.0,0.1542565441777922,0.10161203923383744,0.25,3,moderate_taxation,0.6945658190452897,-587.7337612317224,153.87594963324145,138.1876946879523,0,,0.425656782909363,138.1876946879523
contextual_thompson,1,25,3,30,39,1.0,0.1542565441777922,0.10161203923383744,0.25,3,moderate_taxation,0.6945658190452897,-587.7337612317224,153.87594963324145,138.1876946879523,0,,0.425656782909363,138.1876946879523
discretized_contextual,1,25,3,30,39,1.0,0.1845049266712941,0.1360114973380839,0.25,7,weak_capacity_control,0.850313014107296,-567.0680749714235,170.08573068944634,144.93500032257236,0,,0.569757450319283,144.93500032257236
linucb,1,25,4,40,49,1.0,0.11515641223996025,0.0425656782909363,0.3333333333333333,10,moderate_marine_reserve,0.6809649818485791,-440.28658656964996,134.5501882101875,133.49502007441757,0,,0.1783092812651803,133.55498599516307
contextual_thompson,1,25,4,40,49,1.0,0.11515641223996025,0.0425656782909363,0.3333333333333333,1,baseline_laissez_faire,0.7542938581752301,-339.44227085083014,131.24833548312722,128.2992818432063,0,,0.1783092812651803,128.2992818432063
discretized_contextual,1,25,4,40,49,1.0,0.12077916693547697,0.0569757450319283,0.3333333333333333,10,moderate_marine_reserve,0.5726408187906022,-575.7728232462424,137.80963704442135,134.8088609254208,0,,0.23867361108996046,134.8088609254208
linucb,1,25,5,50,59,1.0,0.1112958216626359,0.01783092812651803,0.4166666666666667,1,baseline_laissez_faire,0.975291214433346,-141.2641726407334,133.98664644888953,133.29572990615512,0,,0.07469445116789143,135.43765084352006
contextual_thompson,1,25,5,50,59,1.0,0.10691606820267192,0.01783092812651803,0.4166666666666667,10,moderate_marine_reserve,0.893714869714485,-190.17372940404363,130.0666318942234,128.43527188673806,0,,0.07469445116789143,132.30960058053947
discretized_contextual,1,25,5,50,59,1.0,0.11234071743785065,0.023867361108996045,0.4166666666666667,10,moderate_marine_reserve,0.8803076432685357,-247.39412718266556,135.32421245414415,134.58230071952892,0,,0.09998130362103973,136.83810623140027
linucb,1,25,6,60,69,1.0,0.11286470903626672,0.007469445116789143,0.5,1,baseline_laissez_faire,1.101664809095548,-56.84713157313192,139.0214328802416,135.970011421189,0,,0.03128979599763559,142.4783317668058
contextual_thompson,1,25,6,60,69,1.0,0.11025800048378288,0.007469445116789143,0.5,10,moderate_marine_reserve,1.0593573135687828,-77.38679299122859,136.40929278720137,132.96371663158004,0,,0.03128979599763559,140.1701932251244
discretized_contextual,1,25,6,60,69,1.0,0.11403175519283357,0.009998130362103973,0.5,10,moderate_marine_reserve,1.0695479121389968,-101.21916212970784,140.49204891224454,137.38354332077319,0,,0.04188255680262347,144.0053061601436
linucb,1,25,7,70,79,1.0,0.11873194313900484,0.0031289795997635587,0.5833333333333334,1,baseline_laissez_faire,1.2085772615855033,-21.88790406175077,147.65581987767047,143.3529819398994,0,,0.013107417194525321,152.1970355458096
contextual_thompson,1,25,7,70,79,1.0,0.11680849435427033,0.0031289795997635587,0.5833333333333334,10,moderate_marine_reserve,1.1818917679667669,-30.873267465142003,145.53180425182907,141.09022129765341,0,,0.013107417194525321,150.17288658553062
discretized_contextual,1,25,7,70,79,1.0,0.12000442180011966,0.0041882556802623466,0.5833333333333334,10,moderate_marine_reserve,1.2033252112052304,-40.438349238501324,149.25162725324782,144.89239186235,0,,0.01754476587916628,153.8497658893009
linucb,1,25,8,80,89,1.0,0.12683086295484133,0.001310741719452532,0.6666666666666666,1,baseline_laissez_faire,1.3115337801899642,-8.14117716618676,158.36099488273814,153.27203860706987,0,,0.0054907480229120205,163.62160534412453
contextual_thompson,1,25,8,80,89,1.0,0.12514407215460885,0.001310741719452532,0.6666666666666666,10,moderate_marine_reserve,1.29098345475287,-12.148798281256589,156.37587036409516,151.2603621081291,0,,0.0054907480229120205,161.6452153679022
discretized_contextual,1,25,8,80,89,1.0,0.12820813824108407,0.0017544765879166277,0.6666666666666666,3,moderate_taxation,1.3219904272783478,-10.687866648000638,159.92139527116183,154.90118963491537,0,,0.007349570638807703,165.13561278295174
linucb,1,25,9,90,99,1.0,0.13635133778677044,0.0005490748022912021,0.75,1,baseline_laissez_faire,1.4181863965330028,-2.91646998330061,170.5323439819564,164.84038128230148,0,,0.002300095694192487,176.37148253149712
contextual_thompson,1,25,9,90,99,1.0,0.1347043461399185,0.0005490748022912021,0.75,7,weak_capacity_control,1.4009442972602464,-3.0005361024470254,168.4733800035232,162.84942932053812,0,,0.002300095694192487,174.24275147898229
discretized_contextual,1,25,9,90,99,1.0,0.1376130106524598,0.0007349570638807703,0.75,3,moderate_taxation,1.4298294713775126,-3.820433566590509,172.0379885932924,166.34970949053272,0,,0.003078763714878997,177.88398369270294
linucb,1,25,10,100,109,1.0,0.14697623544291427,0.00023000956941924872,0.8333333333333334,1,baseline_laissez_faire,1.5318919459389224,-0.9929179127003035,183.94618366219476,177.71323267572186,0,,0.0009635190288038445,190.32071986055433
contextual_thompson,1,25,10,100,109,1.0,0.1452022928991519,0.00023000956941924872,0.8333333333333334,10,moderate_marine_reserve,1.5127880817897887,-1.8074335502492298,181.75146184080458,175.57388336768008,0,,0.0009635190288038445,188.06581136456532
discretized_contextual,1,25,10,100,109,1.0,0.14823665307725245,0.0003078763714878997,0.8333333333333334,3,moderate_taxation,1.5444606854908154,-1.2935032094886076,185.4905026440365,179.22995201906227,0,,0.001289706090040824,191.89797998652352
linucb,1,25,11,110,119,1.0,0.15860059988379527,9.635190288038446e-05,0.9166666666666666,1,baseline_laissez_faire,1.6542505010857051,-0.3113949694851262,198.5474275266228,191.78061200060938,0,,0.00040362186721671755,205.459087645376
contextual_thompson,1,25,11,110,119,1.0,0.1567215094704711,9.635190288038446e-05,0.9166666666666666,7,weak_capacity_control,1.6346393074228858,-0.3282892477676589,196.19611160047842,189.5085880525545,0,,0.00040362186721671755,203.02681540200985
discretized_contextual,1,25,11,110,119,1.0,0.15991498332210294,0.00012897060900408241,0.9166666666666666,3,moderate_taxation,1.6677438874269113,-0.4010691202152832,200.17739478565517,193.3665918640733,0,,0.000540262895346538,207.13608714935708
linucb,1,26,0,0,9,1.0,0.8333333333333334,0.1,0.0,3,moderate_taxation,10.118290610614807,2917.3699619718477,864.1104778371554,739.8811269985001,0,,1.4853708961653926,739.8811269985001
contextual_thompson,1,26,0,0,9,1.0,0.8333333333333334,0.1,0.0,3,moderate_taxation,10.118290610614807,2917.3699619718477,864.1104778371554,739.8811269985001,0,,1.4853708961653926,739.8811269985001
discretized_contextual,1,26,0,0,9,1.0,0.8333333333333334,0.1,0.0,1,baseline_laissez_faire,10.490521369403732,3448.0349987194627,845.0983644821124,685.0617923614428,0,,2.0946658360156425,685.0617923614428
linucb,1,26,1,10,19,1.0,0.6165676058320835,0.14853708961653928,0.08333333333333333,3,moderate_taxation,8.091235544999945,3463.7698951987013,555.2958779761493,396.1874607197347,0,,1.852135913276932,396.1874607197347
contextual_thompson,1,26,1,10,19,1.0,0.6165676058320835,0.14853708961653928,0.08333333333333333,3,moderate_taxation,8.091235544999945,3463.7698951987013,555.2958779761493,396.1874607197347,0,,1.852135913276932,396.1874607197347
discretized_contextual,1,26,1,10,19,1.0,0.570884826967869,0.20946658360156425,0.08333333333333333,4,high_taxation,7.324214420796293,3594.777460708412,447.5324352105458,278.56464632792336,0,,1.8461516924318044,278.56464632792336
linucb,1,26,2,20,29,1.0,0.33015621726644556,0.1852135913276932,0.16666666666666666,3,moderate_taxation,2.9053361526327284,765.8368160274092,256.7399203926382,185.10785301335062,0,,1.0161203923383744,185.10785301335062
contextual_thompson,1,26,2,20,29,1.0,0.33015621726644556,0.1852135913276932,0.16666666666666666,3,moderate_taxation,2.9053361526327284,765.8368160274092,256.7399203926382,185.10785301335062,0,,1.0161203923383744,185.10785301335062
discretized_contextual,1,26,2,20,29,1.0,0.23213720527326948,0.18461516924318044,0.16666666666666666,10,moderate_marine_reserve,0.8526458376843136,-922.1824393109827,212.97939323943552,180.9078880858866,0,,0.7733601215844041,180.9078880858866
linucb,1,26,3,30,39,1.0,0.1542565441777922,0.10161203923383744,0.25,3,moderate_taxation,0.6945658190452897,-587.7337612317224,153.87594963324145,138.1876946879523,0,,0.425656782909363,138.1876946879523
contextual_thompson,1,26,3,30,39,1.0,0.1542565441777922,0.10161203923383744,0.25,1,baseline_laissez_faire,0.6945658190452897,-587.7337612317224,153.87594963324145,138.1876946879523,0,,0.425656782909363,138.1876946879523
discretized_contextual,1,26,3,30,39,1.0,0.1507565734049055,0.07733601215844041,0.25,10,moderate_marine_reserve,0.7350533058733437,-648.9918770593276,166.08542195192055,158.95570629947775,0,,0.3239635616666084,158.95570629947775
linucb,1,26,4,40,49,1.0,0.11515641223996025,0.0425656782909363,0.3333333333333333,1,baseline_laissez_faire,0.7542938581752301,-339.44227085083014,131.24833548312722,128.2992818432063,0,,0.1783092812651803,128.2992818432063
contextual_thompson,1,26,4,40,49,1.0,0.11515641223996025,0.0425656782909363,0.3333333333333333,3,moderate_taxation,0.7542938581752301,-339.44227085083014,131.24833548312722,128.2992818432063,0,,0.1783092812651803,128.2992818432063
discretized_contextual,1,26,4,40,49,1.0,0.13246308858289813,0.03239635616666084,0.3333333333333333,10,moderate_marine_reserve,1.0159123881278609,-294.58320092283554,157.25947068608357,156.8019508826472,0,,0.13570959551508233,157.62020616216776
linucb,1,26,5,50,59,1.0,0.10691606820267192,0.01783092812651803,0.4166666666666667,1,baseline_laissez_faire,0.9244151080734687,-148.3157918370445,128.7277079892616,128.0561653727147,0,,0.07469445116789143,130.13047489823884
contextual_thompson,1,26,5,50,59,1.0,0.10691606820267192,0.01783092812651803,0.4166666666666667,3,moderate_taxation,0.9244151080734687,-148.3157918370445,128.7277079892616,128.0561653727147,0,,0.07469445116789143,130.13047489823884
discretized_contextual,1,26,5,50,59,1.0,0.13135017180180647,0.013570959551508232,0.4166666666666667,10,moderate_marine_reserve,1.2186653989657112,-121.7150528880201,160.84565422244773,158.0272576237168,0,,0.05684927718451349,164.26412659413666
linucb,1,26,6,60,69,1.0,0.10844206241519903,0.007469445116789143,0.5,1,baseline_laissez_faire,1.053289292352996,-59.88260528028704,133.58062771599396,130.64343325662372,0,,0.03128979599763559,136.90672913185583
contextual_thompson,1,26,6,60,69,1.0,0.10844206241519903,0.007469445116789143,0.5,1,baseline_laissez_faire,1.053289292352996,-59.88260528028704,133.58062771599396,130.64343325662372,0,,0.03128979599763559,136.90672913185583
discretized_contextual,1,26,6,60,69,1.0,0.13688677216178055,0.005684927718451349,0.5,3,moderate_taxation,1.379868182535353,-30.5115470492598,169.2455675501535,165.052615668741,0,,0.023814383236021582,173.84287607831695
linucb,1,26,7,70,79,1.0,0.11408894094321319,0.0031289795997635587,0.5833333333333334,1,baseline_laissez_faire,1.1591487767533237,-23.232635256344082,141.8857694411601,137.7479834498531,0,,0.013107417194525321,146.2523882670289
contextual_thompson,1,26,7,70,79,1.0,0.11408894094321319,0.0031289795997635587,0.5833333333333334,1,baseline_laissez_faire,1.1591487767533237,-23.232635256344082,141.8857694411601,137.7479834498531,0,,0.013107417194525321,146.2523882670289
discretized_contextual,1,26,7,70,79,1.0,0.14486906339859745,0.002381438323602158,0.5833333333333334,10,moderate_marine_reserve,1.4869085956161963,-18.830910042717868,180.6887406790697,175.0281156223161,0,,0.009975937725143113,186.56893270290502
linucb,1,26,8,80,89,1.0,0.12187699022252407,0.001310741719452532,0.6666666666666666,1,baseline_laissez_faire,1.2594111570579225,-8.74404053555717,152.17862371121754,147.28596994423168,0,,0.0054907480229120205,157.23620265188882
contextual_thompson,1,26,8,80,89,1.0,0.12187699022252407,0.001310741719452532,0.6666666666666666,7,weak_capacity_control,1.2594111570579225,-8.74404053555717,152.17862371121754,147.28596994423168,0,,0.0054907480229120205,157.23620265188882
discretized_contextual,1,26,8,80,89,1.0,0.1554741105857542,0.0009975937725143114,0.6666666666666666,3,moderate_taxation,1.615137759206844,-3.536036358919712,194.24085546789166,187.91315263071937,0,,0.004178959098357031,200.76128816366662
linucb,1,26,9,90,99,1.0,0.131030168876574,0.0005490748022912021,0.75,1,baseline_laissez_faire,1.3624793302915155,-3.188076229297457,163.88008878249758,158.40791939277182,0,,0.002300095694192487,169.4937602842755
contextual_thompson,1,26,9,90,99,1.0,0.131030168876574,0.0005490748022912021,0.75,1,baseline_laissez_faire,1.3624793302915155,-3.188076229297457,163.88008878249758,158.40791939277182,0,,0.002300095694192487,169.4937602842755
discretized_contextual,1,26,9,90,99,1.0,0.16730107346972217,0.00041789590983570314,0.75,3,moderate_taxation,1.7430047627635514,-1.0122077023101401,209.28203645590338,202.26679627064445,0,,0.001750582213612453,216.46926805386582
linucb,1,26,10,100,109,1.0,0.14124480023689626,0.00023000956941924872,0.8333333333333334,1,baseline_laissez_faire,1.4720186521783978,-1.1155283662261255,176.7761016653549,170.78370959573016,0,,0.0009635190288038445,182.90468030254695
contextual_thompson,1,26,10,100,109,1.0,0.14124480023689626,0.00023000956941924872,0.8333333333333334,10,moderate_marine_reserve,1.4714616316703268,-1.8709358246146113,176.79990809939298,170.78897259595115,0,,0.0009635190288038445,182.9439716731766
discretized_contextual,1,26,10,100,109,1.0,0.18039105671155484,0.0001750582213612453,0.8333333333333334,3,moderate_taxation,1.8812253861670614,-0.20584927769042488,225.77174825337022,218.11841203523454,0,,0.0007333256953438734,233.59431577227
linucb,1,26,11,110,119,1.0,0.15242056691878914,9.635190288038446e-05,0.9166666666666666,1,baseline_laissez_faire,1.5897516825524711,-0.36685210753840325,190.81422415920113,184.30826646343027,0,,0.00040362186721671755,197.45954458596654
contextual_thompson,1,26,11,110,119,1.0,0.15245330972764717,9.635190288038446e-05,0.9166666666666666,7,weak_capacity_control,1.5900934132801774,-0.36655862744856027,190.8551966289151,184.3478562729635,0,,0.00040362186721671755,197.50192880731842
discretized_contextual,1,26,11,110,119,1.0,0.19466192981022498,7.333256953438734e-05,0.9166666666666666,1,baseline_laissez_faire,2.030659900156399,0.013381327112449881,243.6775822595144,235.38463393128814,0,,0.00031836005794423514,252.14270688735024
linucb,1,27,0,0,9,1.0,0.8333333333333334,0.1,0.0,3,moderate_taxation,10.118290610614807,2917.3699619718477,864.1104778371554,739.8811269985001,0,,1.4853708961653926,739.8811269985001
contextual_thompson,1,27,0,0,9,1.0,0.8333333333333334,0.1,0.0,3,moderate_taxation,10.118290610614807,2917.3699619718477,864.1104778371554,739.8811269985001,0,,1.4853708961653926,739.8811269985001
discretized_contextual,1,27,0,0,9,1.0,0.8333333333333334,0.1,0.0,1,baseline_laissez_faire,10.490521369403732,3448.0349987194627,845.0983644821124,685.0617923614428,0,,2.0946658360156425,685.0617923614428
linucb,1,27,1,10,19,1.0,0.6165676058320835,0.14853708961653928,0.08333333333333333,3,moderate_taxation,8.091235544999945,3463.7698951987013,555.2958779761493,396.1874607197347,0,,1.852135913276932,396.1874607197347
contextual_thompson,1,27,1,10,19,1.0,0.6165676058320835,0.14853708961653928,0.08333333333333333,3,moderate_taxation,8.091235544999945,3463.7698951987013,555.2958779761493,396.1874607197347,0,,1.852135913276932,396.1874607197347
discretized_contextual,1,27,1,10,19,1.0,0.570884826967869,0.20946658360156425,0.08333333333333333,4,high_taxation,7.324214420796293,3594.777460708412,447.5324352105458,278.56464632792336,0,,1.8461516924318044,278.56464632792336
linucb,1,27,2,20,29,1.0,0.33015621726644556,0.1852135913276932,0.16666666666666666,3,moderate_taxation,2.9053361526327284,765.8368160274092,256.7399203926382,185.10785301335062,0,,1.0161203923383744,185.10785301335062
contextual_thompson,1,27,2,20,29,1.0,0.33015621726644556,0.1852135913276932,0.16666666666666666,3,moderate_taxation,2.9053361526327284,765.8368160274092,256.7399203926382,185.10785301335062,0,,1.0161203923383744,185.10785301335062
discretized_contextual,1,27,2,20,29,1.0,0.23213720527326948,0.18461516924318044,0.16666666666666666,10,moderate_marine_reserve,0.8526458376843136,-922.1824393109827,212.97939323943552,180.9078880858866,0,,0.7733601215844041,180.9078880858866
linucb,1,27,3,30,39,1.0,0.1542565441777922,0.10161203923383744,0.25,3,moderate_taxation,0.6945658190452897,-587.7337612317224,153.87594963324145,138.1876946879523,0,,0.425656782909363,138.1876946879523
contextual_thompson,1,27,3,30,39,1.0,0.1542565441777922,0.10161203923383744,0.25,7,weak_capacity_control,0.6945658190452897,-587.7337612317224,153.87594963324145,138.1876946879523,0,,0.425656782909363,138.1876946879523
discretized_contextual,1,27,3,30,39,1.0,0.1507565734049055,0.07733601215844041,0.25,10,moderate_marine_reserve,0.7350533058733437,-648.9918770593276,166.08542195192055,158.95570629947775,0,,0.3239635616666084,158.95570629947775
linucb,1,27,4,40,49,1.0,0.11515641223996025,0.0425656782909363,0.3333333333333333,10,moderate_marine_reserve,0.6809649818485791,-440.28658656964996,134.5501882101875,133.49502007441757,0,,0.1783092812651803,133.55498599516307
contextual_thompson,1,27,4,40,49,1.0,0.11515641223996025,0.0425656782909363,0.3333333333333333,7,weak_capacity_control,0.7542938581752301,-339.44227085083014,131.24833548312722,128.2992818432063,0,,0.1783092812651803,128.2992818432063
discretized_contextual,1,27,4,40,49,1.0,0.13246308858289813,0.03239635616666084,0.3333333333333333,10,moderate_marine_reserve,1.0159123881278609,-294.58320092283554,157.25947068608357,156.8019508826472,0,,0.13570959551508233,157.62020616216776
linucb,1,27,5,50,59,1.0,0.1112958216626359,0.01783092812651803,0.4166666666666667,1,baseline_laissez_faire,0.975291214433346,-141.2641726407334,133.98664644888953,133.29572990615512,0,,0.07469445116789143,135.43765084352006
contextual_thompson,1,27,5,50,59,1.0,0.10691606820267192,0.01783092812651803,0.4166666666666667,1,baseline_laissez_faire,0.9244151080734687,-148.3157918370445,128.7277079892616,128.0561653727147,0,,0.07469445116789143,130.13047489823884
discretized_contextual,1,27,5,50,59,1.0,0.13135017180180647,0.013570959551508232,0.4166666666666667,10,moderate_marine_reserve,1.2186653989657112,-121.7150528880201,160.84565422244773,158.0272576237168,0,,0.05684927718451349,164.26412659413666
linucb,1,27,6,60,69,1.0,0.11286470903626672,0.007469445116789143,0.5,1,baseline_laissez_faire,1.101664809095548,-56.84713157313192,139.0214328802416,135.970011421189,0,,0.03128979599763559,142.4783317668058
contextual_thompson,1,27,6,60,69,1.0,0.10844206241519903,0.007469445116789143,0.5,10,moderate_marine_reserve,1.0397404814668634,-78.2937142651388,134.16410348784026,130.7739358788018,0,,0.03128979599763559,137.8647770231063
discretized_contextual,1,27,6,60,69,1.0,0.13688677216178055,0.005684927718451349,0.5,10,moderate_marine_reserve,1.3667571529025775,-48.3231499071157,169.80963633716323,165.17868267640802,0,,0.023814383236021582,174.7695570063254
linucb,1,27,7,70,79,1.0,0.11873194313900484,0.0031289795997635587,0.5833333333333334,1,baseline_laissez_faire,1.2085772615855033,-21.88790406175077,147.65581987767047,143.3529819398994,0,,0.013107417194525321,152.1970355458096
contextual_thompson,1,27,7,70,79,1.0,0.11488731418592192,0.0031289795997635587,0.5833333333333334,7,weak_capacity_control,1.167648191810021,-23.001404393039,142.8779515443672,138.71177566490022,0,,0.013107417194525321,147.27460199663372
discretized_contextual,1,27,7,70,79,1.0,0.1456412975052712,0.002381438323602158,0.5833333333333334,10,moderate_marine_reserve,1.4950578157838057,-18.702965494198995,181.65129375336056,175.96099628879995,0,,0.009975937725143113,187.56234151136022
linucb,1,27,8,80,89,1.0,0.12683086295484133,0.001310741719452532,0.6666666666666666,1,baseline_laissez_faire,1.3115337801899642,-8.14117716618676,158.36099488273814,153.27203860706987,0,,0.0054907480229120205,163.62160534412453
contextual_thompson,1,27,8,80,89,1.0,0.12272883499719477,0.001310741719452532,0.6666666666666666,7,weak_capacity_control,1.2683740227364422,-8.640374144837224,153.24172762575353,148.31530839779293,0,,0.0054907480229120205,158.33422970819737
discretized_contextual,1,27,8,80,89,1.0,0.15630195125946686,0.0009975937725143114,0.6666666666666666,3,moderate_taxation,1.6238287338766422,-3.4592992966080343,195.27456398079005,188.9136200173794,0,,0.004178959098357031,201.8292536993598
linucb,1,27,9,90,99,1.0,0.13635133778677044,0.0005490748022912021,0.75,1,baseline_laissez_faire,1.4181863965330028,-2.91646998330061,170.5323439819564,164.84038128230148,0,,0.002300095694192487,176.37148253149712
contextual_thompson,1,27,9,90,99,1.0,0.1319451914234978,0.0005490748022912021,0.75,1,baseline_laissez_faire,1.3720587771303017,-3.1413707075628463,165.02401774054374,159.5140411176352,0,,0.002300095694192487,170.67647283193565
discretized_contextual,1,27,9,90,99,1.0,0.1681910447494665,0.00041789590983570314,0.75,3,moderate_taxation,1.7523125169919966,-0.9769911018890053,210.39474097126626,203.3426673263701,0,,0.001750582213612453,217.6197027491112
linucb,1,27,10,100,109,1.0,0.14697623544291427,0.00023000956941924872,0.8333333333333334,1,baseline_laissez_faire,1.5318919459389224,-0.9929179127003035,183.94618366219476,177.71323267572186,0,,0.0009635190288038445,190.32071986055433
contextual_thompson,1,27,10,100,109,1.0,0.14223039402661306,0.00023000956941924872,0.8333333333333334,7,weak_capacity_control,1.4823147708309365,-1.0944437314181066,178.00910574748255,171.97533276741737,0,,0.0009635190288038445,184.1799944919074
discretized_contextual,1,27,10,100,109,1.0,0.181349752290926,0.0001750582213612453,0.8333333333333334,3,moderate_taxation,1.8912348986006156,-0.18995187307953337,226.97098205684338,219.27750127533582,0,,0.0007333256953438734,234.83456592694614
linucb,1,27,11,110,119,1.0,0.15860059988379527,9.635190288038446e-05,0.9166666666666666,1,baseline_laissez_faire,1.6542505010857051,-0.3113949694851262,198.5474275266228,191.78061200060938,0,,0.00040362186721671755,205.459087645376
contextual_thompson,1,27,11,110,119,1.0,0.15348332874325615,9.635190288038446e-05,0.9166666666666666,7,weak_capacity_control,1.6008435017320768,-0.3573263881222376,192.14409937442386,185.59326668704597,0,,0.00040362186721671755,198.83523884418634
discretized_contextual,1,27,11,110,119,1.0,0.19569547160578846,7.333256953438734e-05,0.9166666666666666,3,moderate_taxation,2.041438779331321,0.02060195441242424,244.970181285229,236.63426594385513,0,,0.0003175682425035693,253.4787866985739
linucb,1,28,0,0,9,1.0,0.8333333333333334,0.1,0.0,3,moderate_taxation,10.118290610614807,2917.3699619718477,864.1104778371554,739.8811269985001,0,,1.4853708961653926,739.8811269985001
contextual_thompson,1,28,0,0,9,1.0,0.8333333333333334,0.1,0.0,3,moderate_taxation,10.118290610614807,2917.3699619718477,864.1104778371554,739.8811269985001,0,,1.4853708961653926,739.8811269985001
discretized_contextual,1,28,0,0,9,1.0,0.8333333333333334,0.1,0.0,1,baseline_laissez_faire,10.490521369403732,3448.0349987194627,845.0983644821124,685.0617923614428,0,,2.0946658360156425,685.0617923614428
linucb,1,28,1,10,19,1.0,0.6165676058320835,0.14853708961653928,0.08333333333333333,3,moderate_taxation,8.091235544999945,3463.7698951987013,555.2958779761493,396.1874607197347,0,,1.852135913276932,396.1874607197347
contextual_thompson,1,28,1,10,19,1.0,0.6165676058320835,0.14853708961653928,0.08333333333333333,3,moderate_taxation,8.091235544999945,3463.7698951987013,555.2958779761493,396.1874607197347,0,,1.852135913276932,396.1874607197347
discretized_contextual,1,28,1,10,19,1.0,0.570884826967869,0.20946658360156425,0.08333333333333333,4,high_taxation,7.324214420796293,3594.777460708412,447.5324352105458,278.56464632792336,0,,1.8461516924318044,278.56464632792336
linucb,1,28,2,20,29,1.0,0.33015621726644556,0.1852135913276932,0.16666666666666666,3,moderate_taxation,2.9053361526327284,765.8368160274092,256.7399203926382,185.10785301335062,0,,1.0161203923383744,185.10785301335062
contextual_thompson,1,28,2,20,29,1.0,0.33015621726644556,0.1852135913276932,0.16666666666666666,3,moderate_taxation,2.9053361526327284,765.8368160274092,256.7399203926382,185.10785301335062,0,,1.0161203923383744,185.10785301335062
discretized_contextual,1,28,2,20,29,1.0,0.23213720527326948,0.18461516924318044,0.16666666666666666,10,moderate_marine_reserve,0.8526458376843136,-922.1824393109827,212.97939323943552,180.9078880858866,0,,0.7733601215844041,180.9078880858866
linucb,1,28,3,30,39,1.0,0.1542565441777922,0.10161203923383744,0.25,3,moderate_taxation,0.6945658190452897,-587.7337612317224,153.87594963324145,138.1876946879523,0,,0.425656782909363,138.1876946879523
contextual_thompson,1,28,3,30,39,1.0,0.1542565441777922,0.10161203923383744,0.25,3,moderate_taxation,0.6945658190452897,-587.7337612317224,153.87594963324145,138.1876946879523,0,,0.425656782909363,138.1876946879523
discretized_contextual,1,28,3,30,39,1.0,0.1507565734049055,0.07733601215844041,0.25,10,moderate_marine_reserve,0.7350533058733437,-648.9918770593276,166.08542195192055,158.95570629947775,0,,0.3239635616666084,158.95570629947775
linucb,1,28,4,40,49,1.0,0.11515641223996025,0.0425656782909363,0.3333333333333333,10,moderate_marine_reserve,0.6809649818485791,-440.28658656964996,134.5501882101875,133.49502007441757,0,,0.1783092812651803,133.55498599516307
contextual_thompson,1,28,4,40,49,1.0,0.11515641223996025,0.0425656782909363,0.3333333333333333,1,baseline_laissez_faire,0.7542938581752301,-339.44227085083014,131.24833548312722,128.2992818432063,0,,0.1783092812651803,128.2992818432063
discretized_contextual,1,28,4,40,49,1.0,0.13246308858289813,0.03239635616666084,0.3333333333333333,10,moderate_marine_reserve,1.0159123881278609,-294.58320092283554,157.25947068608357,156.8019508826472,0,,0.13570959551508233,157.62020616216776
linucb,1,28,5,50,59,1.0,0.1112958216626359,0.01783092812651803,0.4166666666666667,1,baseline_laissez_faire,0.975291214433346,-141.2641726407334,133.98664644888953,133.29572990615512,0,,0.07469445116789143,135.43765084352006
contextual_thompson,1,28,5,50,59,1.0,0.10691606820267192,0.01783092812651803,0.4166666666666667,3,moderate_taxation,0.9244151080734687,-148.3157918370445,128.7277079892616,128.0561653727147,0,,0.07469445116789143,130.13047489823884
discretized_contextual,1,28,5,50,59,1.0,0.13135017180180647,0.013570959551508232,0.4166666666666667,10,moderate_marine_reserve,1.2186653989657112,-121.7150528880201,160.84565422244773,158.0272576237168,0,,0.05684927718451349,164.26412659413666
linucb,1,28,6,60,69,1.0,0.11286470903626672,0.007469445116789143,0.5,1,baseline_laissez_faire,1.101664809095548,-56.84713157313192,139.0214328802416,135.970011421189,0,,0.03128979599763559,142.4783317668058
contextual_thompson,1,28,6,60,69,1.0,0.10844206241519903,0.007469445116789143,0.5,7,weak_capacity_control,1.053289292352996,-59.88260528028704,133.58062771599396,130.64343325662372,0,,0.03128979599763559,136.90672913185583
discretized_contextual,1,28,6,60,69,1.0,0.13688677216178055,0.005684927718451349,0.5,10,moderate_marine_reserve,1.3667571529025775,-48.3231499071157,169.80963633716323,165.17868267640802,0,,0.023814383236021582,174.7695570063254
linucb,1,28,7,70,79,1.0,0.11873194313900484,0.0031289795997635587,0.5833333333333334,1,baseline_laissez_faire,1.2085772615855033,-21.88790406175077,147.65581987767047,143.3529819398994,0,,0.013107417194525321,152.1970355458096
contextual_thompson,1,28,7,70,79,1.0,0.11408894094321319,0.0031289795997635587,0.5833333333333334,10,moderate_marine_reserve,1.1530842822921425,-31.464790901638857,142.14588878325378,137.80581452879383,0,,0.013107417194525321,146.68068635302998
discretized_contextual,1,28,7,70,79,1.0,0.1456412975052712,0.002381438323602158,0.5833333333333334,10,moderate_marine_reserve,1.4950578157838057,-18.702965494198995,181.65129375336056,175.96099628879995,0,,0.009975937725143113,187.56234151136022
linucb,1,28,8,80,89,1.0,0.12683086295484133,0.001310741719452532,0.6666666666666666,1,baseline_laissez_faire,1.3115337801899642,-8.14117716618676,158.36099488273814,153.27203860706987,0,,0.0054907480229120205,163.62160534412453
contextual_thompson,1,28,8,80,89,1.0,0.12223390529419165,0.001310741719452532,0.6666666666666666,10,moderate_marine_reserve,1.26042891605737,-12.41456173270279,152.74121733480877,147.7432084964078,0,,0.0054907480229120205,157.88947139096987
discretized_contextual,1,28,8,80,89,1.0,0.15630195125946686,0.0009975937725143114,0.6666666666666666,4,high_taxation,1.6238287338766422,-3.4592992966080343,195.27456398079005,188.9136200173794,0,,0.004178959098357031,201.8292536993598
linucb,1,28,9,90,99,1.0,0.13635133778677044,0.0005490748022912021,0.75,1,baseline_laissez_faire,1.4181863965330028,-2.91646998330061,170.5323439819564,164.84038128230148,0,,0.002300095694192487,176.37148253149712
contextual_thompson,1,28,9,90,99,1.0,0.1315745594924749,0.0005490748022912021,0.75,10,moderate_marine_reserve,1.3669411865344943,-4.838610082064304,164.61357559398704,159.07770773043865,0,,0.002300095694192487,170.2847148581214
discretized_contextual,1,28,9,90,99,1.0,0.1681910447494665,0.00041789590983570314,0.75,3,moderate_taxation,1.7523125169919966,-0.9769911018890053,210.39474097126626,203.3426673263701,0,,0.001750582213612453,217.6197027491112
linucb,1,28,10,100,109,1.0,0.14697623544291427,0.00023000956941924872,0.8333333333333334,1,baseline_laissez_faire,1.5318919459389224,-0.9929179127003035,183.94618366219476,177.71323267572186,0,,0.0009635190288038445,190.32071986055433
contextual_thompson,1,28,10,100,109,1.0,0.1419039290484345,0.00023000956941924872,0.8333333333333334,10,moderate_marine_reserve,1.4783447038375737,-1.860359317961412,177.62460757866424,171.5859109560978,0,,0.0009635190288038445,183.7970394048367
discretized_contextual,1,28,10,100,109,1.0,0.181349752290926,0.0001750582213612453,0.8333333333333334,3,moderate_taxation,1.8912348986006156,-0.18995187307953337,226.97098205684338,219.27750127533582,0,,0.0007333256953438734,234.83456592694614
linucb,1,28,11,110,119,1.0,0.15860059988379527,9.635190288038446e-05,0.9166666666666666,1,baseline_laissez_faire,1.6542505010857051,-0.3113949694851262,198.5474275266228,191.78061200060938,0,,0.00040362186721671755,205.459087645376
contextual_thompson,1,28,11,110,119,1.0,0.1531641995040306,9.635190288038446e-05,0.9166666666666666,10,moderate_marine_reserve,1.5972596902804277,-0.7034584779591914,191.75557785100642,185.2097939328315,0,,0.00040362186721671755,198.43999642041024
discretized_contextual,1,28,11,110,119,1.0,0.19569547160578846,7.333256953438734e-05,0.9166666666666666,3,moderate_taxation,2.041438779331321,0.02060195441242424,244.970181285229,236.63426594385513,0,,0.0003175682425035693,253.4787866985739
linucb,1,29,0,0,9,1.0,0.8333333333333334,0.1,0.0,3,moderate_taxation,10.118290610614807,2917.3699619718477,864.1104778371554,739.8811269985001,0,,1.4853708961653926,739.8811269985001
contextual_thompson,1,29,0,0,9,1.0,0.8333333333333334,0.1,0.0,3,moderate_taxation,10.118290610614807,2917.3699619718477,864.1104778371554,739.8811269985001,0,,1.4853708961653926,739.8811269985001
discretized_contextual,1,29,0,0,9,1.0,0.8333333333333334,0.1,0.0,1,baseline_laissez_faire,10.490521369403732,3448.0349987194627,845.0983644821124,685.0617923614428,0,,2.0946658360156425,685.0617923614428
linucb,1,29,1,10,19,1.0,0.6165676058320835,0.14853708961653928,0.08333333333333333,3,moderate_taxation,8.091235544999945,3463.7698951987013,555.2958779761493,396.1874607197347,0,,1.852135913276932,396.1874607197347
contextual_thompson,1,29,1,10,19,1.0,0.6165676058320835,0.14853708961653928,0.08333333333333333,3,moderate_taxation,8.091235544999945,3463.7698951987013,555.2958779761493,396.1874607197347,0,,1.852135913276932,396.1874607197347
discretized_contextual,1,29,1,10,19,1.0,0.570884826967869,0.20946658360156425,0.08333333333333333,4,high_taxation,7.324214420796293,3594.777460708412,447.5324352105458,278.56464632792336,0,,1.8461516924318044,278.56464632792336
linucb,1,29,2,20,29,1.0,0.33015621726644556,0.1852135913276932,0.16666666666666666,3,moderate_taxation,2.9053361526327284,765.8368160274092,256.7399203926382,185.10785301335062,0,,1.0161203923383744,185.10785301335062
contextual_thompson,1,29,2,20,29,1.0,0.33015621726644556,0.1852135913276932,0.16666666666666666,3,moderate_taxation,2.9053361526327284,765.8368160274092,256.7399203926382,185.10785301335062,0,,1.0161203923383744,185.10785301335062
discretized_contextual,1,29,2,20,29,1.0,0.23213720527326948,0.18461516924318044,0.16666666666666666,10,moderate_marine_reserve,0.8526458376843136,-922.1824393109827,212.97939323943552,180.9078880858866,0,,0.7733601215844041,180.9078880858866
linucb,1,29,3,30,39,1.0,0.1542565441777922,0.10161203923383744,0.25,3,moderate_taxation,0.6945658190452897,-587.7337612317224,153.87594963324145,138.1876946879523,0,,0.425656782909363,138.1876946879523
contextual_thompson,1,29,3,30,39,1.0,0.1542565441777922,0.10161203923383744,0.25,3,moderate_taxation,0.6945658190452897,-587.7337612317224,153.87594963324145,138.1876946879523,0,,0.425656782909363,138.1876946879523
discretized_contextual,1,29,3,30,39,1.0,0.1507565734049055,0.07733601215844041,0.25,10,moderate_marine_reserve,0.7350533058733437,-648.9918770593276,166.08542195192055,158.95570629947775,0,,0.3239635616666084,158.95570629947775
linucb,1,29,4,40,49,1.0,0.11515641223996025,0.0425656782909363,0.3333333333333333,10,moderate_marine_reserve,0.6809649818485791,-440.28658656964996,134.5501882101875,133.49502007441757,0,,0.1783092812651803,133.55498599516307
contextual_thompson,1,29,4,40,49,1.0,0.11515641223996025,0.0425656782909363,0.3333333333333333,3,moderate_taxation,0.7542938581752301,-339.44227085083014,131.24833548312722,128.2992818432063,0,,0.1783092812651803,128.2992818432063
discretized_contextual,1,29,4,40,49,1.0,0.13246308858289813,0.03239635616666084,0.3333333333333333,10,moderate_marine_reserve,1.0159123881278609,-294.58320092283554,157.25947068608357,156.8019508826472,0,,0.13570959551508233,157.62020616216776
linucb,1,29,5,50,59,1.0,0.1112958216626359,0.01783092812651803,0.4166666666666667,1,baseline_laissez_faire,0.975291214433346,-141.2641726407334,133.98664644888953,133.29572990615512,0,,0.07469445116789143,135.43765084352006
contextual_thompson,1,29,5,50,59,1.0,0.10691606820267192,0.01783092812651803,0.4166666666666667,7,weak_capacity_control,0.9244151080734687,-148.3157918370445,128.7277079892616,128.0561653727147,0,,0.07469445116789143,130.13047489823884
discretized_contextual,1,29,5,50,59,1.0,0.13135017180180647,0.013570959551508232,0.4166666666666667,10,moderate_marine_reserve,1.2186653989657112,-121.7150528880201,160.84565422244773,158.0272576237168,0,,0.05684927718451349,164.26412659413666
linucb,1,29,6,60,69,1.0,0.11286470903626672,0.007469445116789143,0.5,1,baseline_laissez_faire,1.101664809095548,-56.84713157313192,139.0214328802416,135.970011421189,0,,0.03128979599763559,142.4783317668058
contextual_thompson,1,29,6,60,69,1.0,0.10844206241519903,0.007469445116789143,0.5,1,baseline_laissez_faire,1.053289292352996,-59.88260528028704,133.58062771599396,130.64343325662372,0,,0.03128979599763559,136.90672913185583
discretized_contextual,1,29,6,60,69,1.0,0.13688677216178055,0.005684927718451349,0.5,11,strong_marine_reserve,1.3588631630970838,-59.04054003252725,170.14844437555328,165.25399508260853,0,,0.023814383236021582,175.32710210396436
linucb,1,29,7,70,79,1.0,0.11873194313900484,0.0031289795997635587,0.5833333333333334,1,baseline_laissez_faire,1.2085772615855033,-21.88790406175077,147.65581987767047,143.3529819398994,0,,0.013107417194525321,152.1970355458096
contextual_thompson,1,29,7,70,79,1.0,0.11408894094321319,0.0031289795997635587,0.5833333333333334,1,baseline_laissez_faire,1.1591487767533237,-23.232635256344082,141.8857694411601,137.7479834498531,0,,0.013107417194525321,146.2523882670289
discretized_contextual,1,29,7,70,79,1.0,0.1461059184199703,0.002381438323602158,0.5833333333333334,10,moderate_marine_reserve,1.4999608432013767,-18.625986803627676,182.23041960060056,176.5222711645841,0,,0.009975937725143113,188.16003019325413
linucb,1,29,8,80,89,1.0,0.12683086295484133,0.001310741719452532,0.6666666666666666,1,baseline_laissez_faire,1.3115337801899642,-8.14117716618676,158.36099488273814,153.27203860706987,0,,0.0054907480229120205,163.62160534412453
contextual_thompson,1,29,8,80,89,1.0,0.12187699022252407,0.001310741719452532,0.6666666666666666,1,baseline_laissez_faire,1.2594111570579225,-8.74404053555717,152.17862371121754,147.28596994423168,0,,0.0054907480229120205,157.23620265188882
discretized_contextual,1,29,8,80,89,1.0,0.1568000251610451,0.0009975937725143114,0.6666666666666666,3,moderate_taxation,1.6290577149972896,-3.413090228022996,195.89649662703755,189.51555512696453,0,,0.004178959098357031,202.4717933877454
linucb,1,29,9,90,99,1.0,0.13635133778677044,0.0005490748022912021,0.75,1,baseline_laissez_faire,1.4181863965330028,-2.91646998330061,170.5323439819564,164.84038128230148,0,,0.002300095694192487,176.37148253149712
contextual_thompson,1,29,9,90,99,1.0,0.131030168876574,0.0005490748022912021,0.75,10,moderate_marine_reserve,1.3612470290579313,-4.859455450761562,163.93277814104314,158.41957454175116,0,,0.002300095694192487,169.5807004905229
discretized_contextual,1,29,9,90,99,1.0,0.16872649448978783,0.00041789590983570314,0.75,5,hard_capacity_control,1.757912489335043,-0.9558031515990635,211.06419509839705,203.98996289979053,0,,0.001750582213612453,218.3118548063805
linucb,1,29,10,100,109,1.0,0.14697623544291427,0.00023000956941924872,0.8333333333333334,1,baseline_laissez_faire,1.5318919459389224,-0.9929179127003035,183.94618366219476,177.71323267572186,0,,0.0009635190288038445,190.32071986055433
contextual_thompson,1,29,10,100,109,1.0,0.14131725040876908,0.00023000956941924872,0.8333333333333334,1,baseline_laissez_faire,1.4727755131654614,-1.113978449670506,176.86673899381586,170.8713048541619,0,,0.0009635190288038445,182.99842801726516
discretized_contextual,1,29,10,100,109,1.0,0.18192654567198374,0.0001750582213612453,0.8333333333333334,3,moderate_taxation,1.897257034950131,-0.1803873246040088,227.6924906729682,219.97485975563387,0,,0.0007333256953438734,235.58074902798634
linucb,1,29,11,110,119,1.0,0.15860059988379527,9.635190288038446e-05,0.9166666666666666,1,baseline_laissez_faire,1.6542505010857051,-0.3113949694851262,198.5474275266228,191.78061200060938,0,,0.00040362186721671755,205.459087645376
contextual_thompson,1,29,11,110,119,1.0,0.15249869001438762,9.635190288038446e-05,0.9166666666666666,7,weak_capacity_control,1.590567038956501,-0.36615187527707815,190.91198289981338,184.40272623988534,0,,0.00040362186721671755,197.56067170121264
discretized_contextual,1,29,11,110,119,1.0,0.19631729085665528,7.333256953438734e-05,0.9166666666666666,3,moderate_taxation,2.0479231058180587,0.025002018296802334,245.74777245597141,237.38609292069577,0,,0.000318780811215061,254.28245650737685
linucb,2,0,0,0,9,1.0,0.8333333333333334,0.1,0.0,11,strong_marine_reserve,9.792141478367618,2535.374790314274,870.8120025664012,750.1462119556977,0,,1.6231724943666623,750.1462119556977
contextual_thompson,2,0,0,0,9,1.0,0.8333333333333334,0.1,0.0,11,strong_marine_reserve,9.792141478367618,2535.374790314274,870.8120025664012,750.1462119556977,0,,1.6231724943666623,750.1462119556977
discretized_contextual,2,0,0,0,9,1.0,0.8333333333333334,0.1,0.0,11,strong_marine_reserve,9.792141478367618,2535.374790314274,870.8120025664012,750.1462119556977,0,,1.6231724943666623,750.1462119556977
linucb,2,0,1,10,19,1.0,0.6251218432964147,0.16231724943666623,0.08333333333333333,1,baseline_laissez_faire,8.477824768140737,4112.878671603311,523.793531584491,316.05665030206364,0,,2.579618925738808,316.05665030206364
contextual_thompson,2,0,1,10,19,1.0,0.6251218432964147,0.16231724943666623,0.08333333333333333,1,baseline_laissez_faire,8.477824768140737,4112.878671603311,523.793531584491,316.05665030206364,0,,2.579618925738808,316.05665030206364
discretized_contextual,2,0,1,10,19,1.0,0.6251218432964147,0.16231724943666623,0.08333333333333333,1,baseline_laissez_faire,8.477824768140737,4112.878671603311,523.793531584491,316.05665030206364,0,,2.579618925738808,316.05665030206364
linucb,2,0,2,20,29,1.0,0.2633805419183864,0.2579618925738808,0.16666666666666666,3,moderate_taxation,0.9400577070607461,-551.6784017043227,179.00833305180825,121.00352564787883,0,,1.1586917667979624,121.00352564787883
contextual_thompson,2,0,2,20,29,1.0,0.2633805419183864,0.2579618925738808,0.16666666666666666,3,moderate_taxation,0.9400577070607461,-551.6784017043227,179.00833305180825,121.00352564787883,0,,1.1586917667979624,121.00352564787883
discretized_contextual,2,0,2,20,29,1.0,0.2633805419183864,0.2579618925738808,0.16666666666666666,3,moderate_taxation,0.9400577070607461,-551.6784017043227,179.00833305180825,121.00352564787883,0,,1.1586917667979624,121.00352564787883
linucb,2,0,3,30,39,1.0,0.10083627137323235,0.11586917667979624,0.25,4,high_taxation,-100.35738545183013,-1174.6096715232866,98.06690636317913,86.61141285119983,1,0,0.4853804859715346,86.61141285119983
contextual_thompson,2,0,3,30,39,1.0,0.10083627137323235,0.11586917667979624,0.25,4,high_taxation,-100.35738545183013,-1174.6096715232866,98.06690636317913,86.61141285119983,1,0,0.4853804859715346,86.61141285119983
discretized_contextual,2,0,3,30,39,1.0,0.10083627137323235,0.11586917667979624,0.25,4,high_taxation,-100.35738545183013,-1174.6096715232866,98.06690636317913,86.61141285119983,1,0,0.4853804859715346,86.61141285119983
linucb,2,0,4,40,49,1.0,0.07217617737599986,0.04853804859715346,0.3333333333333333,7,weak_capacity_control,-99.88815506109853,-566.2106769873449,81.3666739066583,78.99194432127558,1,0,0.20332777267678895,78.99194432127558
contextual_thompson,2,0,4,40,49,1.0,0.07217617737599986,0.04853804859715346,0.3333333333333333,7,weak_capacity_control,-99.88815506109853,-566.2106769873449,81.3666739066583,78.99194432127558,1,0,0.20332777267678895,78.99194432127558
discretized_contextual,2,0,4,40,49,1.0,0.07217617737599986,0.04853804859715346,0.3333333333333333,7,weak_capacity_control,-99.88815506109853,-566.2106769873449,81.3666739066583,78.99194432127558,1,0,0.20332777267678895,78.99194432127558
linucb,2,0,5,50,59,1.0,0.06582662026772965,0.020332777267678896,0.4166666666666667,5,hard_capacity_control,-99.58529843600505,-242.71171410595218,78.88959337210905,78.61411942354333,1,0,0.08517479448922159,79.52789467543442
contextual_thompson,2,0,5,50,59,1.0,0.06582662026772965,0.020332777267678896,0.4166666666666667,5,hard_capacity_control,-99.58529843600505,-242.71171410595218,78.88959337210905,78.61411942354333,1,0,0.08517479448922159,79.52789467543442
discretized_contextual,2,0,5,50,59,1.0,0.06582662026772965,0.020332777267678896,0.4166666666666667,5,hard_capacity_control,-99.58529843600505,-242.71171410595218,78.88959337210905,78.61411942354333,1,0,0.08517479448922159,79.52789467543442
linucb,2,0,6,60,69,1.0,0.06627324556286202,0.00851747944892216,0.5,10,moderate_marine_reserve,-99.43016543462274,-112.3587159304414,81.86319375692344,79.89156051486358,1,0,0.03568005256130612,84.04409907803593
contextual_thompson,2,0,6,60,69,1.0,0.06627324556286202,0.00851747944892216,0.5,10,moderate_marine_reserve,-99.43016543462274,-112.3587159304414,81.86319375692344,79.89156051486358,1,0,0.03568005256130612,84.04409907803593
discretized_contextual,2,0,6,60,69,1.0,0.06627324556286202,0.00851747944892216,0.5,10,moderate_marine_reserve,-99.43016543462274,-112.3587159304414,81.86319375692344,79.89156051486358,1,0,0.03568005256130612,84.04409907803593
linucb,2,0,7,70,79,1.0,0.0700367492316966,0.0035680052561306123,0.5833333333333334,11,strong_marine_reserve,-99.32172443907615,-49.32129773239702,87.31162303874902,84.60673902692169,1,0,0.014946512737857763,90.13162189836487
contextual_thompson,2,0,7,70,79,1.0,0.0700367492316966,0.0035680052561306123,0.5833333333333334,1,baseline_laissez_faire,-99.31543468706724,-40.78304686847631,87.04180317614986,84.54676506947024,1,0,0.014946512737857763,89.68729361993668
discretized_contextual,2,0,7,70,79,1.0,0.0700367492316966,0.0035680052561306123,0.5833333333333334,1,baseline_laissez_faire,-99.31543468706724,-40.78304686847631,87.04180317614986,84.54676506947024,1,0,0.014946512737857763,89.68729361993668
linucb,2,0,8,80,89,1.0,0.07510968491530406,0.0014946512737857762,0.6666666666666666,1,baseline_laissez_faire,-99.2350215827651,-16.403093329144266,93.7657812676859,90.76390599857189,1,0,0.006261152296205209,96.87398905072425
contextual_thompson,2,0,8,80,89,1.0,0.07473941134994723,0.0014946512737857762,0.6666666666666666,11,strong_marine_reserve,-99.2417483841603,-20.287431172511127,93.42468564146516,90.3432875541114,1,0,0.006261152296205209,96.59624901627566
discretized_contextual,2,0,8,80,89,1.0,0.07473941134994723,0.0014946512737857762,0.6666666666666666,1,baseline_laissez_faire,-99.23892038309273,-16.450673437022367,93.30363484131608,90.31647730858111,1,0,0.006261152296205209,96.39660541376362
linucb,2,0,9,90,99,1.0,0.08072832420893687,0.0006261152296205208,0.75,3,moderate_taxation,-99.16515715954588,-6.560265316366632,100.96837269245705,97.59536878797277,1,0,0.002622821039517908,104.4309776575889
contextual_thompson,2,0,9,90,99,1.0,0.08049687418022972,0.0006261152296205208,0.75,3,moderate_taxation,-99.16758175783116,-6.573141679926369,100.67896606185343,97.31557171923428,1,0,0.002622821039517908,104.13171525318128
discretized_contextual,2,0,9,90,99,1.0,0.08033050451146968,0.0006261152296205208,0.75,3,moderate_taxation,-99.16932459652598,-6.582397405888587,100.47093610558912,97.1144494506513,1,0,0.002622821039517908,103.91660061683282
linucb,2,0,10,100,109,1.0,0.08702581471465741,0.0002622821039517908,0.8333333333333334,3,moderate_taxation,-99.09485769731587,-2.5949396762727557,108.92846908324869,105.22725351294746,1,0,0.0010987099306795612,112.7151981678495
contextual_thompson,2,0,10,100,109,1.0,0.08677642937765107,0.0002622821039517908,0.8333333333333334,3,moderate_taxation,-99.09746428834502,-2.6010242591142894,108.61640830969114,104.92572525325764,1,0,0.0010987099306795612,112.39236185328834
discretized_contextual,2,0,10,100,109,1.0,0.08659716718069402,0.0002622821039517908,0.8333333333333334,7,weak_capacity_control,-99.09933795022668,-2.6053979589129224,108.39209372786745,104.70898183753323,1,0,0.0010987099306795612,112.16030139980462
linucb,2,0,11,110,119,1.0,0.09392933180654124,0.00010987099306795612,0.9166666666666666,1,baseline_laissez_faire,-79.02096567627642,-1.016241678615248,117.60606784826449,113.58283513529828,1,0,0.0004602538616190798,121.71652600141614
contextual_thompson,2,0,11,110,119,1.0,0.09366030154440695,0.00010987099306795612,0.9166666666666666,1,baseline_laissez_faire,-79.02377467579973,-1.0189919519740418,117.26931793827042,113.25753013184358,1,0,0.0004602538616190798,121.3680851304725
discretized_contextual,2,0,11,110,119,1.0,0.09346691783317052,0.00010987099306795612,0.9166666666666666,5,hard_capacity_control,-79.02579383698188,-1.0209688988939525,117.02725583004116,113.02369508746114,1,0,0.0004602538616190798,121.1176190740464
linucb,2,1,0,0,9,1.0,0.8333333333333334,0.1,0.0,11,strong_marine_reserve,9.792141478367618,2535.374790314274,870.8120025664012,750.1462119556977,0,,1.6231724943666623,750.1462119556977
contextual_thompson,2,1,0,0,9,1.0,0.8333333333333334,0.1,0.0,11,strong_marine_reserve,9.792141478367618,2535.374790314274,870.8120025664012,750.1462119556977,0,,1.6231724943666623,750.1462119556977
discretized_contextual,2,1,0,0,9,1.0,0.8333333333333334,0.1,0.0,10,moderate_marine_reserve,10.141336477120525,2989.221945950384,858.253743740417,717.9373143653968,0,,1.8586333167843792,717.9373143653968
linucb,2,1,1,10,19,1.0,0.6251218432964147,0.16231724943666623,0.08333333333333333,11,strong_marine_reserve,7.039917032957406,2134.825288401206,588.6110093467441,469.01049684346464,0,,1.6017458809723943,469.01049684346464
contextual_thompson,2,1,1,10,19,1.0,0.6251218432964147,0.16231724943666623,0.08333333333333333,11,strong_marine_reserve,7.039917032957406,2134.825288401206,588.6110093467441,469.01049684346464,0,,1.6017458809723943,469.01049684346464
discretized_contextual,2,1,1,10,19,1.0,0.5982810953044974,0.1858633316784379,0.08333333333333333,11,strong_marine_reserve,6.483554683924766,1955.6407571935695,543.3496712077435,424.21809979929606,0,,1.587311859591302,424.21809979929606
linucb,2,1,2,20,29,1.0,0.3908420807028872,0.16017458809723945,0.16666666666666666,11,strong_marine_reserve,3.327983315111464,92.62344695034824,388.243184179334,346.04296091517153,0,,0.7299134409591241,346.04296091517153
contextual_thompson,2,1,2,20,29,1.0,0.3908420807028872,0.16017458809723945,0.16666666666666666,11,strong_marine_reserve,3.327983315111464,92.62344695034824,388.243184179334,346.04296091517153,0,,0.7299134409591241,346.04296091517153
discretized_contextual,2,1,2,20,29,1.0,0.35351508316608005,0.15873118595913022,0.16666666666666666,11,strong_marine_reserve,2.7847681805591957,-175.4724259110661,355.2288727764314,320.30140247432894,0,,0.6765912487295058,320.30140247432894
linucb,2,1,3,30,39,1.0,0.28836913409597625,0.07299134409591242,0.25,11,strong_marine_reserve,2.505378607475173,-218.72959897520565,326.89298477404543,318.43169865319777,0,,0.30576357823699835,318.43169865319777
contextual_thompson,2,1,3,30,39,1.0,0.28836913409597625,0.07299134409591242,0.25,11,strong_marine_reserve,2.505378607475173,-218.72959897520565,326.89298477404543,318.43169865319777,0,,0.30576357823699835,318.43169865319777
discretized_contextual,2,1,3,30,39,1.0,0.26691783539527414,0.06765912487295059,0.25,4,high_taxation,2.6595645858333876,305.8319525807618,282.44791599031504,260.7256374936741,0,,0.36173725240697224,260.7256374936741
linucb,2,1,4,40,49,1.0,0.26535974887766484,0.030576357823699836,0.3333333333333333,11,strong_marine_reserve,2.5449179858097106,-110.48572766513612,318.64844561698163,317.3515829056392,0,,0.1280855516969835,321.5563791242414
contextual_thompson,2,1,4,40,49,1.0,0.26535974887766484,0.030576357823699836,0.3333333333333333,11,strong_marine_reserve,2.5449179858097106,-110.48572766513612,318.64844561698163,317.3515829056392,0,,0.1280855516969835,321.5563791242414
discretized_contextual,2,1,4,40,49,1.0,0.21727136457806176,0.03617372524069722,0.3333333333333333,4,high_taxation,2.124318021766113,41.248664912234446,249.96832282246544,245.44800390503477,0,,0.16192392075480555,245.44800390503477
linucb,2,1,5,50,59,1.0,0.26796364927020117,0.012808555169698348,0.4166666666666667,11,strong_marine_reserve,2.705192741463939,-41.23718371661877,329.57159102166696,322.7218298533759,0,,0.053655535587709385,337.40787601774247
contextual_thompson,2,1,5,50,59,1.0,0.26796364927020117,0.012808555169698348,0.4166666666666667,11,strong_marine_reserve,2.705192741463939,-41.23718371661877,329.57159102166696,322.7218298533759,0,,0.053655535587709385,337.40787601774247
discretized_contextual,2,1,5,50,59,1.0,0.20454000325419563,0.016192392075480556,0.4166666666666667,3,moderate_taxation,2.06573216304651,9.946118791916572,246.69432531055122,245.2132509000866,0,,0.07128985275016471,249.53833093834433
linucb,2,1,6,60,69,1.0,0.2811732300147854,0.005365553558770939,0.5,11,strong_marine_reserve,2.897892911394959,-12.714149812554336,349.2728473449016,339.40644896564567,0,,0.022476512464221592,359.70169124817363
contextual_thompson,2,1,6,60,69,1.0,0.2811732300147854,0.005365553558770939,0.5,11,strong_marine_reserve,2.897892911394959,-12.714149812554336,349.2728473449016,339.40644896564567,0,,0.022476512464221592,359.70169124817363
discretized_contextual,2,1,6,60,69,1.0,0.20794860911528695,0.0071289852750164705,0.5,11,strong_marine_reserve,2.1028129196329446,-46.05298558202506,257.8639086257964,250.90943122622778,0,,0.02986359648376414,265.3173767971094
linucb,2,1,7,70,79,1.0,0.29975140937347805,0.0022476512464221594,0.5833333333333334,11,strong_marine_reserve,3.1127541697318795,-2.851999585400242,373.87274031807357,362.1732295349006,0,,0.009415498457348938,385.96299145393067
contextual_thompson,2,1,7,70,79,1.0,0.29975140937347805,0.0022476512464221594,0.5833333333333334,11,strong_marine_reserve,3.1127541697318795,-2.851999585400242,373.87274031807357,362.1732295349006,0,,0.009415498457348938,385.96299145393067
discretized_contextual,2,1,7,70,79,1.0,0.22109781399759115,0.002986359648376414,0.5833333333333334,4,high_taxation,2.2983077888502157,8.229922070392321,274.80934401357877,266.93545852606087,0,,0.01486865212856415,283.0716618750914
linucb,2,1,8,80,89,1.0,0.3216358262116089,0.0009415498457348938,0.6666666666666666,11,strong_marine_reserve,3.3484701017354235,-0.004716831673017952,401.8169782280516,388.76194900763886,0,,0.0040327048117890585,415.19461637224106
contextual_thompson,2,1,8,80,89,1.0,0.3216358262116089,0.0009415498457348938,0.6666666666666666,11,strong_marine_reserve,3.3484701017354235,-0.004716831673017952,401.8169782280516,388.76194900763886,0,,0.0040327048117890585,415.19461637224106
discretized_contextual,2,1,8,80,89,1.0,0.23589305156257617,0.001486865212856415,0.6666666666666666,4,high_taxation,2.458199202620136,6.63985445465624,294.18712177985753,285.01604530687916,0,,0.008126317816340357,303.6483056764846
linucb,2,1,9,90,99,1.0,0.3459955136435342,0.00040327048117890586,0.75,11,strong_marine_reserve,3.6046333088005946,0.5926716218275793,432.484876461452,418.26301006029524,0,,0.00197041194728741,447.00535111939894
contextual_thompson,2,1,9,90,99,1.0,0.3459955136435342,0.00040327048117890586,0.75,11,strong_marine_reserve,3.6046333088005946,0.5926716218275793,432.484876461452,418.26301006029524,0,,0.00197041194728741,447.00535111939894
discretized_contextual,2,1,9,90,99,1.0,0.2530402547304038,0.0008126317816340358,0.75,5,hard_capacity_control,2.638946698438843,5.576295771326116,316.00444832010203,305.8357823640308,0,,0.005984140913573892,326.40625394943595
linucb,2,1,10,100,109,1.0,0.37250445926616577,0.000197041194728741,0.8333333333333334,11,strong_marine_reserve,3.8811669639594273,0.6431552195250375,465.66285704878834,450.3230206551233,0,,0.001123537656131278,481.30275656912534
contextual_thompson,2,1,10,100,109,1.0,0.37250445926616577,0.000197041194728741,0.8333333333333334,11,strong_marine_reserve,3.8811669639594273,0.6431552195250375,465.66285704878834,450.3230206551233,0,,0.001123537656131278,481.30275656912534
discretized_contextual,2,1,10,100,109,1.0,0.27200521162452995,0.0005984140913573891,0.8333333333333334,11,strong_marine_reserve,2.832437194487024,-1.6838541374953726,340.09452583494226,328.829311414967,0,,0.002506779894345363,351.6183404752726
linucb,2,1,11,110,119,1.0,0.4010856304742711,0.0001123537656131278,0.9166666666666666,11,strong_marine_reserve,4.177757359924735,0.6076801609253679,501.2579615716571,484.86893976348637,0,,0.0007516876215313451,517.8944251900839
contextual_thompson,2,1,11,110,119,1.0,0.4010856304742711,0.0001123537656131278,0.9166666666666666,11,strong_marine_reserve,4.177757359924735,0.6076801609253679,501.2579615716571,484.86893976348637,0,,0.0007516876215313451,517.8944251900839
discretized_contextual,2,1,11,110,119,1.0,0.29301528372939384,0.0002506779894345363,0.9166666666666666,7,weak_capacity_control,3.055933862868077,3.0158657884211686,366.35015964955863,354.2394975268048,0,,0.0024689033735154965,378.691798052612
linucb,2,2,0,0,9,1.0,0.8333333333333334,0.1,0.0,11,strong_marine_reserve,9.792141478367618,2535.374790314274,870.8120025664012,750.1462119556977,0,,1.6231724943666623,750.1462119556977
contextual_thompson,2,2,0,0,9,1.0,0.8333333333333334,0.1,0.0,11,strong_marine_reserve,9.792141478367618,2535.374790314274,870.8120025664012,750.1462119556977,0,,1.6231724943666623,750.1462119556977
discretized_contextual,2,2,0,0,9,1.0,0.8333333333333334,0.1,0.0,7,weak_capacity_control,10.490521369403732,3448.0349987194627,845.0983644821124,685.0617923614428,0,,2.0946658360156425,685.0617923614428
linucb,2,2,1,10,19,1.0,0.6251218432964147,0.16231724943666623,0.08333333333333333,11,strong_marine_reserve,7.039917032957406,2134.825288401206,588.6110093467441,469.01049684346464,0,,1.6017458809723943,469.01049684346464
contextual_thompson,2,2,1,10,19,1.0,0.6251218432964147,0.16231724943666623,0.08333333333333333,11,strong_marine_reserve,7.039917032957406,2134.825288401206,588.6110093467441,469.01049684346464,0,,1.6017458809723943,469.01049684346464
discretized_contextual,2,2,1,10,19,1.0,0.570884826967869,0.20946658360156425,0.08333333333333333,4,high_taxation,7.324214420796293,3594.777460708412,447.5324352105458,278.56464632792336,0,,1.8461516924318044,278.56464632792336
linucb,2,2,2,20,29,1.0,0.3908420807028872,0.16017458809723945,0.16666666666666666,11,strong_marine_reserve,3.327983315111464,92.62344695034824,388.243184179334,346.04296091517153,0,,0.7299134409591241,346.04296091517153
contextual_thompson,2,2,2,20,29,1.0,0.3908420807028872,0.16017458809723945,0.16666666666666666,11,strong_marine_reserve,3.327983315111464,92.62344695034824,388.243184179334,346.04296091517153,0,,0.7299134409591241,346.04296091517153
discretized_contextual,2,2,2,20,29,1.0,0.23213720527326948,0.18461516924318044,0.16666666666666666,10,moderate_marine_reserve,0.8526458376843136,-922.1824393109827,212.97939323943552,180.9078880858866,0,,0.7733601215844041,180.9078880858866
linucb,2,2,3,30,39,1.0,0.28836913409597625,0.07299134409591242,0.25,11,strong_marine_reserve,2.505378607475173,-218.72959897520565,326.89298477404543,318.43169865319777,0,,0.30576357823699835,318.43169865319777
contextual_thompson,2,2,3,30,39,1.0,0.28836913409597625,0.07299134409591242,0.25,11,strong_marine_reserve,2.505378607475173,-218.72959897520565,326.89298477404543,318.43169865319777,0,,0.30576357823699835,318.43169865319777
discretized_contextual,2,2,3,30,39,1.0,0.1507565734049055,0.07733601215844041,0.25,7,weak_capacity_control,0.890343524104712,-432.71921034532807,158.76752813400478,147.66760769922038,0,,0.3239635616666084,147.66760769922038
linucb,2,2,4,40,49,1.0,0.26535974887766484,0.030576357823699836,0.3333333333333333,11,strong_marine_reserve,2.5449179858097106,-110.48572766513612,318.64844561698163,317.3515829056392,0,,0.1280855516969835,321.5563791242414
contextual_thompson,2,2,4,40,49,1.0,0.26535974887766484,0.030576357823699836,0.3333333333333333,11,strong_marine_reserve,2.5449179858097106,-110.48572766513612,318.64844561698163,317.3515829056392,0,,0.1280855516969835,321.5563791242414
discretized_contextual,2,2,4,40,49,1.0,0.12305633974935032,0.03239635616666084,0.3333333333333333,4,high_taxation,0.9644244963772122,-230.53681908550473,143.39535785552602,142.0751052512663,0,,0.13570959551508233,142.09827571352147
linucb,2,2,5,50,59,1.0,0.26796364927020117,0.012808555169698348,0.4166666666666667,11,strong_marine_reserve,2.705192741463939,-41.23718371661877,329.57159102166696,322.7218298533759,0,,0.053655535587709385,337.40787601774247
contextual_thompson,2,2,5,50,59,1.0,0.26796364927020117,0.012808555169698348,0.4166666666666667,11,strong_marine_reserve,2.705192741463939,-41.23718371661877,329.57159102166696,322.7218298533759,0,,0.053655535587709385,337.40787601774247
discretized_contextual,2,2,5,50,59,1.0,0.11841522976126789,0.013570959551508232,0.4166666666666667,11,strong_marine_reserve,1.059579640502642,-154.5389449863999,145.69423025868505,142.61970597848912,0,,0.05684927718451349,149.21719798635093
linucb,2,2,6,60,69,1.0,0.2811732300147854,0.005365553558770939,0.5,11,strong_marine_reserve,2.897892911394959,-12.714149812554336,349.2728473449016,339.40644896564567,0,,0.022476512464221592,359.70169124817363
contextual_thompson,2,2,6,60,69,1.0,0.2811732300147854,0.005365553558770939,0.5,11,strong_marine_reserve,2.897892911394959,-12.714149812554336,349.2728473449016,339.40644896564567,0,,0.022476512464221592,359.70169124817363
discretized_contextual,2,2,6,60,69,1.0,0.12434766498862578,0.005684927718451349,0.5,3,moderate_taxation,1.2442266997146334,-37.08092195717078,153.75691460061648,149.9364783845982,0,,0.023814383236021582,157.94356816397294
linucb,2,2,7,70,79,1.0,0.29975140937347805,0.0022476512464221594,0.5833333333333334,11,strong_marine_reserve,3.1127541697318795,-2.851999585400242,373.87274031807357,362.1732295349006,0,,0.009415498457348938,385.96299145393067
contextual_thompson,2,2,7,70,79,1.0,0.29975140937347805,0.0022476512464221594,0.5833333333333334,11,strong_marine_reserve,3.1127541697318795,-2.851999585400242,373.87274031807357,362.1732295349006,0,,0.009415498457348938,385.96299145393067
discretized_contextual,2,2,7,70,79,1.0,0.13161964013664412,0.002381438323602158,0.5833333333333334,4,high_taxation,1.3524221153536946,-13.782889859028472,163.94460062552676,158.97154776340076,0,,0.009975937725143113,169.14673187896182
linucb,2,2,8,80,89,1.0,0.3216358262116089,0.0009415498457348938,0.6666666666666666,11,strong_marine_reserve,3.3484701017354235,-0.004716831673017952,401.8169782280516,388.76194900763886,0,,0.0040327048117890585,415.19461637224106
contextual_thompson,2,2,8,80,89,1.0,0.3216358262116089,0.0009415498457348938,0.6666666666666666,11,strong_marine_reserve,3.3484701017354235,-0.004716831673017952,401.8169782280516,388.76194900763886,0,,0.0040327048117890585,415.19461637224106
discretized_contextual,2,2,8,80,89,1.0,0.14095560989913486,0.0009975937725143114,0.6666666666666666,11,strong_marine_reserve,1.458862025966774,-10.10248687723409,176.27574154128095,170.40347400098875,0,,0.004178959098357031,182.30160412162903
linucb,2,2,9,90,99,1.0,0.3459955136435342,0.00040327048117890586,0.75,11,strong_marine_reserve,3.6046333088005946,0.5926716218275793,432.484876461452,418.26301006029524,0,,0.00197041194728741,447.00535111939894
contextual_thompson,2,2,9,90,99,1.0,0.3459955136435342,0.00040327048117890586,0.75,11,strong_marine_reserve,3.6046333088005946,0.5926716218275793,432.484876461452,418.26301006029524,0,,0.00197041194728741,447.00535111939894
discretized_contextual,2,2,9,90,99,1.0,0.15191800343469086,0.00041789590983570314,0.75,10,moderate_marine_reserve,1.581030902006871,-3.0890775161974355,190.0943975427682,183.68052661619535,0,,0.001750582213612453,196.65880763138347
linucb,2,2,10,100,109,1.0,0.37250445926616577,0.000197041194728741,0.8333333333333334,11,strong_marine_reserve,3.8811669639594273,0.6431552195250375,465.66285704878834,450.3230206551233,0,,0.001123537656131278,481.30275656912534
contextual_thompson,2,2,10,100,109,1.0,0.37250445926616577,0.000197041194728741,0.8333333333333334,11,strong_marine_reserve,3.8811669639594273,0.6431552195250375,465.66285704878834,450.3230206551233,0,,0.001123537656131278,481.30275656912534
discretized_contextual,2,2,10,100,109,1.0,0.16388233969281957,0.0001750582213612453,0.8333333333333334,4,high_taxation,1.708853410205488,-0.4794259136668285,205.1199403342986,198.15874167085315,0,,0.0007333256953438734,212.23530966480484
linucb,2,2,11,110,119,1.0,0.4010856304742711,0.0001123537656131278,0.9166666666666666,11,strong_marine_reserve,4.177757359924735,0.6076801609253679,501.2579615716571,484.86893976348637,0,,0.0007516876215313451,517.8944251900839
contextual_thompson,2,2,11,110,119,1.0,0.4010856304742711,0.0001123537656131278,0.9166666666666666,11,strong_marine_reserve,4.177757359924735,0.6076801609253679,501.2579615716571,484.86893976348637,0,,0.0007516876215313451,517.8944251900839
discretized_contextual,2,2,11,110,119,1.0,0.17686275805400403,7.333256953438734e-05,0.9166666666666666,4,high_taxation,1.8449656469045785,-0.11053548480464957,221.409141886726,213.86385674616363,0,,0.00030719298486522103,229.1139232487687
linucb,2,3,0,0,9,1.0,0.8333333333333334,0.1,0.0,11,strong_marine_reserve,9.792141478367618,2535.374790314274,870.8120025664012,750.1462119556977,0,,1.6231724943666623,750.1462119556977
contextual_thompson,2,3,0,0,9,1.0,0.8333333333333334,0.1,0.0,11,strong_marine_reserve,9.792141478367618,2535.374790314274,870.8120025664012,750.1462119556977,0,,1.6231724943666623,750.1462119556977
discretized_contextual,2,3,0,0,9,1.0,0.8333333333333334,0.1,0.0,3,moderate_taxation,10.118290610614807,2917.3699619718477,864.1104778371554,739.8811269985001,0,,1.4853708961653926,739.8811269985001
linucb,2,3,1,10,19,1.0,0.6251218432964147,0.16231724943666623,0.08333333333333333,11,strong_marine_reserve,7.039917032957406,2134.825288401206,588.6110093467441,469.01049684346464,0,,1.6017458809723943,469.01049684346464
contextual_thompson,2,3,1,10,19,1.0,0.6251218432964147,0.16231724943666623,0.08333333333333333,11,strong_marine_reserve,7.039917032957406,2134.825288401206,588.6110093467441,469.01049684346464,0,,1.6017458809723943,469.01049684346464
discretized_contextual,2,3,1,10,19,1.0,0.6165676058320835,0.14853708961653928,0.08333333333333333,10,moderate_marine_reserve,7.571525697173755,2877.136216699609,563.3267376568974,414.6558837755958,0,,1.9191565756293816,414.6558837755958
linucb,2,3,2,20,29,1.0,0.3908420807028872,0.16017458809723945,0.16666666666666666,11,strong_marine_reserve,3.327983315111464,92.62344695034824,388.243184179334,346.04296091517153,0,,0.7299134409591241,346.04296091517153
contextual_thompson,2,3,2,20,29,1.0,0.3908420807028872,0.16017458809723945,0.16666666666666666,11,strong_marine_reserve,3.327983315111464,92.62344695034824,388.243184179334,346.04296091517153,0,,0.7299134409591241,346.04296091517153
discretized_contextual,2,3,2,20,29,1.0,0.3455465698129965,0.19191565756293816,0.16666666666666666,3,moderate_taxation,3.1222116526516253,926.7670915452508,263.45334733276496,184.9813474819854,0,,1.0894149373538355,184.9813474819854
linucb,2,3,3,30,39,1.0,0.28836913409597625,0.07299134409591242,0.25,11,strong_marine_reserve,2.505378607475173,-218.72959897520565,326.89298477404543,318.43169865319777,0,,0.30576357823699835,318.43169865319777
contextual_thompson,2,3,3,30,39,1.0,0.28836913409597625,0.07299134409591242,0.25,11,strong_marine_reserve,2.505378607475173,-218.72959897520565,326.89298477404543,318.43169865319777,0,,0.30576357823699835,318.43169865319777
discretized_contextual,2,3,3,30,39,1.0,0.1541511229016545,0.10894149373538356,0.25,3,moderate_taxation,0.6145794119746287,-646.1548824343703,151.2881153290799,134.4228803580391,0,,0.45636015277707187,134.4228803580391
linucb,2,3,4,40,49,1.0,0.26535974887766484,0.030576357823699836,0.3333333333333333,11,strong_marine_reserve,2.5449179858097106,-110.48572766513612,318.64844561698163,317.3515829056392,0,,0.1280855516969835,321.5563791242414
contextual_thompson,2,3,4,40,49,1.0,0.26535974887766484,0.030576357823699836,0.3333333333333333,11,strong_marine_reserve,2.5449179858097106,-110.48572766513612,318.64844561698163,317.3515829056392,0,,0.1280855516969835,321.5563791242414
discretized_contextual,2,3,4,40,49,1.0,0.11201906696503258,0.045636015277707186,0.3333333333333333,4,high_taxation,0.678467751724951,-378.47354194533403,126.83295524043422,123.47829176317501,0,,0.19117104227392223,123.47829176317501
linucb,2,3,5,50,59,1.0,0.26796364927020117,0.012808555169698348,0.4166666666666667,11,strong_marine_reserve,2.705192741463939,-41.23718371661877,329.57159102166696,322.7218298533759,0,,0.053655535587709385,337.40787601774247
contextual_thompson,2,3,5,50,59,1.0,0.26796364927020117,0.012808555169698348,0.4166666666666667,11,strong_marine_reserve,2.705192741463939,-41.23718371661877,329.57159102166696,322.7218298533759,0,,0.053655535587709385,337.40787601774247
discretized_contextual,2,3,5,50,59,1.0,0.10289857646931251,0.019117104227392222,0.4166666666666667,3,moderate_taxation,0.8633040944850291,-166.31098593159186,123.55380964999452,123.0459796651768,0,,0.08008229285949589,124.69475551757436
linucb,2,3,6,60,69,1.0,0.2811732300147854,0.005365553558770939,0.5,11,strong_marine_reserve,2.897892911394959,-12.714149812554336,349.2728473449016,339.40644896564567,0,,0.022476512464221592,359.70169124817363
contextual_thompson,2,3,6,60,69,1.0,0.2811732300147854,0.005365553558770939,0.5,11,strong_marine_reserve,2.897892911394959,-12.714149812554336,349.2728473449016,339.40644896564567,0,,0.022476512464221592,359.70169124817363
discretized_contextual,2,3,6,60,69,1.0,0.1039122962646453,0.008008229285949589,0.5,11,strong_marine_reserve,0.9763025289572345,-96.89910775191568,128.78419640509802,125.3613206935404,0,,0.0335467838295554,132.47556800907805
linucb,2,3,7,70,79,1.0,0.29975140937347805,0.0022476512464221594,0.5833333333333334,11,strong_marine_reserve,3.1127541697318795,-2.851999585400242,373.87274031807357,362.1732295349006,0,,0.009415498457348938,385.96299145393067
contextual_thompson,2,3,7,70,79,1.0,0.29975140937347805,0.0022476512464221594,0.5833333333333334,11,strong_marine_reserve,3.1127541697318795,-2.851999585400242,373.87274031807357,362.1732295349006,0,,0.009415498457348938,385.96299145393067
discretized_contextual,2,3,7,70,79,1.0,0.11039630667423171,0.00335467838295554,0.5833333333333334,4,high_taxation,1.1175002591272716,-26.067462147061082,137.22812655291992,133.2750007672586,0,,0.01405287817222475,141.41147582771717
linucb,2,3,8,80,89,1.0,0.3216358262116089,0.0009415498457348938,0.6666666666666666,11,strong_marine_reserve,3.3484701017354235,-0.004716831673017952,401.8169782280516,388.76194900763886,0,,0.0040327048117890585,415.19461637224106
contextual_thompson,2,3,8,80,89,1.0,0.3216358262116089,0.0009415498457348938,0.6666666666666666,11,strong_marine_reserve,3.3484701017354235,-0.004716831673017952,401.8169782280516,388.76194900763886,0,,0.0040327048117890585,415.19461637224106
discretized_contextual,2,3,8,80,89,1.0,0.11784289652309764,0.0014052878172224749,0.6666666666666666,4,high_taxation,1.216039041300032,-9.903449850442765,147.113098938057,142.40446345641976,0,,0.005886805302313479,151.9851618875421
linucb,2,3,9,90,99,1.0,0.3459955136435342,0.00040327048117890586,0.75,11,strong_marine_reserve,3.6046333088005946,0.5926716218275793,432.484876461452,418.26301006029524,0,,0.00197041194728741,447.00535111939894
contextual_thompson,2,3,9,90,99,1.0,0.3459955136435342,0.00040327048117890586,0.75,11,strong_marine_reserve,3.6046333088005946,0.5926716218275793,432.484876461452,418.26301006029524,0,,0.00197041194728741,447.00535111939894
discretized_contextual,2,3,9,90,99,1.0,0.12665430157295174,0.0005886805302313479,0.75,4,high_taxation,1.3163042381907466,-3.657951626231357,158.39546277803737,153.11506190405058,0,,0.0024660056283587525,163.81448681142228
linucb,2,3,10,100,109,1.0,0.37250445926616577,0.000197041194728741,0.8333333333333334,11,strong_marine_reserve,3.8811669639594273,0.6431552195250375,465.66285704878834,450.3230206551233,0,,0.001123537656131278,481.30275656912534
contextual_thompson,2,3,10,100,109,1.0,0.37250445926616577,0.000197041194728741,0.8333333333333334,11,strong_marine_reserve,3.8811669639594273,0.6431552195250375,465.66285704878834,450.3230206551233,0,,0.001123537656131278,481.30275656912534
discretized_contextual,2,3,10,100,109,1.0,0.1365120723428519,0.00024660056283587527,0.8333333333333334,4,high_taxation,1.42243615241263,-1.3046281804987006,170.84889367117546,165.06023064115539,0,,0.0010330193452647697,176.77008835734466
linucb,2,3,11,110,119,1.0,0.4010856304742711,0.0001123537656131278,0.9166666666666666,11,strong_marine_reserve,4.177757359924735,0.6076801609253679,501.2579615716571,484.86893976348637,0,,0.0007516876215313451,517.8944251900839
contextual_thompson,2,3,11,110,119,1.0,0.4010856304742711,0.0001123537656131278,0.9166666666666666,11,strong_marine_reserve,4.177757359924735,0.6076801609253679,501.2579615716571,484.86893976348637,0,,0.0007516876215313451,517.8944251900839
discretized_contextual,2,3,11,110,119,1.0,0.14730840696445388,0.00010330193452647697,0.9166666666666666,4,high_taxation,1.5363424585656604,-0.44245670788040253,184.41418983282492,178.126427620482,0,,0.00043273581999140855,190.8371361039552
linucb,2,4,0,0,9,1.0,0.8333333333333334,0.1,0.0,11,strong_marine_reserve,9.792141478367618,2535.374790314274,870.8120025664012,750.1462119556977,0,,1.6231724943666623,750.1462119556977
contextual_thompson,2,4,0,0,9,1.0,0.8333333333333334,0.1,0.0,11,strong_marine_reserve,9.792141478367618,2535.374790314274,870.8120025664012,750.1462119556977,0,,1.6231724943666623,750.1462119556977
discretized_contextual,2,4,0,0,9,1.0,0.8333333333333334,0.1,0.0,4,high_taxation,9.919364828836628,2630.4171257777757,874.6737243670624,769.2682333080999,0,,1.1885390363166835,769.2682333080999
linucb,2,4,1,10,19,1.0,0.6251218432964147,0.16231724943666623,0.08333333333333333,11,strong_marine_reserve,7.039917032957406,2134.825288401206,588.6110093467441,469.01049684346464,0,,1.6017458809723943,469.01049684346464
contextual_thompson,2,4,1,10,19,1.0,0.6251218432964147,0.16231724943666623,0.08333333333333333,11,strong_marine_reserve,7.039917032957406,2134.825288401206,588.6110093467441,469.01049684346464,0,,1.6017458809723943,469.01049684346464
discretized_contextual,2,4,1,10,19,1.0,0.6410568610900832,0.11885390363166834,0.08333333333333333,7,weak_capacity_control,8.458551594771938,3423.6566562790745,604.1873926191438,439.75484866011607,0,,2.1297810661862275,439.75484866011607
linucb,2,4,2,20,29,1.0,0.3908420807028872,0.16017458809723945,0.16666666666666666,11,strong_marine_reserve,3.327983315111464,92.62344695034824,388.243184179334,346.04296091517153,0,,0.7299134409591241,346.04296091517153
contextual_thompson,2,4,2,20,29,1.0,0.3908420807028872,0.16017458809723945,0.16666666666666666,11,strong_marine_reserve,3.327983315111464,92.62344695034824,388.243184179334,346.04296091517153,0,,0.7299134409591241,346.04296091517153
discretized_contextual,2,4,2,20,29,1.0,0.36646237388343006,0.21297810661862276,0.16666666666666666,11,strong_marine_reserve,2.537051419524008,-304.4577789369149,340.98110381531075,291.9299803616698,0,,0.9176854921985256,291.9299803616698
linucb,2,4,3,30,39,1.0,0.28836913409597625,0.07299134409591242,0.25,11,strong_marine_reserve,2.505378607475173,-218.72959897520565,326.89298477404543,318.43169865319777,0,,0.30576357823699835,318.43169865319777
contextual_thompson,2,4,3,30,39,1.0,0.28836913409597625,0.07299134409591242,0.25,11,strong_marine_reserve,2.505378607475173,-218.72959897520565,326.89298477404543,318.43169865319777,0,,0.30576357823699835,318.43169865319777
discretized_contextual,2,4,3,30,39,1.0,0.2432749836347248,0.09176854921985256,0.25,11,strong_marine_reserve,1.7331883565574173,-510.18810537246475,269.2051754315859,258.3437171767841,0,,0.3844220205372486,258.3437171767841
linucb,2,4,4,40,49,1.0,0.26535974887766484,0.030576357823699836,0.3333333333333333,11,strong_marine_reserve,2.5449179858097106,-110.48572766513612,318.64844561698163,317.3515829056392,0,,0.1280855516969835,321.5563791242414
contextual_thompson,2,4,4,40,49,1.0,0.26535974887766484,0.030576357823699836,0.3333333333333333,11,strong_marine_reserve,2.5449179858097106,-110.48572766513612,318.64844561698163,317.3515829056392,0,,0.1280855516969835,321.5563791242414
discretized_contextual,2,4,4,40,49,1.0,0.2152864309806534,0.03844220205372486,0.3333333333333333,4,high_taxation,2.0878749212760424,33.95473643264304,246.47042218120788,241.33671361782817,0,,0.16925633154696704,241.33671361782817
linucb,2,4,5,50,59,1.0,0.26796364927020117,0.012808555169698348,0.4166666666666667,11,strong_marine_reserve,2.705192741463939,-41.23718371661877,329.57159102166696,322.7218298533759,0,,0.053655535587709385,337.40787601774247
contextual_thompson,2,4,5,50,59,1.0,0.26796364927020117,0.012808555169698348,0.4166666666666667,11,strong_marine_reserve,2.705192741463939,-41.23718371661877,329.57159102166696,322.7218298533759,0,,0.053655535587709385,337.40787601774247
discretized_contextual,2,4,5,50,59,1.0,0.2011139280148568,0.016925633154696702,0.4166666666666667,4,high_taxation,2.0232065441236595,4.568145083775089,242.2366078847861,240.9384501520503,0,,0.07222457959577197,244.8881560929122
linucb,2,4,6,60,69,1.0,0.2811732300147854,0.005365553558770939,0.5,11,strong_marine_reserve,2.897892911394959,-12.714149812554336,349.2728473449016,339.40644896564567,0,,0.022476512464221592,359.70169124817363
contextual_thompson,2,4,6,60,69,1.0,0.2811732300147854,0.005365553558770939,0.5,11,strong_marine_reserve,2.897892911394959,-12.714149812554336,349.2728473449016,339.40644896564567,0,,0.022476512464221592,359.70169124817363
discretized_contextual,2,4,6,60,69,1.0,0.20407346341076016,0.007222457959577197,0.5,4,high_taxation,2.1001453801717958,6.218720236594905,251.27119919222406,245.84310078720694,0,,0.03209404715943873,257.3943277073076
linucb,2,4,7,70,79,1.0,0.29975140937347805,0.0022476512464221594,0.5833333333333334,11,strong_marine_reserve,3.1127541697318795,-2.851999585400242,373.87274031807357,362.1732295349006,0,,0.009415498457348938,385.96299145393067
contextual_thompson,2,4,7,70,79,1.0,0.29975140937347805,0.0022476512464221594,0.5833333333333334,11,strong_marine_reserve,3.1127541697318795,-2.851999585400242,373.87274031807357,362.1732295349006,0,,0.009415498457348938,385.96299145393067
discretized_contextual,2,4,7,70,79,1.0,0.21449527308942298,0.0032094047159438727,0.5833333333333334,4,high_taxation,2.227394936406228,6.582624973698629,266.4974773719035,258.93651129454923,0,,0.015343554439182136,274.4614722514776
linucb,2,4,8,80,89,1.0,0.3216358262116089,0.0009415498457348938,0.6666666666666666,11,strong_marine_reserve,3.3484701017354235,-0.004716831673017952,401.8169782280516,388.76194900763886,0,,0.0040327048117890585,415.19461637224106
contextual_thompson,2,4,8,80,89,1.0,0.3216358262116089,0.0009415498457348938,0.6666666666666666,11,strong_marine_reserve,3.3484701017354235,-0.004716831673017952,401.8169782280516,388.76194900763886,0,,0.0040327048117890585,415.19461637224106
discretized_contextual,2,4,8,80,89,1.0,0.22871789354289798,0.0015343554439182137,0.6666666666666666,4,high_taxation,2.3825479642542784,5.602046749525461,285.2335101005703,276.3425624765481,0,,0.008031120581572751,294.41580100499175
linucb,2,4,9,90,99,1.0,0.3459955136435342,0.00040327048117890586,0.75,11,strong_marine_reserve,3.6046333088005946,0.5926716218275793,432.484876461452,418.26301006029524,0,,0.00197041194728741,447.00535111939894
contextual_thompson,2,4,9,90,99,1.0,0.3459955136435342,0.00040327048117890586,0.75,11,strong_marine_reserve,3.6046333088005946,0.5926716218275793,432.484876461452,418.26301006029524,0,,0.00197041194728741,447.00535111939894
discretized_contextual,2,4,9,90,99,1.0,0.24534650083749313,0.0008031120581572751,0.75,4,high_taxation,2.558260201897168,4.440948861425328,306.45831036428916,296.54088605317605,0,,0.0046299559397531016,316.62827725108565
linucb,2,4,10,100,109,1.0,0.37250445926616577,0.000197041194728741,0.8333333333333334,11,strong_marine_reserve,3.8811669639594273,0.6431552195250375,465.66285704878834,450.3230206551233,0,,0.001123537656131278,481.30275656912534
contextual_thompson,2,4,10,100,109,1.0,0.37250445926616577,0.000197041194728741,0.8333333333333334,11,strong_marine_reserve,3.8811669639594273,0.6431552195250375,465.66285704878834,450.3230206551233,0,,0.001123537656131278,481.30275656912534
discretized_contextual,2,4,10,100,109,1.0,0.26385689770923804,0.00046299559397531013,0.8333333333333334,3,moderate_taxation,2.751885208656721,3.550339967404806,329.80018424271793,318.96411456987244,0,,0.003195777313443145,340.8720009110813
linucb,2,4,11,110,119,1.0,0.4010856304742711,0.0001123537656131278,0.9166666666666666,11,strong_marine_reserve,4.177757359924735,0.6076801609253679,501.2579615716571,484.86893976348637,0,,0.0007516876215313451,517.8944251900839
contextual_thompson,2,4,11,110,119,1.0,0.4010856304742711,0.0001123537656131278,0.9166666666666666,11,strong_marine_reserve,4.177757359924735,0.6076801609253679,501.2579615716571,484.86893976348637,0,,0.0007516876215313451,517.8944251900839
discretized_contextual,2,4,11,110,119,1.0,0.2840600007592344,0.0003195777313443145,0.9166666666666666,4,high_taxation,2.9625036462884418,3.0380619368682202,355.1358701221888,343.40446876702316,0,,0.002210570058228126,367.1121203980958
linucb,2,5,0,0,9,1.0,0.8333333333333334,0.1,0.0,11,strong_marine_reserve,9.792141478367618,2535.374790314274,870.8120025664012,750.1462119556977,0,,1.6231724943666623,750.1462119556977
contextual_thompson,2,5,0,0,9,1.0,0.8333333333333334,0.1,0.0,11,strong_marine_reserve,9.792141478367618,2535.374790314274,870.8120025664012,750.1462119556977,0,,1.6231724943666623,750.1462119556977
discretized_contextual,2,5,0,0,9,1.0,0.8333333333333334,0.1,0.0,5,hard_capacity_control,10.490521369403732,3448.0349987194627,845.0983644821124,685.0617923614428,0,,2.0946658360156425,685.0617923614428
linucb,2,5,1,10,19,1.0,0.6251218432964147,0.16231724943666623,0.08333333333333333,11,strong_marine_reserve,7.039917032957406,2134.825288401206,588.6110093467441,469.01049684346464,0,,1.6017458809723943,469.01049684346464
contextual_thompson,2,5,1,10,19,1.0,0.6251218432964147,0.16231724943666623,0.08333333333333333,11,strong_marine_reserve,7.039917032957406,2134.825288401206,588.6110093467441,469.01049684346464,0,,1.6017458809723943,469.01049684346464
discretized_contextual,2,5,1,10,19,1.0,0.570884826967869,0.20946658360156425,0.08333333333333333,11,strong_marine_reserve,5.86776241183656,1687.8860746752352,501.58516045935914,386.3789228646541,0,,1.5375207433081963,386.3789228646541
linucb,2,5,2,20,29,1.0,0.3908420807028872,0.16017458809723945,0.16666666666666666,11,strong_marine_reserve,3.327983315111464,92.62344695034824,388.243184179334,346.04296091517153,0,,0.7299134409591241,346.04296091517153
contextual_thompson,2,5,2,20,29,1.0,0.3908420807028872,0.16017458809723945,0.16666666666666666,11,strong_marine_reserve,3.327983315111464,92.62344695034824,388.243184179334,346.04296091517153,0,,0.7299134409591241,346.04296091517153
discretized_contextual,2,5,2,20,29,1.0,0.3219824357205451,0.15375207433081964,0.16666666666666666,5,hard_capacity_control,2.966652931901428,744.8230774022326,266.6195825399034,199.88388902537727,0,,0.9338205532341526,199.88388902537727
linucb,2,5,3,30,39,1.0,0.28836913409597625,0.07299134409591242,0.25,11,strong_marine_reserve,2.505378607475173,-218.72959897520565,326.89298477404543,318.43169865319777,0,,0.30576357823699835,318.43169865319777
contextual_thompson,2,5,3,30,39,1.0,0.28836913409597625,0.07299134409591242,0.25,11,strong_marine_reserve,2.505378607475173,-218.72959897520565,326.89298477404543,318.43169865319777,0,,0.30576357823699835,318.43169865319777
discretized_contextual,2,5,3,30,39,1.0,0.16656990752114773,0.09338205532341526,0.25,5,hard_capacity_control,0.9754073891293282,-433.79923416195277,169.1047947949537,153.60251364678297,0,,0.39118106033632793,153.60251364678297
linucb,2,5,4,40,49,1.0,0.26535974887766484,0.030576357823699836,0.3333333333333333,11,strong_marine_reserve,2.5449179858097106,-110.48572766513612,318.64844561698163,317.3515829056392,0,,0.1280855516969835,321.5563791242414
contextual_thompson,2,5,4,40,49,1.0,0.26535974887766484,0.030576357823699836,0.3333333333333333,11,strong_marine_reserve,2.5449179858097106,-110.48572766513612,318.64844561698163,317.3515829056392,0,,0.1280855516969835,321.5563791242414
discretized_contextual,2,5,4,40,49,1.0,0.12800209470565246,0.03911810603363279,0.3333333333333333,4,high_taxation,0.9583344368405627,-266.03260113389825,146.9240445569353,144.24897814706392,0,,0.1638672670417053,144.24897814706392
linucb,2,5,5,50,59,1.0,0.26796364927020117,0.012808555169698348,0.4166666666666667,11,strong_marine_reserve,2.705192741463939,-41.23718371661877,329.57159102166696,322.7218298533759,0,,0.053655535587709385,337.40787601774247
contextual_thompson,2,5,5,50,59,1.0,0.26796364927020117,0.012808555169698348,0.4166666666666667,11,strong_marine_reserve,2.705192741463939,-41.23718371661877,329.57159102166696,322.7218298533759,0,,0.053655535587709385,337.40787601774247
discretized_contextual,2,5,5,50,59,1.0,0.12020748178921993,0.016386726704170528,0.4166666666666667,4,high_taxation,1.0933689441693633,-116.22518959932859,145.15129605224303,144.15456214580487,0,,0.06864463526079316,146.98980720914597
linucb,2,5,6,60,69,1.0,0.2811732300147854,0.005365553558770939,0.5,11,strong_marine_reserve,2.897892911394959,-12.714149812554336,349.2728473449016,339.40644896564567,0,,0.022476512464221592,359.70169124817363
contextual_thompson,2,5,6,60,69,1.0,0.2811732300147854,0.005365553558770939,0.5,11,strong_marine_reserve,2.897892911394959,-12.714149812554336,349.2728473449016,339.40644896564567,0,,0.022476512464221592,359.70169124817363
discretized_contextual,2,5,6,60,69,1.0,0.12249150600762164,0.006864463526079316,0.5,4,high_taxation,1.2127971508370745,-46.09568671906148,151.0671405067363,147.6099197260972,0,,0.028755504593166066,154.93834859721548
linucb,2,5,7,70,79,1.0,0.29975140937347805,0.0022476512464221594,0.5833333333333334,11,strong_marine_reserve,3.1127541697318795,-2.851999585400242,373.87274031807357,362.1732295349006,0,,0.009415498457348938,385.96299145393067
contextual_thompson,2,5,7,70,79,1.0,0.29975140937347805,0.0022476512464221594,0.5833333333333334,11,strong_marine_reserve,3.1127541697318795,-2.851999585400242,373.87274031807357,362.1732295349006,0,,0.009415498457348938,385.96299145393067
discretized_contextual,2,5,7,70,79,1.0,0.12911529049767956,0.0028755504593166066,0.5833333333333334,4,high_taxation,1.321411804592476,-17.337431024158064,160.64990827399612,155.90777962185064,0,,0.012045792672160532,165.63983877817427
linucb,2,5,8,80,89,1.0,0.3216358262116089,0.0009415498457348938,0.6666666666666666,11,strong_marine_reserve,3.3484701017354235,-0.004716831673017952,401.8169782280516,388.76194900763886,0,,0.0040327048117890585,415.19461637224106
contextual_thompson,2,5,8,80,89,1.0,0.3216358262116089,0.0009415498457348938,0.6666666666666666,11,strong_marine_reserve,3.3484701017354235,-0.004716831673017952,401.8169782280516,388.76194900763886,0,,0.0040327048117890585,415.19461637224106
discretized_contextual,2,5,8,80,89,1.0,0.13803319898181188,0.0012045792672160532,0.6666666666666666,4,high_taxation,1.4302878499031737,-6.226319583817598,172.38170033843895,166.8174717288669,0,,0.0050460293830197865,178.12747927701596
linucb,2,5,9,90,99,1.0,0.3459955136435342,0.00040327048117890586,0.75,11,strong_marine_reserve,3.6046333088005946,0.5926716218275793,432.484876461452,418.26301006029524,0,,0.00197041194728741,447.00535111939894
contextual_thompson,2,5,9,90,99,1.0,0.3459955136435342,0.00040327048117890586,0.75,11,strong_marine_reserve,3.6046333088005946,0.5926716218275793,432.484876461452,418.26301006029524,0,,0.00197041194728741,447.00535111939894
discretized_contextual,2,5,9,90,99,1.0,0.14843956606417996,0.0005046029383019787,0.75,4,high_taxation,1.545072569825448,-2.1127290957597733,185.66223587054495,179.45713427357072,0,,0.002113801326926882,192.02498480221178
linucb,2,5,10,100,109,1.0,0.37250445926616577,0.000197041194728741,0.8333333333333334,11,strong_marine_reserve,3.8811669639594273,0.6431552195250375,465.66285704878834,450.3230206551233,0,,0.001123537656131278,481.30275656912534
contextual_thompson,2,5,10,100,109,1.0,0.37250445926616577,0.000197041194728741,0.8333333333333334,11,strong_marine_reserve,3.8811669639594273,0.6431552195250375,465.66285704878834,450.3230206551233,0,,0.001123537656131278,481.30275656912534
discretized_contextual,2,5,10,100,109,1.0,0.1600208206685098,0.00021138013269268822,0.8333333333333334,4,high_taxation,1.6682828768899896,-0.6556779579445237,200.2726265817521,193.48634246231674,0,,0.0008854795940652821,207.21165426358215
linucb,2,5,11,110,119,1.0,0.4010856304742711,0.0001123537656131278,0.9166666666666666,11,strong_marine_reserve,4.177757359924735,0.6076801609253679,501.2579615716571,484.86893976348637,0,,0.0007516876215313451,517.8944251900839
contextual_thompson,2,5,11,110,119,1.0,0.4010856304742711,0.0001123537656131278,0.9166666666666666,11,strong_marine_reserve,4.177757359924735,0.6076801609253679,501.2579615716571,484.86893976348637,0,,0.0007516876215313451,517.8944251900839
discretized_contextual,2,5,11,110,119,1.0,0.17267637855298512,8.854795940652821e-05,0.9166666666666666,4,high_taxation,1.8011938964875047,-0.1686269590371446,216.16350281358504,208.80045468253576,0,,0.00037093084459641776,223.68334622121404
linucb,2,6,0,0,9,1.0,0.8333333333333334,0.1,0.0,11,strong_marine_reserve,9.792141478367618,2535.374790314274,870.8120025664012,750.1462119556977,0,,1.6231724943666623,750.1462119556977
contextual_thompson,2,6,0,0,9,1.0,0.8333333333333334,0.1,0.0,11,strong_marine_reserve,9.792141478367618,2535.374790314274,870.8120025664012,750.1462119556977,0,,1.6231724943666623,750.1462119556977
discretized_contextual,2,6,0,0,9,1.0,0.8333333333333334,0.1,0.0,1,baseline_laissez_faire,10.490521369403732,3448.0349987194627,845.0983644821124,685.0617923614428,0,,2.0946658360156425,685.0617923614428
linucb,2,6,1,10,19,1.0,0.6251218432964147,0.16231724943666623,0.08333333333333333,11,strong_marine_reserve,7.039917032957406,2134.825288401206,588.6110093467441,469.01049684346464,0,,1.6017458809723943,469.01049684346464
contextual_thompson,2,6,1,10,19,1.0,0.6251218432964147,0.16231724943666623,0.08333333333333333,11,strong_marine_reserve,7.039917032957406,2134.825288401206,588.6110093467441,469.01049684346464,0,,1.6017458809723943,469.01049684346464
discretized_contextual,2,6,1,10,19,1.0,0.570884826967869,0.20946658360156425,0.08333333333333333,7,weak_capacity_control,7.172915297017182,3721.5387171817497,414.165189580252,210.99693960739452,0,,2.433656061354898,210.99693960739452
linucb,2,6,2,20,29,1.0,0.3908420807028872,0.16017458809723945,0.16666666666666666,11,strong_marine_reserve,3.327983315111464,92.62344695034824,388.243184179334,346.04296091517153,0,,0.7299134409591241,346.04296091517153
contextual_thompson,2,6,2,20,29,1.0,0.3908420807028872,0.16017458809723945,0.16666666666666666,11,strong_marine_reserve,3.327983315111464,92.62344695034824,388.243184179334,346.04296091517153,0,,0.7299134409591241,346.04296091517153
discretized_contextual,2,6,2,20,29,1.0,0.1758307830061621,0.2433656061354898,0.16666666666666666,10,moderate_marine_reserve,-10.9026408098373,-2129.1328854021394,147.17904906778085,117.42972999341957,1,9,1.0194679858754725,117.42972999341957
linucb,2,6,3,30,39,1.0,0.28836913409597625,0.07299134409591242,0.25,11,strong_marine_reserve,2.505378607475173,-218.72959897520565,326.89298477404543,318.43169865319777,0,,0.30576357823699835,318.43169865319777
contextual_thompson,2,6,3,30,39,1.0,0.28836913409597625,0.07299134409591242,0.25,11,strong_marine_reserve,2.505378607475173,-218.72959897520565,326.89298477404543,318.43169865319777,0,,0.30576357823699835,318.43169865319777
discretized_contextual,2,6,3,30,39,1.0,0.09785810832784964,0.10194679858754725,0.25,1,baseline_laissez_faire,-100.22265529878587,-1040.3952438575864,98.12879340860806,88.4255883746919,1,0,0.42705910285711063,88.4255883746919
linucb,2,6,4,40,49,1.0,0.26535974887766484,0.030576357823699836,0.3333333333333333,11,strong_marine_reserve,2.5449179858097106,-110.48572766513612,318.64844561698163,317.3515829056392,0,,0.1280855516969835,321.5563791242414
contextual_thompson,2,6,4,40,49,1.0,0.26535974887766484,0.030576357823699836,0.3333333333333333,11,strong_marine_reserve,2.5449179858097106,-110.48572766513612,318.64844561698163,317.3515829056392,0,,0.1280855516969835,321.5563791242414
discretized_contextual,2,6,4,40,49,1.0,0.07368799031224325,0.042705910285711066,0.3333333333333333,4,high_taxation,-99.78967343083261,-490.7366869054629,84.127590728741,82.31772411603738,1,0,0.17889671854334988,82.31772411603738
linucb,2,6,5,50,59,1.0,0.26796364927020117,0.012808555169698348,0.4166666666666667,11,strong_marine_reserve,2.705192741463939,-41.23718371661877,329.57159102166696,322.7218298533759,0,,0.053655535587709385,337.40787601774247
contextual_thompson,2,6,5,50,59,1.0,0.26796364927020117,0.012808555169698348,0.4166666666666667,11,strong_marine_reserve,2.705192741463939,-41.23718371661877,329.57159102166696,322.7218298533759,0,,0.053655535587709385,337.40787601774247
discretized_contextual,2,6,5,50,59,1.0,0.06859810343003116,0.017889671854334988,0.4166666666666667,3,moderate_taxation,-99.52029205922418,-209.01806895543544,82.64712116775182,82.18500200317486,1,0,0.074940530927605,83.58342833985233
linucb,2,6,6,60,69,1.0,0.2811732300147854,0.005365553558770939,0.5,11,strong_marine_reserve,2.897892911394959,-12.714149812554336,349.2728473449016,339.40644896564567,0,,0.022476512464221592,359.70169124817363
contextual_thompson,2,6,6,60,69,1.0,0.2811732300147854,0.005365553558770939,0.5,11,strong_marine_reserve,2.897892911394959,-12.714149812554336,349.2728473449016,339.40644896564567,0,,0.022476512464221592,359.70169124817363
discretized_contextual,2,6,6,60,69,1.0,0.06965285694987694,0.0074940530927604995,0.5,11,strong_marine_reserve,-99.38391695898282,-103.83928264769347,86.39067883978488,84.04455457371827,1,0,0.03139287976570931,88.90945019920629
linucb,2,6,7,70,79,1.0,0.29975140937347805,0.0022476512464221594,0.5833333333333334,11,strong_marine_reserve,3.1127541697318795,-2.851999585400242,373.87274031807357,362.1732295349006,0,,0.009415498457348938,385.96299145393067
contextual_thompson,2,6,7,70,79,1.0,0.29975140937347805,0.0022476512464221594,0.5833333333333334,11,strong_marine_reserve,3.1127541697318795,-2.851999585400242,373.87274031807357,362.1732295349006,0,,0.009415498457348938,385.96299145393067
discretized_contextual,2,6,7,70,79,1.0,0.07409120849933858,0.0031392879765709306,0.5833333333333334,4,high_taxation,-99.2667344855338,-34.77858249822521,92.1652916357303,89.46009402244701,1,0,0.013150599385749199,95.01834217788847
linucb,2,6,8,80,89,1.0,0.3216358262116089,0.0009415498457348938,0.6666666666666666,11,strong_marine_reserve,3.3484701017354235,-0.004716831673017952,401.8169782280516,388.76194900763886,0,,0.0040327048117890585,415.19461637224106
contextual_thompson,2,6,8,80,89,1.0,0.3216358262116089,0.0009415498457348938,0.6666666666666666,11,strong_marine_reserve,3.3484701017354235,-0.004716831673017952,401.8169782280516,388.76194900763886,0,,0.0040327048117890585,415.19461637224106
discretized_contextual,2,6,8,80,89,1.0,0.07918195181490706,0.00131505993857492,0.6666666666666666,4,high_taxation,-99.18991068685668,-13.968189338768058,98.88690029785083,95.69324597036609,1,0,0.005508837210703079,102.18757247616853
linucb,2,6,9,90,99,1.0,0.3459955136435342,0.00040327048117890586,0.75,11,strong_marine_reserve,3.6046333088005946,0.5926716218275793,432.484876461452,418.26301006029524,0,,0.00197041194728741,447.00535111939894
contextual_thompson,2,6,9,90,99,1.0,0.3459955136435342,0.00040327048117890586,0.75,11,strong_marine_reserve,3.6046333088005946,0.5926716218275793,432.484876461452,418.26301006029524,0,,0.00197041194728741,447.00535111939894
discretized_contextual,2,6,9,90,99,1.0,0.0851563103968071,0.0005508837210703079,0.75,10,moderate_marine_reserve,-99.11861952868435,-6.573146998959505,106.55443419775271,102.9591745318476,1,0,0.002307673325286836,110.23789097889046
linucb,2,6,10,100,109,1.0,0.37250445926616577,0.000197041194728741,0.8333333333333334,11,strong_marine_reserve,3.8811669639594273,0.6431552195250375,465.66285704878834,450.3230206551233,0,,0.001123537656131278,481.30275656912534
contextual_thompson,2,6,10,100,109,1.0,0.37250445926616577,0.000197041194728741,0.8333333333333334,11,strong_marine_reserve,3.8811669639594273,0.6431552195250375,465.66285704878834,450.3230206551233,0,,0.001123537656131278,481.30275656912534
discretized_contextual,2,6,10,100,109,1.0,0.09186490914907539,0.00023076733252868362,0.8333333333333334,11,strong_marine_reserve,-99.04446784635044,-2.9269397369326198,115.01509120637901,111.08505124039259,1,0,0.0009666933279302226,119.0313735189309
linucb,2,6,11,110,119,1.0,0.4010856304742711,0.0001123537656131278,0.9166666666666666,11,strong_marine_reserve,4.177757359924735,0.6076801609253679,501.2579615716571,484.86893976348637,0,,0.0007516876215313451,517.8944251900839
contextual_thompson,2,6,11,110,119,1.0,0.4010856304742711,0.0001123537656131278,0.9166666666666666,11,strong_marine_reserve,4.177757359924735,0.6076801609253679,501.2579615716571,484.86893976348637,0,,0.0007516876215313451,517.8944251900839
discretized_contextual,2,6,11,110,119,1.0,0.09919281126577575,9.666933279302226e-05,0.9166666666666666,4,high_taxation,-8.965863771235018,-0.8467731755011245,124.19796023285774,119.94808777235751,1,0,0.0004049515934620661,128.53940723505985
linucb,2,7,0,0,9,1.0,0.8333333333333334,0.1,0.0,11,strong_marine_reserve,9.792141478367618,2535.374790314274,870.8120025664012,750.1462119556977,0,,1.6231724943666623,750.1462119556977
contextual_thompson,2,7,0,0,9,1.0,0.8333333333333334,0.1,0.0,11,strong_marine_reserve,9.792141478367618,2535.374790314274,870.8120025664012,750.1462119556977,0,,1.6231724943666623,750.1462119556977
discretized_contextual,2,7,0,0,9,1.0,0.8333333333333334,0.1,0.0,1,baseline_laissez_faire,10.490521369403732,3448.0349987194627,845.0983644821124,685.0617923614428,0,,2.0946658360156425,685.0617923614428
linucb,2,7,1,10,19,1.0,0.6251218432964147,0.16231724943666623,0.08333333333333333,11,strong_marine_reserve,7.039917032957406,2134.825288401206,588.6110093467441,469.01049684346464,0,,1.6017458809723943,469.01049684346464
contextual_thompson,2,7,1,10,19,1.0,0.6251218432964147,0.16231724943666623,0.08333333333333333,11,strong_marine_reserve,7.039917032957406,2134.825288401206,588.6110093467441,469.01049684346464,0,,1.6017458809723943,469.01049684346464
discretized_contextual,2,7,1,10,19,1.0,0.570884826967869,0.20946658360156425,0.08333333333333333,10,moderate_marine_reserve,6.454378216979453,2634.511067824895,458.3840578985469,303.11143305553713,0,,1.9444986463839253,303.11143305553713
linucb,2,7,2,20,29,1.0,0.3908420807028872,0.16017458809723945,0.16666666666666666,11,strong_marine_reserve,3.327983315111464,92.62344695034824,388.243184179334,346.04296091517153,0,,0.7299134409591241,346.04296091517153
contextual_thompson,2,7,2,20,29,1.0,0.3908420807028872,0.16017458809723945,0.16666666666666666,11,strong_marine_reserve,3.327983315111464,92.62344695034824,388.243184179334,346.04296091517153,0,,0.7299134409591241,346.04296091517153
discretized_contextual,2,7,2,20,29,1.0,0.2525928608796143,0.19444986463839253,0.16666666666666666,7,weak_capacity_control,1.4231058634190155,-227.7543508324682,198.103225710178,149.27303332537704,0,,0.8889083510498654,149.27303332537704
linucb,2,7,3,30,39,1.0,0.28836913409597625,0.07299134409591242,0.25,11,strong_marine_reserve,2.505378607475173,-218.72959897520565,326.89298477404543,318.43169865319777,0,,0.30576357823699835,318.43169865319777
contextual_thompson,2,7,3,30,39,1.0,0.28836913409597625,0.07299134409591242,0.25,11,strong_marine_reserve,2.505378607475173,-218.72959897520565,326.89298477404543,318.43169865319777,0,,0.30576357823699835,318.43169865319777
discretized_contextual,2,7,3,30,39,1.0,0.1243941944378142,0.08889083510498655,0.25,11,strong_marine_reserve,0.1329403946375754,-1023.4289877512806,138.76432588666273,133.82529268595138,0,,0.3723671642278712,133.82529268595138
linucb,2,7,4,40,49,1.0,0.26535974887766484,0.030576357823699836,0.3333333333333333,11,strong_marine_reserve,2.5449179858097106,-110.48572766513612,318.64844561698163,317.3515829056392,0,,0.1280855516969835,321.5563791242414
contextual_thompson,2,7,4,40,49,1.0,0.26535974887766484,0.030576357823699836,0.3333333333333333,11,strong_marine_reserve,2.5449179858097106,-110.48572766513612,318.64844561698163,317.3515829056392,0,,0.1280855516969835,321.5563791242414
discretized_contextual,2,7,4,40,49,1.0,0.11152107723829281,0.03723671642278712,0.3333333333333333,4,high_taxation,0.7662911316247849,-305.6238699610478,128.6298001902999,126.66853558587499,0,,0.15598605281561592,126.66853558587499
linucb,2,7,5,50,59,1.0,0.26796364927020117,0.012808555169698348,0.4166666666666667,11,strong_marine_reserve,2.705192741463939,-41.23718371661877,329.57159102166696,322.7218298533759,0,,0.053655535587709385,337.40787601774247
contextual_thompson,2,7,5,50,59,1.0,0.26796364927020117,0.012808555169698348,0.4166666666666667,11,strong_marine_reserve,2.705192741463939,-41.23718371661877,329.57159102166696,322.7218298533759,0,,0.053655535587709385,337.40787601774247
discretized_contextual,2,7,5,50,59,1.0,0.10555711298822916,0.015598605281561592,0.4166666666666667,4,high_taxation,0.9332196579235451,-131.1332652272973,127.72235077810109,126.64529885848296,0,,0.06534316398023296,129.50134079557301
linucb,2,7,6,60,69,1.0,0.2811732300147854,0.005365553558770939,0.5,11,strong_marine_reserve,2.897892911394959,-12.714149812554336,349.2728473449016,339.40644896564567,0,,0.022476512464221592,359.70169124817363
contextual_thompson,2,7,6,60,69,1.0,0.2811732300147854,0.005365553558770939,0.5,11,strong_marine_reserve,2.897892911394959,-12.714149812554336,349.2728473449016,339.40644896564567,0,,0.022476512464221592,359.70169124817363
discretized_contextual,2,7,6,60,69,1.0,0.10791778399631084,0.006534316398023296,0.5,4,high_taxation,1.0574835606648285,-52.60369693949102,133.21047091251833,130.07365129375665,0,,0.02737250543800008,136.69705874310972
linucb,2,7,7,70,79,1.0,0.29975140937347805,0.0022476512464221594,0.5833333333333334,11,strong_marine_reserve,3.1127541697318795,-2.851999585400242,373.87274031807357,362.1732295349006,0,,0.009415498457348938,385.96299145393067
contextual_thompson,2,7,7,70,79,1.0,0.29975140937347805,0.0022476512464221594,0.5833333333333334,11,strong_marine_reserve,3.1127541697318795,-2.851999585400242,373.87274031807357,362.1732295349006,0,,0.009415498457348938,385.96299145393067
discretized_contextual,2,7,7,70,79,1.0,0.1139142156192581,0.0027372505438000077,0.5833333333333334,4,high_taxation,1.1612472800466278,-20.350196596393285,141.79169719716253,137.56440492124364,0,,0.011466448949120394,146.2313665553155
linucb,2,7,8,80,89,1.0,0.3216358262116089,0.0009415498457348938,0.6666666666666666,11,strong_marine_reserve,3.3484701017354235,-0.004716831673017952,401.8169782280516,388.76194900763886,0,,0.0040327048117890585,415.19461637224106
contextual_thompson,2,7,8,80,89,1.0,0.3216358262116089,0.0009415498457348938,0.6666666666666666,11,strong_marine_reserve,3.3484701017354235,-0.004716831673017952,401.8169782280516,388.76194900763886,0,,0.0040327048117890585,415.19461637224106
discretized_contextual,2,7,8,80,89,1.0,0.12185947212942959,0.0011466448949120395,0.6666666666666666,4,high_taxation,1.2607883245583693,-7.647778901655132,152.21233241520292,147.27710321249222,0,,0.004803340045016737,157.30529648413477
linucb,2,7,9,90,99,1.0,0.3459955136435342,0.00040327048117890586,0.75,11,strong_marine_reserve,3.6046333088005946,0.5926716218275793,432.484876461452,418.26301006029524,0,,0.00197041194728741,447.00535111939894
contextual_thompson,2,7,9,90,99,1.0,0.3459955136435342,0.00040327048117890586,0.75,11,strong_marine_reserve,3.6046333088005946,0.5926716218275793,432.484876461452,418.26301006029524,0,,0.00197041194728741,447.00535111939894
discretized_contextual,2,7,9,90,99,1.0,0.1310877470701123,0.00048033400450167373,0.75,4,high_taxation,1.3636913253128284,-2.785727528587878,163.97724634096997,158.48308682945552,0,,0.002012137819689267,169.60974099387786
linucb,2,7,10,100,109,1.0,0.37250445926616577,0.000197041194728741,0.8333333333333334,11,strong_marine_reserve,3.8811669639594273,0.6431552195250375,465.66285704878834,450.3230206551233,0,,0.001123537656131278,481.30275656912534
contextual_thompson,2,7,10,100,109,1.0,0.37250445926616577,0.000197041194728741,0.8333333333333334,11,strong_marine_reserve,3.8811669639594273,0.6431552195250375,465.66285704878834,450.3230206551233,0,,0.001123537656131278,481.30275656912534
discretized_contextual,2,7,10,100,109,1.0,0.14134145082823155,0.00020121378196892673,0.8333333333333334,11,strong_marine_reserve,1.4724826947896095,-2.032140406653611,176.94178022355158,170.91045797247276,0,,0.0008428923556274621,183.1036360485189
linucb,2,7,11,110,119,1.0,0.4010856304742711,0.0001123537656131278,0.9166666666666666,11,strong_marine_reserve,4.177757359924735,0.6076801609253679,501.2579615716571,484.86893976348637,0,,0.0007516876215313451,517.8944251900839
contextual_thompson,2,7,11,110,119,1.0,0.4010856304742711,0.0001123537656131278,0.9166666666666666,11,strong_marine_reserve,4.177757359924735,0.6076801609253679,501.2579615716571,484.86893976348637,0,,0.0007516876215313451,517.8944251900839
discretized_contextual,2,7,11,110,119,1.0,0.15258636337376574,8.428923556274621e-05,0.9166666666666666,4,high_taxation,1.5915710175305806,-0.3196009761558636,191.02687422080837,184.5098778282909,0,,0.0003530908848405467,197.6827177725157
linucb,2,8,0,0,9,1.0,0.8333333333333334,0.1,0.0,11,strong_marine_reserve,9.792141478367618,2535.374790314274,870.8120025664012,750.1462119556977,0,,1.6231724943666623,750.1462119556977
contextual_thompson,2,8,0,0,9,1.0,0.8333333333333334,0.1,0.0,11,strong_marine_reserve,9.792141478367618,2535.374790314274,870.8120025664012,750.1462119556977,0,,1.6231724943666623,750.1462119556977
discretized_contextual,2,8,0,0,9,1.0,0.8333333333333334,0.1,0.0,1,baseline_laissez_faire,10.490521369403732,3448.0349987194627,845.0983644821124,685.0617923614428,0,,2.0946658360156425,685.0617923614428
linucb,2,8,1,10,19,1.0,0.6251218432964147,0.16231724943666623,0.08333333333333333,11,strong_marine_reserve,7.039917032957406,2134.825288401206,588.6110093467441,469.01049684346464,0,,1.6017458809723943,469.01049684346464
contextual_thompson,2,8,1,10,19,1.0,0.6251218432964147,0.16231724943666623,0.08333333333333333,11,strong_marine_reserve,7.039917032957406,2134.825288401206,588.6110093467441,469.01049684346464,0,,1.6017458809723943,469.01049684346464
discretized_contextual,2,8,1,10,19,1.0,0.570884826967869,0.20946658360156425,0.08333333333333333,1,baseline_laissez_faire,7.172915297017182,3721.5387171817497,414.165189580252,210.99693960739452,0,,2.433656061354898,210.99693960739452
linucb,2,8,2,20,29,1.0,0.3908420807028872,0.16017458809723945,0.16666666666666666,11,strong_marine_reserve,3.327983315111464,92.62344695034824,388.243184179334,346.04296091517153,0,,0.7299134409591241,346.04296091517153
contextual_thompson,2,8,2,20,29,1.0,0.3908420807028872,0.16017458809723945,0.16666666666666666,11,strong_marine_reserve,3.327983315111464,92.62344695034824,388.243184179334,346.04296091517153,0,,0.7299134409591241,346.04296091517153
discretized_contextual,2,8,2,20,29,1.0,0.1758307830061621,0.2433656061354898,0.16666666666666666,7,weak_capacity_control,-50.58587411208708,-1652.3190888752126,127.9733972145757,92.3055313030015,1,5,1.0194679858754725,92.3055313030015
linucb,2,8,3,30,39,1.0,0.28836913409597625,0.07299134409591242,0.25,11,strong_marine_reserve,2.505378607475173,-218.72959897520565,326.89298477404543,318.43169865319777,0,,0.30576357823699835,318.43169865319777
contextual_thompson,2,8,3,30,39,1.0,0.28836913409597625,0.07299134409591242,0.25,11,strong_marine_reserve,2.505378607475173,-218.72959897520565,326.89298477404543,318.43169865319777,0,,0.30576357823699835,318.43169865319777
discretized_contextual,2,8,3,30,39,1.0,0.07692127608583459,0.10194679858754725,0.25,5,hard_capacity_control,-100.55626119379933,-1199.919120068375,77.23895115228476,69.61524112997978,1,0,0.42705910285711063,69.61524112997978
linucb,2,8,4,40,49,1.0,0.26535974887766484,0.030576357823699836,0.3333333333333333,11,strong_marine_reserve,2.5449179858097106,-110.48572766513612,318.64844561698163,317.3515829056392,0,,0.1280855516969835,321.5563791242414
contextual_thompson,2,8,4,40,49,1.0,0.26535974887766484,0.030576357823699836,0.3333333333333333,11,strong_marine_reserve,2.5449179858097106,-110.48572766513612,318.64844561698163,317.3515829056392,0,,0.1280855516969835,321.5563791242414
discretized_contextual,2,8,4,40,49,1.0,0.058012700941649814,0.042705910285711066,0.3333333333333333,4,high_taxation,-99.99275753515425,-544.7100541464667,66.23430227906685,64.81157573410937,1,0,0.17889671854334988,64.81157573410937
linucb,2,8,5,50,59,1.0,0.26796364927020117,0.012808555169698348,0.4166666666666667,11,strong_marine_reserve,2.705192741463939,-41.23718371661877,329.57159102166696,322.7218298533759,0,,0.053655535587709385,337.40787601774247
contextual_thompson,2,8,5,50,59,1.0,0.26796364927020117,0.012808555169698348,0.4166666666666667,11,strong_marine_reserve,2.705192741463939,-41.23718371661877,329.57159102166696,322.7218298533759,0,,0.053655535587709385,337.40787601774247
discretized_contextual,2,8,5,50,59,1.0,0.05400964644509114,0.017889671854334988,0.4166666666666667,4,high_taxation,-99.6886091012348,-230.8885876618605,65.07353837124532,64.70802322165552,1,0,0.074940530927605,65.81291244353963
linucb,2,8,6,60,69,1.0,0.2811732300147854,0.005365553558770939,0.5,11,strong_marine_reserve,2.897892911394959,-12.714149812554336,349.2728473449016,339.40644896564567,0,,0.022476512464221592,359.70169124817363
contextual_thompson,2,8,6,60,69,1.0,0.2811732300147854,0.005365553558770939,0.5,11,strong_marine_reserve,2.897892911394959,-12.714149812554336,349.2728473449016,339.40644896564567,0,,0.022476512464221592,359.70169124817363
discretized_contextual,2,8,6,60,69,1.0,0.054844093702949695,0.0074940530927604995,0.5,4,high_taxation,-99.53242042209965,-95.63170556904626,67.58535401632729,66.07784570581023,1,0,0.03139287976570931,69.28806030275011
linucb,2,8,7,70,79,1.0,0.29975140937347805,0.0022476512464221594,0.5833333333333334,11,strong_marine_reserve,3.1127541697318795,-2.851999585400242,373.87274031807357,362.1732295349006,0,,0.009415498457348938,385.96299145393067
contextual_thompson,2,8,7,70,79,1.0,0.29975140937347805,0.0022476512464221594,0.5833333333333334,11,strong_marine_reserve,3.1127541697318795,-2.851999585400242,373.87274031807357,362.1732295349006,0,,0.009415498457348938,385.96299145393067
discretized_contextual,2,8,7,70,79,1.0,0.05774005025229176,0.0031392879765709306,0.5833333333333334,4,high_taxation,-99.4406081626883,-39.18046241179946,71.82867596681893,69.71774923775551,1,0,0.013150599385749199,74.0549755342241
linucb,2,8,8,80,89,1.0,0.3216358262116089,0.0009415498457348938,0.6666666666666666,11,strong_marine_reserve,3.3484701017354235,-0.004716831673017952,401.8169782280516,388.76194900763886,0,,0.0040327048117890585,415.19461637224106
contextual_thompson,2,8,8,80,89,1.0,0.3216358262116089,0.0009415498457348938,0.6666666666666666,11,strong_marine_reserve,3.3484701017354235,-0.004716831673017952,401.8169782280516,388.76194900763886,0,,0.0040327048117890585,415.19461637224106
discretized_contextual,2,8,8,80,89,1.0,0.061712479611853416,0.00131505993857492,0.6666666666666666,4,high_taxation,-99.37366293301451,-15.944921997493587,77.07383867795733,74.58162591951854,1,0,0.005508837210703079,79.64967390423702
linucb,2,8,9,90,99,1.0,0.3459955136435342,0.00040327048117890586,0.75,11,strong_marine_reserve,3.6046333088005946,0.5926716218275793,432.484876461452,418.26301006029524,0,,0.00197041194728741,447.00535111939894
contextual_thompson,2,8,9,90,99,1.0,0.3459955136435342,0.00040327048117890586,0.75,11,strong_marine_reserve,3.6046333088005946,0.5926716218275793,432.484876461452,418.26301006029524,0,,0.00197041194728741,447.00535111939894
discretized_contextual,2,8,9,90,99,1.0,0.06637472825353084,0.0005508837210703079,0.75,4,high_taxation,-99.31451300257245,-6.454737461944177,83.03300818673988,80.24635914358844,1,0,0.002307673325286836,85.89181217855817
linucb,2,8,10,100,109,1.0,0.37250445926616577,0.000197041194728741,0.8333333333333334,11,strong_marine_reserve,3.8811669639594273,0.6431552195250375,465.66285704878834,450.3230206551233,0,,0.001123537656131278,481.30275656912534
contextual_thompson,2,8,10,100,109,1.0,0.37250445926616577,0.000197041194728741,0.8333333333333334,11,strong_marine_reserve,3.8811669639594273,0.6431552195250375,465.66285704878834,450.3230206551233,0,,0.001123537656131278,481.30275656912534
discretized_contextual,2,8,10,100,109,1.0,0.07157651014879847,0.00023076733252868362,0.8333333333333334,4,high_taxation,-99.25592347181272,-2.599842803163998,89.60116451885206,86.54878388327663,1,0,0.0009666933279302226,92.72330322384406
linucb,2,8,11,110,119,1.0,0.4010856304742711,0.0001123537656131278,0.9166666666666666,11,strong_marine_reserve,4.177757359924735,0.6076801609253679,501.2579615716571,484.86893976348637,0,,0.0007516876215313451,517.8944251900839
contextual_thompson,2,8,11,110,119,1.0,0.4010856304742711,0.0001123537656131278,0.9166666666666666,11,strong_marine_reserve,4.177757359924735,0.6076801609253679,501.2579615716571,484.86893976348637,0,,0.0007516876215313451,517.8944251900839
discretized_contextual,2,8,11,110,119,1.0,0.07726941935320338,9.666933279302226e-05,0.9166666666666666,4,high_taxation,-99.19475604112942,-1.041541357824805,96.75426002740817,93.43848090116123,1,0,0.0004049515934620661,100.14165942958724
linucb,2,9,0,0,9,1.0,0.8333333333333334,0.1,0.0,11,strong_marine_reserve,9.792141478367618,2535.374790314274,870.8120025664012,750.1462119556977,0,,1.6231724943666623,750.1462119556977
contextual_thompson,2,9,0,0,9,1.0,0.8333333333333334,0.1,0.0,11,strong_marine_reserve,9.792141478367618,2535.374790314274,870.8120025664012,750.1462119556977,0,,1.6231724943666623,750.1462119556977
discretized_contextual,2,9,0,0,9,1.0,0.8333333333333334,0.1,0.0,1,baseline_laissez_faire,10.490521369403732,3448.0349987194627,845.0983644821124,685.0617923614428,0,,2.0946658360156425,685.0617923614428
linucb,2,9,1,10,19,1.0,0.6251218432964147,0.16231724943666623,0.08333333333333333,11,strong_marine_reserve,7.039917032957406,2134.825288401206,588.6110093467441,469.01049684346464,0,,1.6017458809723943,469.01049684346464
contextual_thompson,2,9,1,10,19,1.0,0.6251218432964147,0.16231724943666623,0.08333333333333333,11,strong_marine_reserve,7.039917032957406,2134.825288401206,588.6110093467441,469.01049684346464,0,,1.6017458809723943,469.01049684346464
discretized_contextual,2,9,1,10,19,1.0,0.570884826967869,0.20946658360156425,0.08333333333333333,5,hard_capacity_control,7.172915297017182,3721.5387171817497,414.165189580252,210.99693960739452,0,,2.433656061354898,210.99693960739452
linucb,2,9,2,20,29,1.0,0.3908420807028872,0.16017458809723945,0.16666666666666666,11,strong_marine_reserve,3.327983315111464,92.62344695034824,388.243184179334,346.04296091517153,0,,0.7299134409591241,346.04296091517153
contextual_thompson,2,9,2,20,29,1.0,0.3908420807028872,0.16017458809723945,0.16666666666666666,11,strong_marine_reserve,3.327983315111464,92.62344695034824,388.243184179334,346.04296091517153,0,,0.7299134409591241,346.04296091517153
discretized_contextual,2,9,2,20,29,1.0,0.1758307830061621,0.2433656061354898,0.16666666666666666,1,baseline_laissez_faire,-50.58587411208708,-1652.3190888752126,127.9733972145757,92.3055313030015,1,5,1.0194679858754725,92.3055313030015
linucb,2,9,3,30,39,1.0,0.28836913409597625,0.07299134409591242,0.25,11,strong_marine_reserve,2.505378607475173,-218.72959897520565,326.89298477404543,318.43169865319777,0,,0.30576357823699835,318.43169865319777
contextual_thompson,2,9,3,30,39,1.0,0.28836913409597625,0.07299134409591242,0.25,11,strong_marine_reserve,2.505378607475173,-218.72959897520565,326.89298477404543,318.43169865319777,0,,0.30576357823699835,318.43169865319777
discretized_contextual,2,9,3,30,39,1.0,0.07692127608583459,0.10194679858754725,0.25,4,high_taxation,-100.55626119379933,-1199.919120068375,77.23895115228476,69.61524112997978,1,0,0.42705910285711063,69.61524112997978
linucb,2,9,4,40,49,1.0,0.26535974887766484,0.030576357823699836,0.3333333333333333,11,strong_marine_reserve,2.5449179858097106,-110.48572766513612,318.64844561698163,317.3515829056392,0,,0.1280855516969835,321.5563791242414
contextual_thompson,2,9,4,40,49,1.0,0.26535974887766484,0.030576357823699836,0.3333333333333333,11,strong_marine_reserve,2.5449179858097106,-110.48572766513612,318.64844561698163,317.3515829056392,0,,0.1280855516969835,321.5563791242414
discretized_contextual,2,9,4,40,49,1.0,0.058012700941649814,0.042705910285711066,0.3333333333333333,11,strong_marine_reserve,-100.0486177066229,-621.3964115117823,68.73344458666753,68.51515841036272,1,0,0.17889671854334988,68.8084742455193
linucb,2,9,5,50,59,1.0,0.26796364927020117,0.012808555169698348,0.4166666666666667,11,strong_marine_reserve,2.705192741463939,-41.23718371661877,329.57159102166696,322.7218298533759,0,,0.053655535587709385,337.40787601774247
contextual_thompson,2,9,5,50,59,1.0,0.26796364927020117,0.012808555169698348,0.4166666666666667,11,strong_marine_reserve,2.705192741463939,-41.23718371661877,329.57159102166696,322.7218298533759,0,,0.053655535587709385,337.40787601774247
discretized_contextual,2,9,5,50,59,1.0,0.05734039520459942,0.017889671854334988,0.4166666666666667,3,moderate_taxation,-99.65017882208612,-225.89513561319743,69.0859576232515,68.69830683673841,1,0,0.074940530927605,69.87039832804552
linucb,2,9,6,60,69,1.0,0.2811732300147854,0.005365553558770939,0.5,11,strong_marine_reserve,2.897892911394959,-12.714149812554336,349.2728473449016,339.40644896564567,0,,0.022476512464221592,359.70169124817363
contextual_thompson,2,9,6,60,69,1.0,0.2811732300147854,0.005365553558770939,0.5,11,strong_marine_reserve,2.897892911394959,-12.714149812554336,349.2728473449016,339.40644896564567,0,,0.022476512464221592,359.70169124817363
discretized_contextual,2,9,6,60,69,1.0,0.058225331940037935,0.0074940530927604995,0.5,1,baseline_laissez_faire,-99.49554481041929,-93.47344064987121,71.75143562767147,70.15154708409521,1,0,0.03139287976570931,73.55853154911993
linucb,2,9,7,70,79,1.0,0.29975140937347805,0.0022476512464221594,0.5833333333333334,11,strong_marine_reserve,3.1127541697318795,-2.851999585400242,373.87274031807357,362.1732295349006,0,,0.009415498457348938,385.96299145393067
contextual_thompson,2,9,7,70,79,1.0,0.29975140937347805,0.0022476512464221594,0.5833333333333334,11,strong_marine_reserve,3.1127541697318795,-2.851999585400242,373.87274031807357,362.1732295349006,0,,0.009415498457348938,385.96299145393067
discretized_contextual,2,9,7,70,79,1.0,0.06129877629093328,0.0031392879765709306,0.5833333333333334,10,moderate_marine_reserve,-99.40579269290929,-42.3332716271546,76.38486944614388,74.04343804109332,1,0,0.013150599385749199,78.83175579001761
linucb,2,9,8,80,89,1.0,0.3216358262116089,0.0009415498457348938,0.6666666666666666,11,strong_marine_reserve,3.3484701017354235,-0.004716831673017952,401.8169782280516,388.76194900763886,0,,0.0040327048117890585,415.19461637224106
contextual_thompson,2,9,8,80,89,1.0,0.3216358262116089,0.0009415498457348938,0.6666666666666666,11,strong_marine_reserve,3.3484701017354235,-0.004716831673017952,401.8169782280516,388.76194900763886,0,,0.0040327048117890585,415.19461637224106
discretized_contextual,2,9,8,80,89,1.0,0.06569312982501467,0.00131505993857492,0.6666666666666666,4,high_taxation,-99.33179119150222,-15.494723921140096,82.04442389027005,79.39221989083254,1,0,0.005508837210703079,84.78559925562125
linucb,2,9,9,90,99,1.0,0.3459955136435342,0.00040327048117890586,0.75,11,strong_marine_reserve,3.6046333088005946,0.5926716218275793,432.484876461452,418.26301006029524,0,,0.00197041194728741,447.00535111939894
contextual_thompson,2,9,9,90,99,1.0,0.3459955136435342,0.00040327048117890586,0.75,11,strong_marine_reserve,3.6046333088005946,0.5926716218275793,432.484876461452,418.26301006029524,0,,0.00197041194728741,447.00535111939894
discretized_contextual,2,9,9,90,99,1.0,0.07065466604635104,0.0005508837210703079,0.75,4,high_taxation,-99.26970149943472,-6.2517291987352435,88.38602757168341,85.42057817750907,1,0,0.002307673325286836,91.42823077992463
linucb,2,9,10,100,109,1.0,0.37250445926616577,0.000197041194728741,0.8333333333333334,11,strong_marine_reserve,3.8811669639594273,0.6431552195250375,465.66285704878834,450.3230206551233,0,,0.001123537656131278,481.30275656912534
contextual_thompson,2,9,10,100,109,1.0,0.37250445926616577,0.000197041194728741,0.8333333333333334,11,strong_marine_reserve,3.8811669639594273,0.6431552195250375,465.66285704878834,450.3230206551233,0,,0.001123537656131278,481.30275656912534
discretized_contextual,2,9,10,100,109,1.0,0.07619019231660386,0.00023076733252868362,0.8333333333333334,4,high_taxation,-99.20771281282906,-2.508126348097155,95.37543762228444,92.12733868829744,1,0,0.0009666933279302226,98.69772774130027
linucb,2,9,11,110,119,1.0,0.4010856304742711,0.0001123537656131278,0.9166666666666666,11,strong_marine_reserve,4.177757359924735,0.6076801609253679,501.2579615716571,484.86893976348637,0,,0.0007516876215313451,517.8944251900839
contextual_thompson,2,9,11,110,119,1.0,0.4010856304742711,0.0001123537656131278,0.9166666666666666,11,strong_marine_reserve,4.177757359924735,0.6076801609253679,501.2579615716571,484.86893976348637,0,,0.0007516876215313451,517.8944251900839
discretized_contextual,2,9,11,110,119,1.0,0.08224810645108356,9.666933279302226e-05,0.9166666666666666,4,high_taxation,-99.14277451586044,-0.9990497001893693,102.98694406077192,99.45874064532907,1,0,0.0004049515934620661,106.59129144690105
linucb,2,10,0,0,9,1.0,0.8333333333333334,0.1,0.0,11,strong_marine_reserve,9.792141478367618,2535.374790314274,870.8120025664012,750.1462119556977,0,,1.6231724943666623,750.1462119556977
contextual_thompson,2,10,0,0,9,1.0,0.8333333333333334,0.1,0.0,11,strong_marine_reserve,9.792141478367618,2535.374790314274,870.8120025664012,750.1462119556977,0,,1.6231724943666623,750.1462119556977
discretized_contextual,2,10,0,0,9,1.0,0.8333333333333334,0.1,0.0,1,baseline_laissez_faire,10.490521369403732,3448.0349987194627,845.0983644821124,685.0617923614428,0,,2.0946658360156425,685.0617923614428
linucb,2,10,1,10,19,1.0,0.6251218432964147,0.16231724943666623,0.08333333333333333,11,strong_marine_reserve,7.039917032957406,2134.825288401206,588.6110093467441,469.01049684346464,0,,1.6017458809723943,469.01049684346464
contextual_thompson,2,10,1,10,19,1.0,0.6251218432964147,0.16231724943666623,0.08333333333333333,11,strong_marine_reserve,7.039917032957406,2134.825288401206,588.6110093467441,469.01049684346464,0,,1.6017458809723943,469.01049684346464
discretized_contextual,2,10,1,10,19,1.0,0.570884826967869,0.20946658360156425,0.08333333333333333,3,moderate_taxation,7.306302087564786,3684.756760534129,434.58543924367876,251.25320581226075,0,,2.090642867383461,251.25320581226075
linucb,2,10,2,20,29,1.0,0.3908420807028872,0.16017458809723945,0.16666666666666666,11,strong_marine_reserve,3.327983315111464,92.62344695034824,388.243184179334,346.04296091517153,0,,0.7299134409591241,346.04296091517153
contextual_thompson,2,10,2,20,29,1.0,0.3908420807028872,0.16017458809723945,0.16666666666666666,11,strong_marine_reserve,3.327983315111464,92.62344695034824,388.243184179334,346.04296091517153,0,,0.7299134409591241,346.04296091517153
discretized_contextual,2,10,2,20,29,1.0,0.2093776715102173,0.2090642867383461,0.16666666666666666,11,strong_marine_reserve,-0.09900542302150339,-1754.613615616037,198.672983111344,172.6817229434088,0,,0.8757784253251251,172.6817229434088
linucb,2,10,3,30,39,1.0,0.28836913409597625,0.07299134409591242,0.25,11,strong_marine_reserve,2.505378607475173,-218.72959897520565,326.89298477404543,318.43169865319777,0,,0.30576357823699835,318.43169865319777
contextual_thompson,2,10,3,30,39,1.0,0.28836913409597625,0.07299134409591242,0.25,11,strong_marine_reserve,2.505378607475173,-218.72959897520565,326.89298477404543,318.43169865319777,0,,0.30576357823699835,318.43169865319777
discretized_contextual,2,10,3,30,39,1.0,0.143901435786174,0.08757784253251251,0.25,11,strong_marine_reserve,0.41379208729616673,-925.9951390819324,160.77446716537187,155.21126652067505,0,,0.3668669872941416,155.21126652067505
linucb,2,10,4,40,49,1.0,0.26535974887766484,0.030576357823699836,0.3333333333333333,11,strong_marine_reserve,2.5449179858097106,-110.48572766513612,318.64844561698163,317.3515829056392,0,,0.1280855516969835,321.5563791242414
contextual_thompson,2,10,4,40,49,1.0,0.26535974887766484,0.030576357823699836,0.3333333333333333,11,strong_marine_reserve,2.5449179858097106,-110.48572766513612,318.64844561698163,317.3515829056392,0,,0.1280855516969835,321.5563791242414
discretized_contextual,2,10,4,40,49,1.0,0.12934272210056255,0.03668669872941416,0.3333333333333333,4,high_taxation,1.000225436019166,-243.60442683582428,149.25958354259885,147.02595778401005,0,,0.15368200731402343,147.02595778401005
linucb,2,10,5,50,59,1.0,0.26796364927020117,0.012808555169698348,0.4166666666666667,11,strong_marine_reserve,2.705192741463939,-41.23718371661877,329.57159102166696,322.7218298533759,0,,0.053655535587709385,337.40787601774247
contextual_thompson,2,10,5,50,59,1.0,0.26796364927020117,0.012808555169698348,0.4166666666666667,11,strong_marine_reserve,2.705192741463939,-41.23718371661877,329.57159102166696,322.7218298533759,0,,0.053655535587709385,337.40787601774247
discretized_contextual,2,10,5,50,59,1.0,0.12252163148667504,0.015368200731402343,0.4166666666666667,4,high_taxation,1.1301161139021982,-105.50371496120816,148.27437946360877,147.0050829342879,0,,0.06437799036175287,150.35378734366188
linucb,2,10,6,60,69,1.0,0.2811732300147854,0.005365553558770939,0.5,11,strong_marine_reserve,2.897892911394959,-12.714149812554336,349.2728473449016,339.40644896564567,0,,0.022476512464221592,359.70169124817363
contextual_thompson,2,10,6,60,69,1.0,0.2811732300147854,0.005365553558770939,0.5,11,strong_marine_reserve,2.897892911394959,-12.714149812554336,349.2728473449016,339.40644896564567,0,,0.022476512464221592,359.70169124817363
discretized_contextual,2,10,6,60,69,1.0,0.1252948227863849,0.006437799036175288,0.5,4,high_taxation,1.2473748592298715,-41.51971148665804,154.66734848598355,151.02018717320388,0,,0.026968190456735125,158.71848837726063
linucb,2,10,7,70,79,1.0,0.29975140937347805,0.0022476512464221594,0.5833333333333334,11,strong_marine_reserve,3.1127541697318795,-2.851999585400242,373.87274031807357,362.1732295349006,0,,0.009415498457348938,385.96299145393067
contextual_thompson,2,10,7,70,79,1.0,0.29975140937347805,0.0022476512464221594,0.5833333333333334,11,strong_marine_reserve,3.1127541697318795,-2.851999585400242,373.87274031807357,362.1732295349006,0,,0.009415498457348938,385.96299145393067
discretized_contextual,2,10,7,70,79,1.0,0.13226540698105052,0.0026968190456735123,0.5833333333333334,7,weak_capacity_control,1.3564731891500479,-15.463640068429948,164.6324195062173,159.72564445718322,0,,0.011297079831538518,169.7845562010818
linucb,2,10,8,80,89,1.0,0.3216358262116089,0.0009415498457348938,0.6666666666666666,11,strong_marine_reserve,3.3484701017354235,-0.004716831673017952,401.8169782280516,388.76194900763886,0,,0.0040327048117890585,415.19461637224106
contextual_thompson,2,10,8,80,89,1.0,0.3216358262116089,0.0009415498457348938,0.6666666666666666,11,strong_marine_reserve,3.3484701017354235,-0.004716831673017952,401.8169782280516,388.76194900763886,0,,0.0040327048117890585,415.19461637224106
discretized_contextual,2,10,8,80,89,1.0,0.14148713016756817,0.001129707983153852,0.6666666666666666,11,strong_marine_reserve,1.4628388062572961,-11.408011510683732,176.9096181321576,171.0392379487687,0,,0.004732390663174107,182.93807498467368
linucb,2,10,9,90,99,1.0,0.3459955136435342,0.00040327048117890586,0.75,11,strong_marine_reserve,3.6046333088005946,0.5926716218275793,432.484876461452,418.26301006029524,0,,0.00197041194728741,447.00535111939894
contextual_thompson,2,10,9,90,99,1.0,0.3459955136435342,0.00040327048117890586,0.75,11,strong_marine_reserve,3.6046333088005946,0.5926716218275793,432.484876461452,418.26301006029524,0,,0.00197041194728741,447.00535111939894
discretized_contextual,2,10,9,90,99,1.0,0.15244839582056138,0.00047323906631741074,0.75,11,strong_marine_reserve,1.5852788559042814,-4.48710139778236,190.77191487624765,184.32489082199535,0,,0.0019824168477923804,197.36816171412144
linucb,2,10,10,100,109,1.0,0.37250445926616577,0.000197041194728741,0.8333333333333334,11,strong_marine_reserve,3.8811669639594273,0.6431552195250375,465.66285704878834,450.3230206551233,0,,0.001123537656131278,481.30275656912534
contextual_thompson,2,10,10,100,109,1.0,0.37250445926616577,0.000197041194728741,0.8333333333333334,11,strong_marine_reserve,3.8811669639594273,0.6431552195250375,465.66285704878834,450.3230206551233,0,,0.001123537656131278,481.30275656912534
discretized_contextual,2,10,10,100,109,1.0,0.1644734680951012,0.00019824168477923805,0.8333333333333334,11,strong_marine_reserve,1.7139782878507233,-1.7461757179377768,205.88693562823934,198.87951841181078,0,,0.0008304421249481472,213.0455448105155
linucb,2,10,11,110,119,1.0,0.4010856304742711,0.0001123537656131278,0.9166666666666666,11,strong_marine_reserve,4.177757359924735,0.6076801609253679,501.2579615716571,484.86893976348637,0,,0.0007516876215313451,517.8944251900839
contextual_thompson,2,10,11,110,119,1.0,0.4010856304742711,0.0001123537656131278,0.9166666666666666,11,strong_marine_reserve,4.177757359924735,0.6076801609253679,501.2579615716571,484.86893976348637,0,,0.0007516876215313451,517.8944251900839
discretized_contextual,2,10,11,110,119,1.0,0.17753795400876293,8.304421249481473e-05,0.9166666666666666,11,strong_marine_reserve,1.8515494131563142,-0.6708398826570486,222.26643036467655,214.68298812918317,0,,0.0003478754348039218,230.0083619632474
linucb,2,11,0,0,9,1.0,0.8333333333333334,0.1,0.0,11,strong_marine_reserve,9.792141478367618,2535.374790314274,870.8120025664012,750.1462119556977,0,,1.6231724943666623,750.1462119556977
contextual_thompson,2,11,0,0,9,1.0,0.8333333333333334,0.1,0.0,11,strong_marine_reserve,9.792141478367618,2535.374790314274,870.8120025664012,750.1462119556977,0,,1.6231724943666623,750.1462119556977
discretized_contextual,2,11,0,0,9,1.0,0.8333333333333334,0.1,0.0,1,baseline_laissez_faire,10.490521369403732,3448.0349987194627,845.0983644821124,685.0617923614428,0,,2.0946658360156425,685.0617923614428
linucb,2,11,1,10,19,1.0,0.6251218432964147,0.16231724943666623,0.08333333333333333,11,strong_marine_reserve,7.039917032957406,2134.825288401206,588.6110093467441,469.01049684346464,0,,1.6017458809723943,469.01049684346464
contextual_thompson,2,11,1,10,19,1.0,0.6251218432964147,0.16231724943666623,0.08333333333333333,11,strong_marine_reserve,7.039917032957406,2134.825288401206,588.6110093467441,469.01049684346464,0,,1.6017458809723943,469.01049684346464
discretized_contextual,2,11,1,10,19,1.0,0.570884826967869,0.20946658360156425,0.08333333333333333,4,high_taxation,7.324214420796293,3594.777460708412,447.5324352105458,278.56464632792336,0,,1.8461516924318044,278.56464632792336
linucb,2,11,2,20,29,1.0,0.3908420807028872,0.16017458809723945,0.16666666666666666,11,strong_marine_reserve,3.327983315111464,92.62344695034824,388.243184179334,346.04296091517153,0,,0.7299134409591241,346.04296091517153
contextual_thompson,2,11,2,20,29,1.0,0.3908420807028872,0.16017458809723945,0.16666666666666666,11,strong_marine_reserve,3.327983315111464,92.62344695034824,388.243184179334,346.04296091517153,0,,0.7299134409591241,346.04296091517153
discretized_contextual,2,11,2,20,29,1.0,0.23213720527326948,0.18461516924318044,0.16666666666666666,7,weak_capacity_control,1.1816667295314927,-391.2395037768533,188.74874799700152,146.84098574931164,0,,0.8081413230301766,146.84098574931164
linucb,2,11,3,30,39,1.0,0.28836913409597625,0.07299134409591242,0.25,11,strong_marine_reserve,2.505378607475173,-218.72959897520565,326.89298477404543,318.43169865319777,0,,0.30576357823699835,318.43169865319777
contextual_thompson,2,11,3,30,39,1.0,0.28836913409597625,0.07299134409591242,0.25,11,strong_marine_reserve,2.505378607475173,-218.72959897520565,326.89298477404543,318.43169865319777,0,,0.30576357823699835,318.43169865319777
discretized_contextual,2,11,3,30,39,1.0,0.12236748812442637,0.08081413230301766,0.25,4,high_taxation,-9.576383219968312,-644.1368176944789,128.1304317271401,118.74821538703256,1,9,0.3385335421775396,118.74821538703256
linucb,2,11,4,40,49,1.0,0.26535974887766484,0.030576357823699836,0.3333333333333333,11,strong_marine_reserve,2.5449179858097106,-110.48572766513612,318.64844561698163,317.3515829056392,0,,0.1280855516969835,321.5563791242414
contextual_thompson,2,11,4,40,49,1.0,0.26535974887766484,0.030576357823699836,0.3333333333333333,11,strong_marine_reserve,2.5449179858097106,-110.48572766513612,318.64844561698163,317.3515829056392,0,,0.1280855516969835,321.5563791242414
discretized_contextual,2,11,4,40,49,1.0,0.09895684615586046,0.03385335421775396,0.3333333333333333,4,high_taxation,-99.354622223736,-313.4663015869741,115.06128934211846,113.87063527126288,1,0,0.14181301699751417,113.87063527126288
linucb,2,11,5,50,59,1.0,0.26796364927020117,0.012808555169698348,0.4166666666666667,11,strong_marine_reserve,2.705192741463939,-41.23718371661877,329.57159102166696,322.7218298533759,0,,0.053655535587709385,337.40787601774247
contextual_thompson,2,11,5,50,59,1.0,0.26796364927020117,0.012808555169698348,0.4166666666666667,11,strong_marine_reserve,2.705192741463939,-41.23718371661877,329.57159102166696,322.7218298533759,0,,0.053655535587709385,337.40787601774247
discretized_contextual,2,11,5,50,59,1.0,0.09489219605938573,0.014181301699751417,0.4166666666666667,4,high_taxation,-99.17260796129607,-132.6535071920632,115.20546550751835,113.93813844575092,1,0,0.05940602417290254,117.04850086674666
linucb,2,11,6,60,69,1.0,0.2811732300147854,0.005365553558770939,0.5,11,strong_marine_reserve,2.897892911394959,-12.714149812554336,349.2728473449016,339.40644896564567,0,,0.022476512464221592,359.70169124817363
contextual_thompson,2,11,6,60,69,1.0,0.2811732300147854,0.005365553558770939,0.5,11,strong_marine_reserve,2.897892911394959,-12.714149812554336,349.2728473449016,339.40644896564567,0,,0.022476512464221592,359.70169124817363
discretized_contextual,2,11,6,60,69,1.0,0.09754041738895555,0.005940602417290254,0.5,4,high_taxation,-39.0486765337194,-53.44762618272301,120.57253109559808,117.60405025547963,1,0,0.02488541448979498,123.83460716085692
linucb,2,11,7,70,79,1.0,0.29975140937347805,0.0022476512464221594,0.5833333333333334,11,strong_marine_reserve,3.1127541697318795,-2.851999585400242,373.87274031807357,362.1732295349006,0,,0.009415498457348938,385.96299145393067
contextual_thompson,2,11,7,70,79,1.0,0.29975140937347805,0.0022476512464221594,0.5833333333333334,11,strong_marine_reserve,3.1127541697318795,-2.851999585400242,373.87274031807357,362.1732295349006,0,,0.009415498457348938,385.96299145393067
discretized_contextual,2,11,7,70,79,1.0,0.10319550596738077,0.002488541448979498,0.5833333333333334,4,high_taxation,1.0501103014744326,-20.96244387902367,128.52872944241477,124.63767119655795,0,,0.010424596881394702,132.6025358324576
linucb,2,11,8,80,89,1.0,0.3216358262116089,0.0009415498457348938,0.6666666666666666,11,strong_marine_reserve,3.3484701017354235,-0.004716831673017952,401.8169782280516,388.76194900763886,0,,0.0040327048117890585,415.19461637224106
contextual_thompson,2,11,8,80,89,1.0,0.3216358262116089,0.0009415498457348938,0.6666666666666666,11,strong_marine_reserve,3.3484701017354235,-0.004716831673017952,401.8169782280516,388.76194900763886,0,,0.0040327048117890585,415.19461637224106
discretized_contextual,2,11,8,80,89,1.0,0.11050211319371465,0.0010424596881394702,0.6666666666666666,11,strong_marine_reserve,1.139407694681399,-12.222364435109313,138.19560709398098,133.58803934229348,0,,0.004366904163245842,142.92531280832554
linucb,2,11,9,90,99,1.0,0.3459955136435342,0.00040327048117890586,0.75,11,strong_marine_reserve,3.6046333088005946,0.5926716218275793,432.484876461452,418.26301006029524,0,,0.00197041194728741,447.00535111939894
contextual_thompson,2,11,9,90,99,1.0,0.3459955136435342,0.00040327048117890586,0.75,11,strong_marine_reserve,3.6046333088005946,0.5926716218275793,432.484876461452,418.26301006029524,0,,0.00197041194728741,447.00535111939894
discretized_contextual,2,11,9,90,99,1.0,0.11910442734027128,0.0004366904163245842,0.75,11,strong_marine_reserve,1.2373056785781964,-4.9244525930618135,149.067615740551,144.01289449515718,0,,0.0018293131320030979,154.23869471231842
linucb,2,11,10,100,109,1.0,0.37250445926616577,0.000197041194728741,0.8333333333333334,11,strong_marine_reserve,3.8811669639594273,0.6431552195250375,465.66285704878834,450.3230206551233,0,,0.001123537656131278,481.30275656912534
contextual_thompson,2,11,10,100,109,1.0,0.37250445926616577,0.000197041194728741,0.8333333333333334,11,strong_marine_reserve,3.8811669639594273,0.6431552195250375,465.66285704878834,450.3230206551233,0,,0.001123537656131278,481.30275656912534
discretized_contextual,2,11,10,100,109,1.0,0.1285322455935987,0.0001829313132003098,0.8333333333333334,11,strong_marine_reserve,1.3389934727909902,-1.9734631744537283,160.9160323158533,155.4233796820891,0,,0.0007663063831544392,166.52721544262576
linucb,2,11,11,110,119,1.0,0.4010856304742711,0.0001123537656131278,0.9166666666666666,11,strong_marine_reserve,4.177757359924735,0.6076801609253679,501.2579615716571,484.86893976348637,0,,0.0007516876215313451,517.8944251900839
contextual_thompson,2,11,11,110,119,1.0,0.4010856304742711,0.0001123537656131278,0.9166666666666666,11,strong_marine_reserve,4.177757359924735,0.6076801609253679,501.2579615716571,484.86893976348637,0,,0.0007516876215313451,517.8944251900839
discretized_contextual,2,11,11,110,119,1.0,0.13877267953552147,7.663063831544392e-05,0.9166666666666666,11,strong_marine_reserve,1.4471778970449638,-0.7848365238756715,173.75552802826073,167.81074468308208,0,,0.00032100872321417514,179.82493362206318
linucb,2,12,0,0,9,1.0,0.8333333333333334,0.1,0.0,11,strong_marine_reserve,9.792141478367618,2535.374790314274,870.8120025664012,750.1462119556977,0,,1.6231724943666623,750.1462119556977
contextual_thompson,2,12,0,0,9,1.0,0.8333333333333334,0.1,0.0,11,strong_marine_reserve,9.792141478367618,2535.374790314274,870.8120025664012,750.1462119556977,0,,1.6231724943666623,750.1462119556977
discretized_contextual,2,12,0,0,9,1.0,0.8333333333333334,0.1,0.0,1,baseline_laissez_faire,10.490521369403732,3448.0349987194627,845.0983644821124,685.0617923614428,0,,2.0946658360156425,685.0617923614428
linucb,2,12,1,10,19,1.0,0.6251218432964147,0.16231724943666623,0.08333333333333333,11,strong_marine_reserve,7.039917032957406,2134.825288401206,588.6110093467441,469.01049684346464,0,,1.6017458809723943,469.01049684346464
contextual_thompson,2,12,1,10,19,1.0,0.6251218432964147,0.16231724943666623,0.08333333333333333,11,strong_marine_reserve,7.039917032957406,2134.825288401206,588.6110093467441,469.01049684346464,0,,1.6017458809723943,469.01049684346464
discretized_contextual,2,12,1,10,19,1.0,0.570884826967869,0.20946658360156425,0.08333333333333333,4,high_taxation,7.324214420796293,3594.777460708412,447.5324352105458,278.56464632792336,0,,1.8461516924318044,278.56464632792336
linucb,2,12,2,20,29,1.0,0.3908420807028872,0.16017458809723945,0.16666666666666666,11,strong_marine_reserve,3.327983315111464,92.62344695034824,388.243184179334,346.04296091517153,0,,0.7299134409591241,346.04296091517153
contextual_thompson,2,12,2,20,29,1.0,0.3908420807028872,0.16017458809723945,0.16666666666666666,11,strong_marine_reserve,3.327983315111464,92.62344695034824,388.243184179334,346.04296091517153,0,,0.7299134409591241,346.04296091517153
discretized_contextual,2,12,2,20,29,1.0,0.23213720527326948,0.18461516924318044,0.16666666666666666,7,weak_capacity_control,1.1816667295314927,-391.2395037768533,188.74874799700152,146.84098574931164,0,,0.8081413230301766,146.84098574931164
linucb,2,12,3,30,39,1.0,0.28836913409597625,0.07299134409591242,0.25,11,strong_marine_reserve,2.505378607475173,-218.72959897520565,326.89298477404543,318.43169865319777,0,,0.30576357823699835,318.43169865319777
contextual_thompson,2,12,3,30,39,1.0,0.28836913409597625,0.07299134409591242,0.25,11,strong_marine_reserve,2.505378607475173,-218.72959897520565,326.89298477404543,318.43169865319777,0,,0.30576357823699835,318.43169865319777
discretized_contextual,2,12,3,30,39,1.0,0.12236748812442637,0.08081413230301766,0.25,7,weak_capacity_control,-9.576383219968312,-644.1368176944789,128.1304317271401,118.74821538703256,1,9,0.3385335421775396,118.74821538703256
linucb,2,12,4,40,49,1.0,0.26535974887766484,0.030576357823699836,0.3333333333333333,11,strong_marine_reserve,2.5449179858097106,-110.48572766513612,318.64844561698163,317.3515829056392,0,,0.1280855516969835,321.5563791242414
contextual_thompson,2,12,4,40,49,1.0,0.26535974887766484,0.030576357823699836,0.3333333333333333,11,strong_marine_reserve,2.5449179858097106,-110.48572766513612,318.64844561698163,317.3515829056392,0,,0.1280855516969835,321.5563791242414
discretized_contextual,2,12,4,40,49,1.0,0.09895684615586046,0.03385335421775396,0.3333333333333333,4,high_taxation,-99.354622223736,-313.4663015869741,115.06128934211846,113.87063527126288,1,0,0.14181301699751417,113.87063527126288
linucb,2,12,5,50,59,1.0,0.26796364927020117,0.012808555169698348,0.4166666666666667,11,strong_marine_reserve,2.705192741463939,-41.23718371661877,329.57159102166696,322.7218298533759,0,,0.053655535587709385,337.40787601774247
contextual_thompson,2,12,5,50,59,1.0,0.26796364927020117,0.012808555169698348,0.4166666666666667,11,strong_marine_reserve,2.705192741463939,-41.23718371661877,329.57159102166696,322.7218298533759,0,,0.053655535587709385,337.40787601774247
discretized_contextual,2,12,5,50,59,1.0,0.09489219605938573,0.014181301699751417,0.4166666666666667,4,high_taxation,-99.17260796129607,-132.6535071920632,115.20546550751835,113.93813844575092,1,0,0.05940602417290254,117.04850086674666
linucb,2,12,6,60,69,1.0,0.2811732300147854,0.005365553558770939,0.5,11,strong_marine_reserve,2.897892911394959,-12.714149812554336,349.2728473449016,339.40644896564567,0,,0.022476512464221592,359.70169124817363
contextual_thompson,2,12,6,60,69,1.0,0.2811732300147854,0.005365553558770939,0.5,11,strong_marine_reserve,2.897892911394959,-12.714149812554336,349.2728473449016,339.40644896564567,0,,0.022476512464221592,359.70169124817363
discretized_contextual,2,12,6,60,69,1.0,0.09754041738895555,0.005940602417290254,0.5,4,high_taxation,-39.0486765337194,-53.44762618272301,120.57253109559808,117.60405025547963,1,0,0.02488541448979498,123.83460716085692
linucb,2,12,7,70,79,1.0,0.29975140937347805,0.0022476512464221594,0.5833333333333334,11,strong_marine_reserve,3.1127541697318795,-2.851999585400242,373.87274031807357,362.1732295349006,0,,0.009415498457348938,385.96299145393067
contextual_thompson,2,12,7,70,79,1.0,0.29975140937347805,0.0022476512464221594,0.5833333333333334,11,strong_marine_reserve,3.1127541697318795,-2.851999585400242,373.87274031807357,362.1732295349006,0,,0.009415498457348938,385.96299145393067
discretized_contextual,2,12,7,70,79,1.0,0.10319550596738077,0.002488541448979498,0.5833333333333334,4,high_taxation,1.0501103014744326,-20.96244387902367,128.52872944241477,124.63767119655795,0,,0.010424596881394702,132.6025358324576
linucb,2,12,8,80,89,1.0,0.3216358262116089,0.0009415498457348938,0.6666666666666666,11,strong_marine_reserve,3.3484701017354235,-0.004716831673017952,401.8169782280516,388.76194900763886,0,,0.0040327048117890585,415.19461637224106
contextual_thompson,2,12,8,80,89,1.0,0.3216358262116089,0.0009415498457348938,0.6666666666666666,11,strong_marine_reserve,3.3484701017354235,-0.004716831673017952,401.8169782280516,388.76194900763886,0,,0.0040327048117890585,415.19461637224106
discretized_contextual,2,12,8,80,89,1.0,0.11050211319371465,0.0010424596881394702,0.6666666666666666,11,strong_marine_reserve,1.139407694681399,-12.222364435109313,138.19560709398098,133.58803934229348,0,,0.004366904163245842,142.92531280832554
linucb,2,12,9,90,99,1.0,0.3459955136435342,0.00040327048117890586,0.75,11,strong_marine_reserve,3.6046333088005946,0.5926716218275793,432.484876461452,418.26301006029524,0,,0.00197041194728741,447.00535111939894
contextual_thompson,2,12,9,90,99,1.0,0.3459955136435342,0.00040327048117890586,0.75,11,strong_marine_reserve,3.6046333088005946,0.5926716218275793,432.484876461452,418.26301006029524,0,,0.00197041194728741,447.00535111939894
discretized_contextual,2,12,9,90,99,1.0,0.11910442734027128,0.0004366904163245842,0.75,11,strong_marine_reserve,1.2373056785781964,-4.9244525930618135,149.067615740551,144.01289449515718,0,,0.0018293131320030979,154.23869471231842
linucb,2,12,10,100,109,1.0,0.37250445926616577,0.000197041194728741,0.8333333333333334,11,strong_marine_reserve,3.8811669639594273,0.6431552195250375,465.66285704878834,450.3230206551233,0,,0.001123537656131278,481.30275656912534
contextual_thompson,2,12,10,100,109,1.0,0.37250445926616577,0.000197041194728741,0.8333333333333334,11,strong_marine_reserve,3.8811669639594273,0.6431552195250375,465.66285704878834,450.3230206551233,0,,0.001123537656131278,481.30275656912534
discretized_contextual,2,12,10,100,109,1.0,0.1285322455935987,0.0001829313132003098,0.8333333333333334,11,strong_marine_reserve,1.3389934727909902,-1.9734631744537283,160.9160323158533,155.4233796820891,0,,0.0007663063831544392,166.52721544262576
linucb,2,12,11,110,119,1.0,0.4010856304742711,0.0001123537656131278,0.9166666666666666,11,strong_marine_reserve,4.177757359924735,0.6076801609253679,501.2579615716571,484.86893976348637,0,,0.0007516876215313451,517.8944251900839
contextual_thompson,2,12,11,110,119,1.0,0.4010856304742711,0.0001123537656131278,0.9166666666666666,11,strong_marine_reserve,4.177757359924735,0.6076801609253679,501.2579615716571,484.86893976348637,0,,0.0007516876215313451,517.8944251900839
discretized_contextual,2,12,11,110,119,1.0,0.13877267953552147,7.663063831544392e-05,0.9166666666666666,7,weak_capacity_control,1.447469773505611,-0.38902643168132434,173.74305599247506,167.80798854479943,0,,0.00032100872321417514,179.80434603589043
linucb,2,13,0,0,9,1.0,0.8333333333333334,0.1,0.0,11,strong_marine_reserve,9.792141478367618,2535.374790314274,870.8120025664012,750.1462119556977,0,,1.6231724943666623,750.1462119556977
contextual_thompson,2,13,0,0,9,1.0,0.8333333333333334,0.1,0.0,11,strong_marine_reserve,9.792141478367618,2535.374790314274,870.8120025664012,750.1462119556977,0,,1.6231724943666623,750.1462119556977
discretized_contextual,2,13,0,0,9,1.0,0.8333333333333334,0.1,0.0,1,baseline_laissez_faire,10.490521369403732,3448.0349987194627,845.0983644821124,685.0617923614428,0,,2.0946658360156425,685.0617923614428
linucb,2,13,1,10,19,1.0,0.6251218432964147,0.16231724943666623,0.08333333333333333,11,strong_marine_reserve,7.039917032957406,2134.825288401206,588.6110093467441,469.01049684346464,0,,1.6017458809723943,469.01049684346464
contextual_thompson,2,13,1,10,19,1.0,0.6251218432964147,0.16231724943666623,0.08333333333333333,11,strong_marine_reserve,7.039917032957406,2134.825288401206,588.6110093467441,469.01049684346464,0,,1.6017458809723943,469.01049684346464
discretized_contextual,2,13,1,10,19,1.0,0.570884826967869,0.20946658360156425,0.08333333333333333,4,high_taxation,7.324214420796293,3594.777460708412,447.5324352105458,278.56464632792336,0,,1.8461516924318044,278.56464632792336
linucb,2,13,2,20,29,1.0,0.3908420807028872,0.16017458809723945,0.16666666666666666,11,strong_marine_reserve,3.327983315111464,92.62344695034824,388.243184179334,346.04296091517153,0,,0.7299134409591241,346.04296091517153
contextual_thompson,2,13,2,20,29,1.0,0.3908420807028872,0.16017458809723945,0.16666666666666666,11,strong_marine_reserve,3.327983315111464,92.62344695034824,388.243184179334,346.04296091517153,0,,0.7299134409591241,346.04296091517153
discretized_contextual,2,13,2,20,29,1.0,0.23213720527326948,0.18461516924318044,0.16666666666666666,10,moderate_marine_reserve,0.8526458376843136,-922.1824393109827,212.97939323943552,180.9078880858866,0,,0.7733601215844041,180.9078880858866
linucb,2,13,3,30,39,1.0,0.28836913409597625,0.07299134409591242,0.25,11,strong_marine_reserve,2.505378607475173,-218.72959897520565,326.89298477404543,318.43169865319777,0,,0.30576357823699835,318.43169865319777
contextual_thompson,2,13,3,30,39,1.0,0.28836913409597625,0.07299134409591242,0.25,11,strong_marine_reserve,2.505378607475173,-218.72959897520565,326.89298477404543,318.43169865319777,0,,0.30576357823699835,318.43169865319777
discretized_contextual,2,13,3,30,39,1.0,0.1507565734049055,0.07733601215844041,0.25,10,moderate_marine_reserve,0.7350533058733437,-648.9918770593276,166.08542195192055,158.95570629947775,0,,0.3239635616666084,158.95570629947775
linucb,2,13,4,40,49,1.0,0.26535974887766484,0.030576357823699836,0.3333333333333333,11,strong_marine_reserve,2.5449179858097106,-110.48572766513612,318.64844561698163,317.3515829056392,0,,0.1280855516969835,321.5563791242414
contextual_thompson,2,13,4,40,49,1.0,0.26535974887766484,0.030576357823699836,0.3333333333333333,11,strong_marine_reserve,2.5449179858097106,-110.48572766513612,318.64844561698163,317.3515829056392,0,,0.1280855516969835,321.5563791242414
discretized_contextual,2,13,4,40,49,1.0,0.13246308858289813,0.03239635616666084,0.3333333333333333,4,high_taxation,1.082234647362538,-203.68730495994828,154.31063427869836,152.86579376779173,0,,0.13570959551508233,152.88553903954727
linucb,2,13,5,50,59,1.0,0.26796364927020117,0.012808555169698348,0.4166666666666667,11,strong_marine_reserve,2.705192741463939,-41.23718371661877,329.57159102166696,322.7218298533759,0,,0.053655535587709385,337.40787601774247
contextual_thompson,2,13,5,50,59,1.0,0.26796364927020117,0.012808555169698348,0.4166666666666667,11,strong_marine_reserve,2.705192741463939,-41.23718371661877,329.57159102166696,322.7218298533759,0,,0.053655535587709385,337.40787601774247
discretized_contextual,2,13,5,50,59,1.0,0.1274046158662894,0.013570959551508232,0.4166666666666667,4,high_taxation,1.2032059798527368,-86.70407210089016,154.78920623443523,153.00219704876457,0,,0.05684927718451349,157.3313102175242
linucb,2,13,6,60,69,1.0,0.2811732300147854,0.005365553558770939,0.5,11,strong_marine_reserve,2.897892911394959,-12.714149812554336,349.2728473449016,339.40644896564567,0,,0.022476512464221592,359.70169124817363
contextual_thompson,2,13,6,60,69,1.0,0.2811732300147854,0.005365553558770939,0.5,11,strong_marine_reserve,2.897892911394959,-12.714149812554336,349.2728473449016,339.40644896564567,0,,0.022476512464221592,359.70169124817363
discretized_contextual,2,13,6,60,69,1.0,0.13110942518127017,0.005684927718451349,0.5,4,high_taxation,1.3173730399051982,-33.53832258092458,162.1093634983347,158.0879350909965,0,,0.023814383236021582,166.51758124718432
linucb,2,13,7,70,79,1.0,0.29975140937347805,0.0022476512464221594,0.5833333333333334,11,strong_marine_reserve,3.1127541697318795,-2.851999585400242,373.87274031807357,362.1732295349006,0,,0.009415498457348938,385.96299145393067
contextual_thompson,2,13,7,70,79,1.0,0.29975140937347805,0.0022476512464221594,0.5833333333333334,11,strong_marine_reserve,3.1127541697318795,-2.851999585400242,373.87274031807357,362.1732295349006,0,,0.009415498457348938,385.96299145393067
discretized_contextual,2,13,7,70,79,1.0,0.13876465103932026,0.002381438323602158,0.5833333333333334,4,high_taxation,1.4281157703388991,-12.206027368725714,172.83861572491497,167.60025302843073,0,,0.009975937725143113,178.31865459615142
linucb,2,13,8,80,89,1.0,0.3216358262116089,0.0009415498457348938,0.6666666666666666,11,strong_marine_reserve,3.3484701017354235,-0.004716831673017952,401.8169782280516,388.76194900763886,0,,0.0040327048117890585,415.19461637224106
contextual_thompson,2,13,8,80,89,1.0,0.3216358262116089,0.0009415498457348938,0.6666666666666666,11,strong_marine_reserve,3.3484701017354235,-0.004716831673017952,401.8169782280516,388.76194900763886,0,,0.0040327048117890585,415.19461637224106
discretized_contextual,2,13,8,80,89,1.0,0.14859887883012618,0.0009975937725143114,0.6666666666666666,11,strong_marine_reserve,1.5388999426997885,-9.677250720688608,185.82926321045727,179.64264527730887,0,,0.004178959098357031,192.1777392999192
linucb,2,13,9,90,99,1.0,0.3459955136435342,0.00040327048117890586,0.75,11,strong_marine_reserve,3.6046333088005946,0.5926716218275793,432.484876461452,418.26301006029524,0,,0.00197041194728741,447.00535111939894
contextual_thompson,2,13,9,90,99,1.0,0.3459955136435342,0.00040327048117890586,0.75,11,strong_marine_reserve,3.6046333088005946,0.5926716218275793,432.484876461452,418.26301006029524,0,,0.00197041194728741,447.00535111939894
discretized_contextual,2,13,9,90,99,1.0,0.160148116083266,0.00041789590983570314,0.75,3,moderate_taxation,1.6681951050314432,-1.2934076822614846,200.33862152564456,193.61964124139087,0,,0.001750582213612453,207.22241082038556
linucb,2,13,10,100,109,1.0,0.37250445926616577,0.000197041194728741,0.8333333333333334,11,strong_marine_reserve,3.8811669639594273,0.6431552195250375,465.66285704878834,450.3230206551233,0,,0.001123537656131278,481.30275656912534
contextual_thompson,2,13,10,100,109,1.0,0.37250445926616577,0.000197041194728741,0.8333333333333334,11,strong_marine_reserve,3.8811669639594273,0.6431552195250375,465.66285704878834,450.3230206551233,0,,0.001123537656131278,481.30275656912534
discretized_contextual,2,13,10,100,109,1.0,0.1726853423503213,0.0001750582213612453,0.8333333333333334,11,strong_marine_reserve,1.7999379019888866,-1.461701395020515,216.16795240606885,208.80980030151315,0,,0.0007333256953438734,223.68376832920683
linucb,2,13,11,110,119,1.0,0.4010856304742711,0.0001123537656131278,0.9166666666666666,11,strong_marine_reserve,4.177757359924735,0.6076801609253679,501.2579615716571,484.86893976348637,0,,0.0007516876215313451,517.8944251900839
contextual_thompson,2,13,11,110,119,1.0,0.4010856304742711,0.0001123537656131278,0.9166666666666666,11,strong_marine_reserve,4.177757359924735,0.6076801609253679,501.2579615716571,484.86893976348637,0,,0.0007516876215313451,517.8944251900839
discretized_contextual,2,13,11,110,119,1.0,0.18640314027433902,7.333256953438734e-05,0.9166666666666666,11,strong_marine_reserve,1.9441287728132035,-0.5560964573921086,233.3621843124715,225.40263270305002,0,,0.00030719298486522103,241.487467750642
linucb,2,14,0,0,9,1.0,0.8333333333333334,0.1,0.0,11,strong_marine_reserve,9.792141478367618,2535.374790314274,870.8120025664012,750.1462119556977,0,,1.6231724943666623,750.1462119556977
contextual_thompson,2,14,0,0,9,1.0,0.8333333333333334,0.1,0.0,11,strong_marine_reserve,9.792141478367618,2535.374790314274,870.8120025664012,750.1462119556977,0,,1.6231724943666623,750.1462119556977
discretized_contextual,2,14,0,0,9,1.0,0.8333333333333334,0.1,0.0,1,baseline_laissez_faire,10.490521369403732,3448.0349987194627,845.0983644821124,685.0617923614428,0,,2.0946658360156425,685.0617923614428
linucb,2,14,1,10,19,1.0,0.6251218432964147,0.16231724943666623,0.08333333333333333,11,strong_marine_reserve,7.039917032957406,2134.825288401206,588.6110093467441,469.01049684346464,0,,1.6017458809723943,469.01049684346464
contextual_thompson,2,14,1,10,19,1.0,0.6251218432964147,0.16231724943666623,0.08333333333333333,11,strong_marine_reserve,7.039917032957406,2134.825288401206,588.6110093467441,469.01049684346464,0,,1.6017458809723943,469.01049684346464
discretized_contextual,2,14,1,10,19,1.0,0.570884826967869,0.20946658360156425,0.08333333333333333,4,high_taxation,7.324214420796293,3594.777460708412,447.5324352105458,278.56464632792336,0,,1.8461516924318044,278.56464632792336
linucb,2,14,2,20,29,1.0,0.3908420807028872,0.16017458809723945,0.16666666666666666,11,strong_marine_reserve,3.327983315111464,92.62344695034824,388.243184179334,346.04296091517153,0,,0.7299134409591241,346.04296091517153
contextual_thompson,2,14,2,20,29,1.0,0.3908420807028872,0.16017458809723945,0.16666666666666666,11,strong_marine_reserve,3.327983315111464,92.62344695034824,388.243184179334,346.04296091517153,0,,0.7299134409591241,346.04296091517153
discretized_contextual,2,14,2,20,29,1.0,0.23213720527326948,0.18461516924318044,0.16666666666666666,10,moderate_marine_reserve,0.8526458376843136,-922.1824393109827,212.97939323943552,180.9078880858866,0,,0.7733601215844041,180.9078880858866
linucb,2,14,3,30,39,1.0,0.28836913409597625,0.07299134409591242,0.25,11,strong_marine_reserve,2.505378607475173,-218.72959897520565,326.89298477404543,318.43169865319777,0,,0.30576357823699835,318.43169865319777
contextual_thompson,2,14,3,30,39,1.0,0.28836913409597625,0.07299134409591242,0.25,11,strong_marine_reserve,2.505378607475173,-218.72959897520565,326.89298477404543,318.43169865319777,0,,0.30576357823699835,318.43169865319777
discretized_contextual,2,14,3,30,39,1.0,0.1507565734049055,0.07733601215844041,0.25,10,moderate_marine_reserve,0.7350533058733437,-648.9918770593276,166.08542195192055,158.95570629947775,0,,0.3239635616666084,158.95570629947775
linucb,2,14,4,40,49,1.0,0.26535974887766484,0.030576357823699836,0.3333333333333333,11,strong_marine_reserve,2.5449179858097106,-110.48572766513612,318.64844561698163,317.3515829056392,0,,0.1280855516969835,321.5563791242414
contextual_thompson,2,14,4,40,49,1.0,0.26535974887766484,0.030576357823699836,0.3333333333333333,11,strong_marine_reserve,2.5449179858097106,-110.48572766513612,318.64844561698163,317.3515829056392,0,,0.1280855516969835,321.5563791242414
discretized_contextual,2,14,4,40,49,1.0,0.13246308858289813,0.03239635616666084,0.3333333333333333,4,high_taxation,1.082234647362538,-203.68730495994828,154.31063427869836,152.86579376779173,0,,0.13570959551508233,152.88553903954727
linucb,2,14,5,50,59,1.0,0.26796364927020117,0.012808555169698348,0.4166666666666667,11,strong_marine_reserve,2.705192741463939,-41.23718371661877,329.57159102166696,322.7218298533759,0,,0.053655535587709385,337.40787601774247
contextual_thompson,2,14,5,50,59,1.0,0.26796364927020117,0.012808555169698348,0.4166666666666667,11,strong_marine_reserve,2.705192741463939,-41.23718371661877,329.57159102166696,322.7218298533759,0,,0.053655535587709385,337.40787601774247
discretized_contextual,2,14,5,50,59,1.0,0.1274046158662894,0.013570959551508232,0.4166666666666667,4,high_taxation,1.2032059798527368,-86.70407210089016,154.78920623443523,153.00219704876457,0,,0.05684927718451349,157.3313102175242
linucb,2,14,6,60,69,1.0,0.2811732300147854,0.005365553558770939,0.5,11,strong_marine_reserve,2.897892911394959,-12.714149812554336,349.2728473449016,339.40644896564567,0,,0.022476512464221592,359.70169124817363
contextual_thompson,2,14,6,60,69,1.0,0.2811732300147854,0.005365553558770939,0.5,11,strong_marine_reserve,2.897892911394959,-12.714149812554336,349.2728473449016,339.40644896564567,0,,0.022476512464221592,359.70169124817363
discretized_contextual,2,14,6,60,69,1.0,0.13110942518127017,0.005684927718451349,0.5,4,high_taxation,1.3173730399051982,-33.53832258092458,162.1093634983347,158.0879350909965,0,,0.023814383236021582,166.51758124718432
linucb,2,14,7,70,79,1.0,0.29975140937347805,0.0022476512464221594,0.5833333333333334,11,strong_marine_reserve,3.1127541697318795,-2.851999585400242,373.87274031807357,362.1732295349006,0,,0.009415498457348938,385.96299145393067
contextual_thompson,2,14,7,70,79,1.0,0.29975140937347805,0.0022476512464221594,0.5833333333333334,11,strong_marine_reserve,3.1127541697318795,-2.851999585400242,373.87274031807357,362.1732295349006,0,,0.009415498457348938,385.96299145393067
discretized_contextual,2,14,7,70,79,1.0,0.13876465103932026,0.002381438323602158,0.5833333333333334,4,high_taxation,1.4281157703388991,-12.206027368725714,172.83861572491497,167.60025302843073,0,,0.009975937725143113,178.31865459615142
linucb,2,14,8,80,89,1.0,0.3216358262116089,0.0009415498457348938,0.6666666666666666,11,strong_marine_reserve,3.3484701017354235,-0.004716831673017952,401.8169782280516,388.76194900763886,0,,0.0040327048117890585,415.19461637224106
contextual_thompson,2,14,8,80,89,1.0,0.3216358262116089,0.0009415498457348938,0.6666666666666666,11,strong_marine_reserve,3.3484701017354235,-0.004716831673017952,401.8169782280516,388.76194900763886,0,,0.0040327048117890585,415.19461637224106
discretized_contextual,2,14,8,80,89,1.0,0.14859887883012618,0.0009975937725143114,0.6666666666666666,1,baseline_laissez_faire,1.5429577335437106,-4.173098032265074,185.6556997891171,179.60422112816966,0,,0.004178959098357031,191.89145218969293
linucb,2,14,9,90,99,1.0,0.3459955136435342,0.00040327048117890586,0.75,11,strong_marine_reserve,3.6046333088005946,0.5926716218275793,432.484876461452,418.26301006029524,0,,0.00197041194728741,447.00535111939894
contextual_thompson,2,14,9,90,99,1.0,0.3459955136435342,0.00040327048117890586,0.75,11,strong_marine_reserve,3.6046333088005946,0.5926716218275793,432.484876461452,418.26301006029524,0,,0.00197041194728741,447.00535111939894
discretized_contextual,2,14,9,90,99,1.0,0.15990954349141076,0.00041789590983570314,0.75,11,strong_marine_reserve,1.6638672126541914,-3.7881852998150167,200.11864775448078,193.34855269157927,0,,0.001750582213612453,207.04324992652738
linucb,2,14,10,100,109,1.0,0.37250445926616577,0.000197041194728741,0.8333333333333334,11,strong_marine_reserve,3.8811669639594273,0.6431552195250375,465.66285704878834,450.3230206551233,0,,0.001123537656131278,481.30275656912534
contextual_thompson,2,14,10,100,109,1.0,0.37250445926616577,0.000197041194728741,0.8333333333333334,11,strong_marine_reserve,3.8811669639594273,0.6431552195250375,465.66285704878834,450.3230206551233,0,,0.001123537656131278,481.30275656912534
discretized_contextual,2,14,10,100,109,1.0,0.17253604160543948,0.0001750582213612453,0.8333333333333334,11,strong_marine_reserve,1.7983797659360223,-1.463160067003216,215.98115112036305,208.62928303957108,0,,0.0007333256953438734,223.4905509521861
linucb,2,14,11,110,119,1.0,0.4010856304742711,0.0001123537656131278,0.9166666666666666,11,strong_marine_reserve,4.177757359924735,0.6076801609253679,501.2579615716571,484.86893976348637,0,,0.0007516876215313451,517.8944251900839
contextual_thompson,2,14,11,110,119,1.0,0.4010856304742711,0.0001123537656131278,0.9166666666666666,11,strong_marine_reserve,4.177757359924735,0.6076801609253679,501.2579615716571,484.86893976348637,0,,0.0007516876215313451,517.8944251900839
discretized_contextual,2,14,11,110,119,1.0,0.18624212579348842,7.333256953438734e-05,0.9166666666666666,11,strong_marine_reserve,1.942449193841457,-0.5567554744907017,233.16071391791374,225.20794882205604,0,,0.00030719298486522103,241.27907291387757
linucb,2,15,0,0,9,1.0,0.8333333333333334,0.1,0.0,11,strong_marine_reserve,9.792141478367618,2535.374790314274,870.8120025664012,750.1462119556977,0,,1.6231724943666623,750.1462119556977
contextual_thompson,2,15,0,0,9,1.0,0.8333333333333334,0.1,0.0,11,strong_marine_reserve,9.792141478367618,2535.374790314274,870.8120025664012,750.1462119556977,0,,1.6231724943666623,750.1462119556977
discretized_contextual,2,15,0,0,9,1.0,0.8333333333333334,0.1,0.0,1,baseline_laissez_faire,10.490521369403732,3448.0349987194627,845.0983644821124,685.0617923614428,0,,2.0946658360156425,685.0617923614428
linucb,2,15,1,10,19,1.0,0.6251218432964147,0.16231724943666623,0.08333333333333333,11,strong_marine_reserve,7.039917032957406,2134.825288401206,588.6110093467441,469.01049684346464,0,,1.6017458809723943,469.01049684346464
contextual_thompson,2,15,1,10,19,1.0,0.6251218432964147,0.16231724943666623,0.08333333333333333,11,strong_marine_reserve,7.039917032957406,2134.825288401206,588.6110093467441,469.01049684346464,0,,1.6017458809723943,469.01049684346464
discretized_contextual,2,15,1,10,19,1.0,0.570884826967869,0.20946658360156425,0.08333333333333333,3,moderate_taxation,7.306302087564786,3684.756760534129,434.58543924367876,251.25320581226075,0,,2.090642867383461,251.25320581226075
linucb,2,15,2,20,29,1.0,0.3908420807028872,0.16017458809723945,0.16666666666666666,11,strong_marine_reserve,3.327983315111464,92.62344695034824,388.243184179334,346.04296091517153,0,,0.7299134409591241,346.04296091517153
contextual_thompson,2,15,2,20,29,1.0,0.3908420807028872,0.16017458809723945,0.16666666666666666,11,strong_marine_reserve,3.327983315111464,92.62344695034824,388.243184179334,346.04296091517153,0,,0.7299134409591241,346.04296091517153
discretized_contextual,2,15,2,20,29,1.0,0.2093776715102173,0.2090642867383461,0.16666666666666666,3,moderate_taxation,0.5153855832781297,-844.4855568434486,163.18453681458942,123.57944471849733,0,,0.882823126417927,123.57944471849733
linucb,2,15,3,30,39,1.0,0.28836913409597625,0.07299134409591242,0.25,11,strong_marine_reserve,2.505378607475173,-218.72959897520565,326.89298477404543,318.43169865319777,0,,0.30576357823699835,318.43169865319777
contextual_thompson,2,15,3,30,39,1.0,0.28836913409597625,0.07299134409591242,0.25,11,strong_marine_reserve,2.505378607475173,-218.72959897520565,326.89298477404543,318.43169865319777,0,,0.30576357823699835,318.43169865319777
discretized_contextual,2,15,3,30,39,1.0,0.10298287059874778,0.0882823126417927,0.25,10,moderate_marine_reserve,-90.07779451025988,-1008.8282635258812,111.72405039192076,105.86891997488893,1,1,0.36981803997090107,105.86891997488893
linucb,2,15,4,40,49,1.0,0.26535974887766484,0.030576357823699836,0.3333333333333333,11,strong_marine_reserve,2.5449179858097106,-110.48572766513612,318.64844561698163,317.3515829056392,0,,0.1280855516969835,321.5563791242414
contextual_thompson,2,15,4,40,49,1.0,0.26535974887766484,0.030576357823699836,0.3333333333333333,11,strong_marine_reserve,2.5449179858097106,-110.48572766513612,318.64844561698163,317.3515829056392,0,,0.1280855516969835,321.5563791242414
discretized_contextual,2,15,4,40,49,1.0,0.0882240999790741,0.036981803997090106,0.3333333333333333,10,moderate_marine_reserve,-99.57573518486575,-442.74838441567886,104.0415839459924,103.60023505544376,1,0,0.15491821475367024,103.85702214265113
linucb,2,15,5,50,59,1.0,0.26796364927020117,0.012808555169698348,0.4166666666666667,11,strong_marine_reserve,2.705192741463939,-41.23718371661877,329.57159102166696,322.7218298533759,0,,0.053655535587709385,337.40787601774247
contextual_thompson,2,15,5,50,59,1.0,0.26796364927020117,0.012808555169698348,0.4166666666666667,11,strong_marine_reserve,2.705192741463939,-41.23718371661877,329.57159102166696,322.7218298533759,0,,0.053655535587709385,337.40787601774247
discretized_contextual,2,15,5,50,59,1.0,0.08654751845220927,0.015491821475367023,0.4166666666666667,4,high_taxation,-99.28357612219075,-156.90812930369802,104.79984085355412,103.85575531665665,1,0,0.06489584246445278,106.30878602354865
linucb,2,15,6,60,69,1.0,0.2811732300147854,0.005365553558770939,0.5,11,strong_marine_reserve,2.897892911394959,-12.714149812554336,349.2728473449016,339.40644896564567,0,,0.022476512464221592,359.70169124817363
contextual_thompson,2,15,6,60,69,1.0,0.2811732300147854,0.005365553558770939,0.5,11,strong_marine_reserve,2.897892911394959,-12.714149812554336,349.2728473449016,339.40644896564567,0,,0.022476512464221592,359.70169124817363
discretized_contextual,2,15,6,60,69,1.0,0.08859065501962388,0.006489584246445278,0.5,4,high_taxation,-99.15219324030001,-63.783618297779576,109.39084535973068,106.78669800458397,1,0,0.02718512071590532,112.27795604399483
linucb,2,15,7,70,79,1.0,0.29975140937347805,0.0022476512464221594,0.5833333333333334,11,strong_marine_reserve,3.1127541697318795,-2.851999585400242,373.87274031807357,362.1732295349006,0,,0.009415498457348938,385.96299145393067
contextual_thompson,2,15,7,70,79,1.0,0.29975140937347805,0.0022476512464221594,0.5833333333333334,11,strong_marine_reserve,3.1127541697318795,-2.851999585400242,373.87274031807357,362.1732295349006,0,,0.009415498457348938,385.96299145393067
discretized_contextual,2,15,7,70,79,1.0,0.0935649633699957,0.0027185120715905323,0.5833333333333334,4,high_taxation,-89.05464593571062,-25.334347238098296,116.48260938329749,112.99452185940739,1,0,0.011387952760504727,120.1435955934053
linucb,2,15,8,80,89,1.0,0.3216358262116089,0.0009415498457348938,0.6666666666666666,11,strong_marine_reserve,3.3484701017354235,-0.004716831673017952,401.8169782280516,388.76194900763886,0,,0.0040327048117890585,415.19461637224106
contextual_thompson,2,15,8,80,89,1.0,0.3216358262116089,0.0009415498457348938,0.6666666666666666,11,strong_marine_reserve,3.3484701017354235,-0.004716831673017952,401.8169782280516,388.76194900763886,0,,0.0040327048117890585,415.19461637224106
discretized_contextual,2,15,8,80,89,1.0,0.10011966299450441,0.0011387952760504726,0.6666666666666666,11,strong_marine_reserve,1.029363071882348,-13.963049981457004,125.1991346236566,121.03365558315012,0,,0.004770457686421512,129.4774808007621
linucb,2,15,9,90,99,1.0,0.3459955136435342,0.00040327048117890586,0.75,11,strong_marine_reserve,3.6046333088005946,0.5926716218275793,432.484876461452,418.26301006029524,0,,0.00197041194728741,447.00535111939894
contextual_thompson,2,15,9,90,99,1.0,0.3459955136435342,0.00040327048117890586,0.75,11,strong_marine_reserve,3.6046333088005946,0.5926716218275793,432.484876461452,418.26301006029524,0,,0.00197041194728741,447.00535111939894
discretized_contextual,2,15,9,90,99,1.0,0.10789790066730175,0.0004770457686421512,0.75,11,strong_marine_reserve,1.1196694315347449,-5.655892020455877,135.03903882662405,130.46188997152186,0,,0.0019983632718309115,139.72272471476987
linucb,2,15,10,100,109,1.0,0.37250445926616577,0.000197041194728741,0.8333333333333334,11,strong_marine_reserve,3.8811669639594273,0.6431552195250375,465.66285704878834,450.3230206551233,0,,0.001123537656131278,481.30275656912534
contextual_thompson,2,15,10,100,109,1.0,0.37250445926616577,0.000197041194728741,0.8333333333333334,11,strong_marine_reserve,3.8811669639594273,0.6431552195250375,465.66285704878834,450.3230206551233,0,,0.001123537656131278,481.30275656912534
discretized_contextual,2,15,10,100,109,1.0,0.1164356039289749,0.00019983632718309114,0.8333333333333334,11,strong_marine_reserve,1.2124976093656,-2.2807977751963744,145.77340885689554,140.79605111478838,0,,0.0008371221439757445,150.8588070220159
linucb,2,15,11,110,119,1.0,0.4010856304742711,0.0001123537656131278,0.9166666666666666,11,strong_marine_reserve,4.177757359924735,0.6076801609253679,501.2579615716571,484.86893976348637,0,,0.0007516876215313451,517.8944251900839
contextual_thompson,2,15,11,110,119,1.0,0.4010856304742711,0.0001123537656131278,0.9166666666666666,11,strong_marine_reserve,4.177757359924735,0.6076801609253679,501.2579615716571,484.86893976348637,0,,0.0007516876215313451,517.8944251900839
discretized_contextual,2,15,11,110,119,1.0,0.1257156725183466,8.371221439757444e-05,0.9166666666666666,11,strong_marine_reserve,1.3108463863909017,-0.9152231366911894,157.41139314331116,152.02223444115842,0,,0.00035067372074572544,162.913942142554
linucb,2,16,0,0,9,1.0,0.8333333333333334,0.1,0.0,11,strong_marine_reserve,9.792141478367618,2535.374790314274,870.8120025664012,750.1462119556977,0,,1.6231724943666623,750.1462119556977
contextual_thompson,2,16,0,0,9,1.0,0.8333333333333334,0.1,0.0,11,strong_marine_reserve,9.792141478367618,2535.374790314274,870.8120025664012,750.1462119556977,0,,1.6231724943666623,750.1462119556977
discretized_contextual,2,16,0,0,9,1.0,0.8333333333333334,0.1,0.0,1,baseline_laissez_faire,10.490521369403732,3448.0349987194627,845.0983644821124,685.0617923614428,0,,2.0946658360156425,685.0617923614428
linucb,2,16,1,10,19,1.0,0.6251218432964147,0.16231724943666623,0.08333333333333333,11,strong_marine_reserve,7.039917032957406,2134.825288401206,588.6110093467441,469.01049684346464,0,,1.6017458809723943,469.01049684346464
contextual_thompson,2,16,1,10,19,1.0,0.6251218432964147,0.16231724943666623,0.08333333333333333,11,strong_marine_reserve,7.039917032957406,2134.825288401206,588.6110093467441,469.01049684346464,0,,1.6017458809723943,469.01049684346464
discretized_contextual,2,16,1,10,19,1.0,0.570884826967869,0.20946658360156425,0.08333333333333333,4,high_taxation,7.324214420796293,3594.777460708412,447.5324352105458,278.56464632792336,0,,1.8461516924318044,278.56464632792336
linucb,2,16,2,20,29,1.0,0.3908420807028872,0.16017458809723945,0.16666666666666666,11,strong_marine_reserve,3.327983315111464,92.62344695034824,388.243184179334,346.04296091517153,0,,0.7299134409591241,346.04296091517153
contextual_thompson,2,16,2,20,29,1.0,0.3908420807028872,0.16017458809723945,0.16666666666666666,11,strong_marine_reserve,3.327983315111464,92.62344695034824,388.243184179334,346.04296091517153,0,,0.7299134409591241,346.04296091517153
discretized_contextual,2,16,2,20,29,1.0,0.23213720527326948,0.18461516924318044,0.16666666666666666,11,strong_marine_reserve,0.5786327095595434,-1314.0995504234868,227.12787119796363,201.42320986709674,0,,0.7733601215844041,201.42320986709674
linucb,2,16,3,30,39,1.0,0.28836913409597625,0.07299134409591242,0.25,11,strong_marine_reserve,2.505378607475173,-218.72959897520565,326.89298477404543,318.43169865319777,0,,0.30576357823699835,318.43169865319777
contextual_thompson,2,16,3,30,39,1.0,0.28836913409597625,0.07299134409591242,0.25,11,strong_marine_reserve,2.505378607475173,-218.72959897520565,326.89298477404543,318.43169865319777,0,,0.30576357823699835,318.43169865319777
discretized_contextual,2,16,3,30,39,1.0,0.1678526748892473,0.07733601215844041,0.25,5,hard_capacity_control,1.1472160984833144,-324.6271833483591,176.62119381980085,164.17601386429556,0,,0.3239635616666084,164.17601386429556
linucb,2,16,4,40,49,1.0,0.26535974887766484,0.030576357823699836,0.3333333333333333,11,strong_marine_reserve,2.5449179858097106,-110.48572766513612,318.64844561698163,317.3515829056392,0,,0.1280855516969835,321.5563791242414
contextual_thompson,2,16,4,40,49,1.0,0.26535974887766484,0.030576357823699836,0.3333333333333333,11,strong_marine_reserve,2.5449179858097106,-110.48572766513612,318.64844561698163,317.3515829056392,0,,0.1280855516969835,321.5563791242414
discretized_contextual,2,16,4,40,49,1.0,0.13681334488691296,0.03239635616666084,0.3333333333333333,4,high_taxation,1.1367153960865362,-191.27076308503993,159.35833910058912,157.8557663299939,0,,0.13570959551508233,157.87389486952065
linucb,2,16,5,50,59,1.0,0.26796364927020117,0.012808555169698348,0.4166666666666667,11,strong_marine_reserve,2.705192741463939,-41.23718371661877,329.57159102166696,322.7218298533759,0,,0.053655535587709385,337.40787601774247
contextual_thompson,2,16,5,50,59,1.0,0.26796364927020117,0.012808555169698348,0.4166666666666667,11,strong_marine_reserve,2.705192741463939,-41.23718371661877,329.57159102166696,322.7218298533759,0,,0.053655535587709385,337.40787601774247
discretized_contextual,2,16,5,50,59,1.0,0.1315615790579339,0.013570959551508232,0.4166666666666667,4,high_taxation,1.2503436432777122,-81.57383708671486,159.83009764373122,157.99225988784121,0,,0.05684927718451349,162.44876413843693
linucb,2,16,6,60,69,1.0,0.2811732300147854,0.005365553558770939,0.5,11,strong_marine_reserve,2.897892911394959,-12.714149812554336,349.2728473449016,339.40644896564567,0,,0.022476512464221592,359.70169124817363
contextual_thompson,2,16,6,60,69,1.0,0.2811732300147854,0.005365553558770939,0.5,11,strong_marine_reserve,2.897892911394959,-12.714149812554336,349.2728473449016,339.40644896564567,0,,0.022476512464221592,359.70169124817363
discretized_contextual,2,16,6,60,69,1.0,0.13537397011536412,0.005684927718451349,0.5,4,high_taxation,1.3635039815304686,-31.30410365553498,167.37697022232044,163.22891342219714,0,,0.023814383236021582,171.92478452289996
linucb,2,16,7,70,79,1.0,0.29975140937347805,0.0022476512464221594,0.5833333333333334,11,strong_marine_reserve,3.1127541697318795,-2.851999585400242,373.87274031807357,362.1732295349006,0,,0.009415498457348938,385.96299145393067
contextual_thompson,2,16,7,70,79,1.0,0.29975140937347805,0.0022476512464221594,0.5833333333333334,11,strong_marine_reserve,3.1127541697318795,-2.851999585400242,373.87274031807357,362.1732295349006,0,,0.009415498457348938,385.96299145393067
discretized_contextual,2,16,7,70,79,1.0,0.1432706537690833,0.002381438323602158,0.5833333333333334,4,high_taxation,1.4758504353051216,-11.211601170297309,178.44744437705026,173.0419164411886,0,,0.009975937725143113,184.10258487381765
linucb,2,16,8,80,89,1.0,0.3216358262116089,0.0009415498457348938,0.6666666666666666,11,strong_marine_reserve,3.3484701017354235,-0.004716831673017952,401.8169782280516,388.76194900763886,0,,0.0040327048117890585,415.19461637224106
contextual_thompson,2,16,8,80,89,1.0,0.3216358262116089,0.0009415498457348938,0.6666666666666666,11,strong_marine_reserve,3.3484701017354235,-0.004716831673017952,401.8169782280516,388.76194900763886,0,,0.0040327048117890585,415.19461637224106
discretized_contextual,2,16,8,80,89,1.0,0.15341882072818136,0.0009975937725143114,0.6666666666666666,11,strong_marine_reserve,1.5893710910171808,-9.409097934647967,191.85362267421945,185.46894730232697,0,,0.004178959098357031,198.40535654860378
linucb,2,16,9,90,99,1.0,0.3459955136435342,0.00040327048117890586,0.75,11,strong_marine_reserve,3.6046333088005946,0.5926716218275793,432.484876461452,418.26301006029524,0,,0.00197041194728741,447.00535111939894
contextual_thompson,2,16,9,90,99,1.0,0.3459955136435342,0.00040327048117890586,0.75,11,strong_marine_reserve,3.6046333088005946,0.5926716218275793,432.484876461452,418.26301006029524,0,,0.00197041194728741,447.00535111939894
discretized_contextual,2,16,9,90,99,1.0,0.16533779712383648,0.00041789590983570314,0.75,1,baseline_laissez_faire,1.7224717755014995,-1.0897546950305637,206.82738362358361,199.89341505605236,0,,0.001750582213612453,213.9313647752965
linucb,2,16,10,100,109,1.0,0.37250445926616577,0.000197041194728741,0.8333333333333334,11,strong_marine_reserve,3.8811669639594273,0.6431552195250375,465.66285704878834,450.3230206551233,0,,0.001123537656131278,481.30275656912534
contextual_thompson,2,16,10,100,109,1.0,0.37250445926616577,0.000197041194728741,0.8333333333333334,11,strong_marine_reserve,3.8811669639594273,0.6431552195250375,465.66285704878834,450.3230206551233,0,,0.001123537656131278,481.30275656912534
discretized_contextual,2,16,10,100,109,1.0,0.17827613731274708,0.0001750582213612453,0.8333333333333334,11,strong_marine_reserve,1.8582837462460793,-1.4070798000323177,223.1628991255334,215.5695262808238,0,,0.0007333256953438734,230.91887555473943
linucb,2,16,11,110,119,1.0,0.4010856304742711,0.0001123537656131278,0.9166666666666666,11,strong_marine_reserve,4.177757359924735,0.6076801609253679,501.2579615716571,484.86893976348637,0,,0.0007516876215313451,517.8944251900839
contextual_thompson,2,16,11,110,119,1.0,0.4010856304742711,0.0001123537656131278,0.9166666666666666,11,strong_marine_reserve,4.177757359924735,0.6076801609253679,501.2579615716571,484.86893976348637,0,,0.0007516876215313451,517.8944251900839
discretized_contextual,2,16,11,110,119,1.0,0.1924323962956162,7.333256953438734e-05,0.9166666666666666,11,strong_marine_reserve,2.0070155664277594,-0.5314202052630668,240.90563839596268,232.6926314027206,0,,0.00030719298486522103,249.28782587016966
linucb,2,17,0,0,9,1.0,0.8333333333333334,0.1,0.0,11,strong_marine_reserve,9.792141478367618,2535.374790314274,870.8120025664012,750.1462119556977,0,,1.6231724943666623,750.1462119556977
contextual_thompson,2,17,0,0,9,1.0,0.8333333333333334,0.1,0.0,11,strong_marine_reserve,9.792141478367618,2535.374790314274,870.8120025664012,750.1462119556977,0,,1.6231724943666623,750.1462119556977
discretized_contextual,2,17,0,0,9,1.0,0.8333333333333334,0.1,0.0,1,baseline_laissez_faire,10.490521369403732,3448.0349987194627,845.0983644821124,685.0617923614428,0,,2.0946658360156425,685.0617923614428
linucb,2,17,1,10,19,1.0,0.6251218432964147,0.16231724943666623,0.08333333333333333,11,strong_marine_reserve,7.039917032957406,2134.825288401206,588.6110093467441,469.01049684346464,0,,1.6017458809723943,469.01049684346464
contextual_thompson,2,17,1,10,19,1.0,0.6251218432964147,0.16231724943666623,0.08333333333333333,11,strong_marine_reserve,7.039917032957406,2134.825288401206,588.6110093467441,469.01049684346464,0,,1.6017458809723943,469.01049684346464
discretized_contextual,2,17,1,10,19,1.0,0.570884826967869,0.20946658360156425,0.08333333333333333,4,high_taxation,7.324214420796293,3594.777460708412,447.5324352105458,278.56464632792336,0,,1.8461516924318044,278.56464632792336
linucb,2,17,2,20,29,1.0,0.3908420807028872,0.16017458809723945,0.16666666666666666,11,strong_marine_reserve,3.327983315111464,92.62344695034824,388.243184179334,346.04296091517153,0,,0.7299134409591241,346.04296091517153
contextual_thompson,2,17,2,20,29,1.0,0.3908420807028872,0.16017458809723945,0.16666666666666666,11,strong_marine_reserve,3.327983315111464,92.62344695034824,388.243184179334,346.04296091517153,0,,0.7299134409591241,346.04296091517153
discretized_contextual,2,17,2,20,29,1.0,0.23213720527326948,0.18461516924318044,0.16666666666666666,10,moderate_marine_reserve,0.8526458376843136,-922.1824393109827,212.97939323943552,180.9078880858866,0,,0.7733601215844041,180.9078880858866
linucb,2,17,3,30,39,1.0,0.28836913409597625,0.07299134409591242,0.25,11,strong_marine_reserve,2.505378607475173,-218.72959897520565,326.89298477404543,318.43169865319777,0,,0.30576357823699835,318.43169865319777
contextual_thompson,2,17,3,30,39,1.0,0.28836913409597625,0.07299134409591242,0.25,11,strong_marine_reserve,2.505378607475173,-218.72959897520565,326.89298477404543,318.43169865319777,0,,0.30576357823699835,318.43169865319777
discretized_contextual,2,17,3,30,39,1.0,0.1507565734049055,0.07733601215844041,0.25,11,strong_marine_reserve,0.6361034426171233,-785.8864872382073,170.63879158263967,166.09457101237763,0,,0.3239635616666084,166.09457101237763
linucb,2,17,4,40,49,1.0,0.26535974887766484,0.030576357823699836,0.3333333333333333,11,strong_marine_reserve,2.5449179858097106,-110.48572766513612,318.64844561698163,317.3515829056392,0,,0.1280855516969835,321.5563791242414
contextual_thompson,2,17,4,40,49,1.0,0.26535974887766484,0.030576357823699836,0.3333333333333333,11,strong_marine_reserve,2.5449179858097106,-110.48572766513612,318.64844561698163,317.3515829056392,0,,0.1280855516969835,321.5563791242414
discretized_contextual,2,17,4,40,49,1.0,0.1384121425103147,0.03239635616666084,0.3333333333333333,4,high_taxation,1.1567377555960263,-186.70751038556668,161.21343191779113,159.6896231958252,0,,0.13570959551508233,159.70715235853044
linucb,2,17,5,50,59,1.0,0.26796364927020117,0.012808555169698348,0.4166666666666667,11,strong_marine_reserve,2.705192741463939,-41.23718371661877,329.57159102166696,322.7218298533759,0,,0.053655535587709385,337.40787601774247
contextual_thompson,2,17,5,50,59,1.0,0.26796364927020117,0.012808555169698348,0.4166666666666667,11,strong_marine_reserve,2.705192741463939,-41.23718371661877,329.57159102166696,322.7218298533759,0,,0.053655535587709385,337.40787601774247
discretized_contextual,2,17,5,50,59,1.0,0.1330892936321087,0.013570959551508232,0.4166666666666667,4,high_taxation,1.2676668181924107,-79.68845839604997,161.68263319061526,159.82613950452344,0,,0.05684927718451349,164.32941238443578
linucb,2,17,6,60,69,1.0,0.2811732300147854,0.005365553558770939,0.5,11,strong_marine_reserve,2.897892911394959,-12.714149812554336,349.2728473449016,339.40644896564567,0,,0.022476512464221592,359.70169124817363
contextual_thompson,2,17,6,60,69,1.0,0.2811732300147854,0.005365553558770939,0.5,11,strong_marine_reserve,2.897892911394959,-12.714149812554336,349.2728473449016,339.40644896564567,0,,0.022476512464221592,359.70169124817363
discretized_contextual,2,17,6,60,69,1.0,0.13694117698702982,0.005684927718451349,0.5,4,high_taxation,1.3804566849428745,-30.483044461434112,169.312767528517,165.11820133136803,0,,0.023814383236021582,173.91185575987382
linucb,2,17,7,70,79,1.0,0.29975140937347805,0.0022476512464221594,0.5833333333333334,11,strong_marine_reserve,3.1127541697318795,-2.851999585400242,373.87274031807357,362.1732295349006,0,,0.009415498457348938,385.96299145393067
contextual_thompson,2,17,7,70,79,1.0,0.29975140937347805,0.0022476512464221594,0.5833333333333334,11,strong_marine_reserve,3.1127541697318795,-2.851999585400242,373.87274031807357,362.1732295349006,0,,0.009415498457348938,385.96299145393067
discretized_contextual,2,17,7,70,79,1.0,0.1449265464665615,0.002381438323602158,0.5833333333333334,4,high_taxation,1.4933919517344956,-10.846167883158948,180.50857435411854,175.04164517232573,0,,0.009975937725143113,186.22803097412765
linucb,2,17,8,80,89,1.0,0.3216358262116089,0.0009415498457348938,0.6666666666666666,11,strong_marine_reserve,3.3484701017354235,-0.004716831673017952,401.8169782280516,388.76194900763886,0,,0.0040327048117890585,415.19461637224106
contextual_thompson,2,17,8,80,89,1.0,0.3216358262116089,0.0009415498457348938,0.6666666666666666,11,strong_marine_reserve,3.3484701017354235,-0.004716831673017952,401.8169782280516,388.76194900763886,0,,0.0040327048117890585,415.19461637224106
discretized_contextual,2,17,8,80,89,1.0,0.15519002581177305,0.0009975937725143114,0.6666666666666666,11,strong_marine_reserve,1.6079175996779298,-9.310559924001618,194.06737915223178,187.6099569289836,0,,0.004178959098357031,200.693768836819
linucb,2,17,9,90,99,1.0,0.3459955136435342,0.00040327048117890586,0.75,11,strong_marine_reserve,3.6046333088005946,0.5926716218275793,432.484876461452,418.26301006029524,0,,0.00197041194728741,447.00535111939894
contextual_thompson,2,17,9,90,99,1.0,0.3459955136435342,0.00040327048117890586,0.75,11,strong_marine_reserve,3.6046333088005946,0.5926716218275793,432.484876461452,418.26301006029524,0,,0.00197041194728741,447.00535111939894
discretized_contextual,2,17,9,90,99,1.0,0.16724480736401584,0.00041789590983570314,0.75,10,moderate_marine_reserve,1.7412156296470676,-2.642381900130136,209.26296138566371,202.2101023344552,0,,0.001750582213612453,216.4811957820797
linucb,2,17,10,100,109,1.0,0.37250445926616577,0.000197041194728741,0.8333333333333334,11,strong_marine_reserve,3.8811669639594273,0.6431552195250375,465.66285704878834,450.3230206551233,0,,0.001123537656131278,481.30275656912534
contextual_thompson,2,17,10,100,109,1.0,0.37250445926616577,0.000197041194728741,0.8333333333333334,11,strong_marine_reserve,3.8811669639594273,0.6431552195250375,465.66285704878834,450.3230206551233,0,,0.001123537656131278,481.30275656912534
discretized_contextual,2,17,10,100,109,1.0,0.1804009964850664,0.0001750582213612453,0.8333333333333334,11,strong_marine_reserve,1.8804584105451763,-1.386320417132074,225.82136771547698,218.13864406290395,0,,0.0007333256953438734,233.66856946535793
linucb,2,17,11,110,119,1.0,0.4010856304742711,0.0001123537656131278,0.9166666666666666,11,strong_marine_reserve,4.177757359924735,0.6076801609253679,501.2579615716571,484.86893976348637,0,,0.0007516876215313451,517.8944251900839
contextual_thompson,2,17,11,110,119,1.0,0.4010856304742711,0.0001123537656131278,0.9166666666666666,11,strong_marine_reserve,4.177757359924735,0.6076801609253679,501.2579615716571,484.86893976348637,0,,0.0007516876215313451,517.8944251900839
discretized_contextual,2,17,11,110,119,1.0,0.19472380788779828,7.333256953438734e-05,0.9166666666666666,11,strong_marine_reserve,2.030910519446813,-0.5220431730751216,243.77190751438653,235.46317531326653,0,,0.00030719298486522103,252.25085595660667
linucb,2,18,0,0,9,1.0,0.8333333333333334,0.1,0.0,11,strong_marine_reserve,9.792141478367618,2535.374790314274,870.8120025664012,750.1462119556977,0,,1.6231724943666623,750.1462119556977
contextual_thompson,2,18,0,0,9,1.0,0.8333333333333334,0.1,0.0,11,strong_marine_reserve,9.792141478367618,2535.374790314274,870.8120025664012,750.1462119556977,0,,1.6231724943666623,750.1462119556977
discretized_contextual,2,18,0,0,9,1.0,0.8333333333333334,0.1,0.0,1,baseline_laissez_faire,10.490521369403732,3448.0349987194627,845.0983644821124,685.0617923614428,0,,2.0946658360156425,685.0617923614428
linucb,2,18,1,10,19,1.0,0.6251218432964147,0.16231724943666623,0.08333333333333333,11,strong_marine_reserve,7.039917032957406,2134.825288401206,588.6110093467441,469.01049684346464,0,,1.6017458809723943,469.01049684346464
contextual_thompson,2,18,1,10,19,1.0,0.6251218432964147,0.16231724943666623,0.08333333333333333,11,strong_marine_reserve,7.039917032957406,2134.825288401206,588.6110093467441,469.01049684346464,0,,1.6017458809723943,469.01049684346464
discretized_contextual,2,18,1,10,19,1.0,0.570884826967869,0.20946658360156425,0.08333333333333333,4,high_taxation,7.324214420796293,3594.777460708412,447.5324352105458,278.56464632792336,0,,1.8461516924318044,278.56464632792336
linucb,2,18,2,20,29,1.0,0.3908420807028872,0.16017458809723945,0.16666666666666666,11,strong_marine_reserve,3.327983315111464,92.62344695034824,388.243184179334,346.04296091517153,0,,0.7299134409591241,346.04296091517153
contextual_thompson,2,18,2,20,29,1.0,0.3908420807028872,0.16017458809723945,0.16666666666666666,11,strong_marine_reserve,3.327983315111464,92.62344695034824,388.243184179334,346.04296091517153,0,,0.7299134409591241,346.04296091517153
discretized_contextual,2,18,2,20,29,1.0,0.23213720527326948,0.18461516924318044,0.16666666666666666,4,high_taxation,1.2062819976740735,-374.21061208239394,189.65911317077612,148.28326807741493,0,,0.7950265145335087,148.28326807741493
linucb,2,18,3,30,39,1.0,0.28836913409597625,0.07299134409591242,0.25,11,strong_marine_reserve,2.505378607475173,-218.72959897520565,326.89298477404543,318.43169865319777,0,,0.30576357823699835,318.43169865319777
contextual_thompson,2,18,3,30,39,1.0,0.28836913409597625,0.07299134409591242,0.25,11,strong_marine_reserve,2.505378607475173,-218.72959897520565,326.89298477404543,318.43169865319777,0,,0.30576357823699835,318.43169865319777
discretized_contextual,2,18,3,30,39,1.0,0.12356939006451244,0.07950265145335086,0.25,11,strong_marine_reserve,0.24844612389286697,-914.3692109553067,139.53784018178084,135.6038831016857,0,,0.33303969790942367,135.6038831016857
linucb,2,18,4,40,49,1.0,0.26535974887766484,0.030576357823699836,0.3333333333333333,11,strong_marine_reserve,2.5449179858097106,-110.48572766513612,318.64844561698163,317.3515829056392,0,,0.1280855516969835,321.5563791242414
contextual_thompson,2,18,4,40,49,1.0,0.26535974887766484,0.030576357823699836,0.3333333333333333,11,strong_marine_reserve,2.5449179858097106,-110.48572766513612,318.64844561698163,317.3515829056392,0,,0.1280855516969835,321.5563791242414
discretized_contextual,2,18,4,40,49,1.0,0.11300323591807143,0.03330396979094237,0.3333333333333333,11,strong_marine_reserve,0.7373098764315424,-391.969662962368,135.51354472726925,135.0195979375515,0,,0.13951162427416788,136.65858713459343
linucb,2,18,5,50,59,1.0,0.26796364927020117,0.012808555169698348,0.4166666666666667,11,strong_marine_reserve,2.705192741463939,-41.23718371661877,329.57159102166696,322.7218298533759,0,,0.053655535587709385,337.40787601774247
contextual_thompson,2,18,5,50,59,1.0,0.26796364927020117,0.012808555169698348,0.4166666666666667,11,strong_marine_reserve,2.705192741463939,-41.23718371661877,329.57159102166696,322.7218298533759,0,,0.053655535587709385,337.40787601774247
discretized_contextual,2,18,5,50,59,1.0,0.11388215594549453,0.013951162427416789,0.4166666666666667,4,high_taxation,1.0459069918629282,-106.37750061545344,138.27413909740582,136.7430123577306,0,,0.05844196181354348,140.4932562143468
linucb,2,18,6,60,69,1.0,0.2811732300147854,0.005365553558770939,0.5,11,strong_marine_reserve,2.897892911394959,-12.714149812554336,349.2728473449016,339.40644896564567,0,,0.022476512464221592,359.70169124817363
contextual_thompson,2,18,6,60,69,1.0,0.2811732300147854,0.005365553558770939,0.5,11,strong_marine_reserve,2.897892911394959,-12.714149812554336,349.2728473449016,339.40644896564567,0,,0.022476512464221592,359.70169124817363
discretized_contextual,2,18,6,60,69,1.0,0.11707771351195566,0.0058441961813543485,0.5,4,high_taxation,1.1639918499781243,-42.051546406804185,144.72520756619141,141.16087820114748,0,,0.024481565019296284,148.64047707940145
linucb,2,18,7,70,79,1.0,0.29975140937347805,0.0022476512464221594,0.5833333333333334,11,strong_marine_reserve,3.1127541697318795,-2.851999585400242,373.87274031807357,362.1732295349006,0,,0.009415498457348938,385.96299145393067
contextual_thompson,2,18,7,70,79,1.0,0.29975140937347805,0.0022476512464221594,0.5833333333333334,11,strong_marine_reserve,3.1127541697318795,-2.851999585400242,373.87274031807357,362.1732295349006,0,,0.009415498457348938,385.96299145393067
discretized_contextual,2,18,7,70,79,1.0,0.12386706423283454,0.0024481565019296284,0.5833333333333334,4,high_taxation,1.2696604360755772,-15.930982150157863,154.2709701870882,149.6039562156451,0,,0.010255422768082662,159.15636176563447
linucb,2,18,8,80,89,1.0,0.3216358262116089,0.0009415498457348938,0.6666666666666666,11,strong_marine_reserve,3.3484701017354235,-0.004716831673017952,401.8169782280516,388.76194900763886,0,,0.0040327048117890585,415.19461637224106
contextual_thompson,2,18,8,80,89,1.0,0.3216358262116089,0.0009415498457348938,0.6666666666666666,11,strong_marine_reserve,3.3484701017354235,-0.004716831673017952,401.8169782280516,388.76194900763886,0,,0.0040327048117890585,415.19461637224106
discretized_contextual,2,18,8,80,89,1.0,0.13263030147136207,0.0010255422768082661,0.6666666666666666,11,strong_marine_reserve,1.3713391367195853,-10.850265071973853,165.8627282149871,160.3382604360013,0,,0.004296036469450001,171.5327493068211
linucb,2,18,9,90,99,1.0,0.3459955136435342,0.00040327048117890586,0.75,11,strong_marine_reserve,3.6046333088005946,0.5926716218275793,432.484876461452,418.26301006029524,0,,0.00197041194728741,447.00535111939894
contextual_thompson,2,18,9,90,99,1.0,0.3459955136435342,0.00040327048117890586,0.75,11,strong_marine_reserve,3.6046333088005946,0.5926716218275793,432.484876461452,418.26301006029524,0,,0.00197041194728741,447.00535111939894
discretized_contextual,2,18,9,90,99,1.0,0.14294395775568425,0.0004296036469450001,0.75,11,strong_marine_reserve,1.4864798151471796,-4.3010568774757845,178.89370464295862,172.83628746629282,0,,0.0017996263795466054,185.08990886472253
linucb,2,18,10,100,109,1.0,0.37250445926616577,0.000197041194728741,0.8333333333333334,11,strong_marine_reserve,3.8811669639594273,0.6431552195250375,465.66285704878834,450.3230206551233,0,,0.001123537656131278,481.30275656912534
contextual_thompson,2,18,10,100,109,1.0,0.37250445926616577,0.000197041194728741,0.8333333333333334,11,strong_marine_reserve,3.8811669639594273,0.6431552195250375,465.66285704878834,450.3230206551233,0,,0.001123537656131278,481.30275656912534
discretized_contextual,2,18,10,100,109,1.0,0.15424159072060212,0.00017996263795466054,0.8333333333333334,11,strong_marine_reserve,1.6073884612297564,-1.6879103812971568,193.08916459332644,186.50926352051874,0,,0.0007538704871317471,199.81051325083752
linucb,2,18,11,110,119,1.0,0.4010856304742711,0.0001123537656131278,0.9166666666666666,11,strong_marine_reserve,4.177757359924735,0.6076801609253679,501.2579615716571,484.86893976348637,0,,0.0007516876215313451,517.8944251900839
contextual_thompson,2,18,11,110,119,1.0,0.4010856304742711,0.0001123537656131278,0.9166666666666666,11,strong_marine_reserve,4.177757359924735,0.6076801609253679,501.2579615716571,484.86893976348637,0,,0.0007516876215313451,517.8944251900839
discretized_contextual,2,18,11,110,119,1.0,0.1665087610423646,7.53870487131747e-05,0.9166666666666666,11,strong_marine_reserve,1.7365718018904748,-0.6553876394596164,208.46726274359216,201.34782124942032,0,,0.00031579927802094076,215.73539630992116
linucb,2,19,0,0,9,1.0,0.8333333333333334,0.1,0.0,11,strong_marine_reserve,9.792141478367618,2535.374790314274,870.8120025664012,750.1462119556977,0,,1.6231724943666623,750.1462119556977
contextual_thompson,2,19,0,0,9,1.0,0.8333333333333334,0.1,0.0,11,strong_marine_reserve,9.792141478367618,2535.374790314274,870.8120025664012,750.1462119556977,0,,1.6231724943666623,750.1462119556977
discretized_contextual,2,19,0,0,9,1.0,0.8333333333333334,0.1,0.0,1,baseline_laissez_faire,10.490521369403732,3448.0349987194627,845.0983644821124,685.0617923614428,0,,2.0946658360156425,685.0617923614428
linucb,2,19,1,10,19,1.0,0.6251218432964147,0.16231724943666623,0.08333333333333333,11,strong_marine_reserve,7.039917032957406,2134.825288401206,588.6110093467441,469.01049684346464,0,,1.6017458809723943,469.01049684346464
contextual_thompson,2,19,1,10,19,1.0,0.6251218432964147,0.16231724943666623,0.08333333333333333,11,strong_marine_reserve,7.039917032957406,2134.825288401206,588.6110093467441,469.01049684346464,0,,1.6017458809723943,469.01049684346464
discretized_contextual,2,19,1,10,19,1.0,0.570884826967869,0.20946658360156425,0.08333333333333333,4,high_taxation,7.324214420796293,3594.777460708412,447.5324352105458,278.56464632792336,0,,1.8461516924318044,278.56464632792336
linucb,2,19,2,20,29,1.0,0.3908420807028872,0.16017458809723945,0.16666666666666666,11,strong_marine_reserve,3.327983315111464,92.62344695034824,388.243184179334,346.04296091517153,0,,0.7299134409591241,346.04296091517153
contextual_thompson,2,19,2,20,29,1.0,0.3908420807028872,0.16017458809723945,0.16666666666666666,11,strong_marine_reserve,3.327983315111464,92.62344695034824,388.243184179334,346.04296091517153,0,,0.7299134409591241,346.04296091517153
discretized_contextual,2,19,2,20,29,1.0,0.23213720527326948,0.18461516924318044,0.16666666666666666,11,strong_marine_reserve,0.5786327095595434,-1314.0995504234868,227.12787119796363,201.42320986709674,0,,0.7733601215844041,201.42320986709674
linucb,2,19,3,30,39,1.0,0.28836913409597625,0.07299134409591242,0.25,11,strong_marine_reserve,2.505378607475173,-218.72959897520565,326.89298477404543,318.43169865319777,0,,0.30576357823699835,318.43169865319777
contextual_thompson,2,19,3,30,39,1.0,0.28836913409597625,0.07299134409591242,0.25,11,strong_marine_reserve,2.505378607475173,-218.72959897520565,326.89298477404543,318.43169865319777,0,,0.30576357823699835,318.43169865319777
discretized_contextual,2,19,3,30,39,1.0,0.1678526748892473,0.07733601215844041,0.25,11,strong_marine_reserve,0.8643235708841912,-717.6227052628042,189.83355313763946,184.67955266329727,0,,0.3239635616666084,184.67955266329727
linucb,2,19,4,40,49,1.0,0.26535974887766484,0.030576357823699836,0.3333333333333333,11,strong_marine_reserve,2.5449179858097106,-110.48572766513612,318.64844561698163,317.3515829056392,0,,0.1280855516969835,321.5563791242414
contextual_thompson,2,19,4,40,49,1.0,0.26535974887766484,0.030576357823699836,0.3333333333333333,11,strong_marine_reserve,2.5449179858097106,-110.48572766513612,318.64844561698163,317.3515829056392,0,,0.1280855516969835,321.5563791242414
discretized_contextual,2,19,4,40,49,1.0,0.1538996272194144,0.03239635616666084,0.3333333333333333,4,high_taxation,1.3506852148123256,-142.5048745655822,179.18281072534893,177.45278102201203,0,,0.13570959551508233,177.4643594397849
linucb,2,19,5,50,59,1.0,0.26796364927020117,0.012808555169698348,0.4166666666666667,11,strong_marine_reserve,2.705192741463939,-41.23718371661877,329.57159102166696,322.7218298533759,0,,0.053655535587709385,337.40787601774247
contextual_thompson,2,19,5,50,59,1.0,0.26796364927020117,0.012808555169698348,0.4166666666666667,11,strong_marine_reserve,2.705192741463939,-41.23718371661877,329.57159102166696,322.7218298533759,0,,0.053655535587709385,337.40787601774247
discretized_contextual,2,19,5,50,59,1.0,0.14788696619982075,0.013570959551508232,0.4166666666666667,4,high_taxation,1.4354543630112961,-61.42696616752936,179.62575950145902,177.58922766111067,0,,0.05684927718451349,182.54415865636958
linucb,2,19,6,60,69,1.0,0.2811732300147854,0.005365553558770939,0.5,11,strong_marine_reserve,2.897892911394959,-12.714149812554336,349.2728473449016,339.40644896564567,0,,0.022476512464221592,359.70169124817363
contextual_thompson,2,19,6,60,69,1.0,0.2811732300147854,0.005365553558770939,0.5,11,strong_marine_reserve,2.897892911394959,-12.714149812554336,349.2728473449016,339.40644896564567,0,,0.022476512464221592,359.70169124817363
discretized_contextual,2,19,6,60,69,1.0,0.15212013221364132,0.005684927718451349,0.5,4,high_taxation,1.5446420532358731,-22.531051634273787,188.0607725844176,183.4164732963993,0,,0.023814383236021582,193.15570611296536
linucb,2,19,7,70,79,1.0,0.29975140937347805,0.0022476512464221594,0.5833333333333334,11,strong_marine_reserve,3.1127541697318795,-2.851999585400242,373.87274031807357,362.1732295349006,0,,0.009415498457348938,385.96299145393067
contextual_thompson,2,19,7,70,79,1.0,0.29975140937347805,0.0022476512464221594,0.5833333333333334,11,strong_marine_reserve,3.1127541697318795,-2.851999585400242,373.87274031807357,362.1732295349006,0,,0.009415498457348938,385.96299145393067
discretized_contextual,2,19,7,70,79,1.0,0.16096308842747115,0.002381438323602158,0.5833333333333334,4,high_taxation,1.6632676518365852,-7.304213302397429,200.4686238166779,194.4079071679209,0,,0.009975937725143113,206.8099609325991
linucb,2,19,8,80,89,1.0,0.3216358262116089,0.0009415498457348938,0.6666666666666666,11,strong_marine_reserve,3.3484701017354235,-0.004716831673017952,401.8169782280516,388.76194900763886,0,,0.0040327048117890585,415.19461637224106
contextual_thompson,2,19,8,80,89,1.0,0.3216358262116089,0.0009415498457348938,0.6666666666666666,11,strong_marine_reserve,3.3484701017354235,-0.004716831673017952,401.8169782280516,388.76194900763886,0,,0.0040327048117890585,415.19461637224106
discretized_contextual,2,19,8,80,89,1.0,0.17234163411049924,0.0009975937725143114,0.6666666666666666,11,strong_marine_reserve,1.787504646921873,-8.356394228446193,215.5033249380383,208.34240282501972,0,,0.004178959098357031,222.85164356170046
linucb,2,19,9,90,99,1.0,0.3459955136435342,0.00040327048117890586,0.75,11,strong_marine_reserve,3.6046333088005946,0.5926716218275793,432.484876461452,418.26301006029524,0,,0.00197041194728741,447.00535111939894
contextual_thompson,2,19,9,90,99,1.0,0.3459955136435342,0.00040327048117890586,0.75,11,strong_marine_reserve,3.6046333088005946,0.5926716218275793,432.484876461452,418.26301006029524,0,,0.00197041194728741,447.00535111939894
discretized_contextual,2,19,9,90,99,1.0,0.1857097029680837,0.00041789590983570314,0.75,10,moderate_marine_reserve,1.9341790374980887,-2.1042628383492104,232.35399604037255,224.5331479487656,0,,0.001750582213612453,240.35798333100016
linucb,2,19,10,100,109,1.0,0.37250445926616577,0.000197041194728741,0.8333333333333334,11,strong_marine_reserve,3.8811669639594273,0.6431552195250375,465.66285704878834,450.3230206551233,0,,0.001123537656131278,481.30275656912534
contextual_thompson,2,19,10,100,109,1.0,0.37250445926616577,0.000197041194728741,0.8333333333333334,11,strong_marine_reserve,3.8811669639594273,0.6431552195250375,465.66285704878834,450.3230206551233,0,,0.001123537656131278,481.30275656912534
discretized_contextual,2,19,10,100,109,1.0,0.20029831944250012,0.0001750582213612453,0.8333333333333334,11,strong_marine_reserve,2.0880472511325827,-1.1919596337048672,250.70870529195452,242.195717574509,0,,0.0007333256953438734,259.39981306418883
linucb,2,19,11,110,119,1.0,0.4010856304742711,0.0001123537656131278,0.9166666666666666,11,strong_marine_reserve,4.177757359924735,0.6076801609253679,501.2579615716571,484.86893976348637,0,,0.0007516876215313451,517.8944251900839
contextual_thompson,2,19,11,110,119,1.0,0.4010856304742711,0.0001123537656131278,0.9166666666666666,11,strong_marine_reserve,4.177757359924735,0.6076801609253679,501.2579615716571,484.86893976348637,0,,0.0007516876215313451,517.8944251900839
discretized_contextual,2,19,11,110,119,1.0,0.21616651088682404,7.333256953438734e-05,0.9166666666666666,11,strong_marine_reserve,2.2543727185477525,-0.43433636957558025,270.5768465900794,261.3860796923193,0,,0.00030719298486522103,279.95362514677095
linucb,2,20,0,0,9,1.0,0.8333333333333334,0.1,0.0,11,strong_marine_reserve,9.792141478367618,2535.374790314274,870.8120025664012,750.1462119556977,0,,1.6231724943666623,750.1462119556977
contextual_thompson,2,20,0,0,9,1.0,0.8333333333333334,0.1,0.0,11,strong_marine_reserve,9.792141478367618,2535.374790314274,870.8120025664012,750.1462119556977,0,,1.6231724943666623,750.1462119556977
discretized_contextual,2,20,0,0,9,1.0,0.8333333333333334,0.1,0.0,1,baseline_laissez_faire,10.490521369403732,3448.0349987194627,845.0983644821124,685.0617923614428,0,,2.0946658360156425,685.0617923614428
linucb,2,20,1,10,19,1.0,0.6251218432964147,0.16231724943666623,0.08333333333333333,11,strong_marine_reserve,7.039917032957406,2134.825288401206,588.6110093467441,469.01049684346464,0,,1.6017458809723943,469.01049684346464
contextual_thompson,2,20,1,10,19,1.0,0.6251218432964147,0.16231724943666623,0.08333333333333333,11,strong_marine_reserve,7.039917032957406,2134.825288401206,588.6110093467441,469.01049684346464,0,,1.6017458809723943,469.01049684346464
discretized_contextual,2,20,1,10,19,1.0,0.570884826967869,0.20946658360156425,0.08333333333333333,4,high_taxation,7.324214420796293,3594.777460708412,447.5324352105458,278.56464632792336,0,,1.8461516924318044,278.56464632792336
linucb,2,20,2,20,29,1.0,0.3908420807028872,0.16017458809723945,0.16666666666666666,11,strong_marine_reserve,3.327983315111464,92.62344695034824,388.243184179334,346.04296091517153,0,,0.7299134409591241,346.04296091517153
contextual_thompson,2,20,2,20,29,1.0,0.3908420807028872,0.16017458809723945,0.16666666666666666,11,strong_marine_reserve,3.327983315111464,92.62344695034824,388.243184179334,346.04296091517153,0,,0.7299134409591241,346.04296091517153
discretized_contextual,2,20,2,20,29,1.0,0.23213720527326948,0.18461516924318044,0.16666666666666666,11,strong_marine_reserve,0.5786327095595434,-1314.0995504234868,227.12787119796363,201.42320986709674,0,,0.7733601215844041,201.42320986709674
linucb,2,20,3,30,39,1.0,0.28836913409597625,0.07299134409591242,0.25,11,strong_marine_reserve,2.505378607475173,-218.72959897520565,326.89298477404543,318.43169865319777,0,,0.30576357823699835,318.43169865319777
contextual_thompson,2,20,3,30,39,1.0,0.28836913409597625,0.07299134409591242,0.25,11,strong_marine_reserve,2.505378607475173,-218.72959897520565,326.89298477404543,318.43169865319777,0,,0.30576357823699835,318.43169865319777
discretized_contextual,2,20,3,30,39,1.0,0.1678526748892473,0.07733601215844041,0.25,11,strong_marine_reserve,0.8643235708841912,-717.6227052628042,189.83355313763946,184.67955266329727,0,,0.3239635616666084,184.67955266329727
linucb,2,20,4,40,49,1.0,0.26535974887766484,0.030576357823699836,0.3333333333333333,11,strong_marine_reserve,2.5449179858097106,-110.48572766513612,318.64844561698163,317.3515829056392,0,,0.1280855516969835,321.5563791242414
contextual_thompson,2,20,4,40,49,1.0,0.26535974887766484,0.030576357823699836,0.3333333333333333,11,strong_marine_reserve,2.5449179858097106,-110.48572766513612,318.64844561698163,317.3515829056392,0,,0.1280855516969835,321.5563791242414
discretized_contextual,2,20,4,40,49,1.0,0.1538996272194144,0.03239635616666084,0.3333333333333333,4,high_taxation,1.3506852148123256,-142.5048745655822,179.18281072534893,177.45278102201203,0,,0.13570959551508233,177.4643594397849
linucb,2,20,5,50,59,1.0,0.26796364927020117,0.012808555169698348,0.4166666666666667,11,strong_marine_reserve,2.705192741463939,-41.23718371661877,329.57159102166696,322.7218298533759,0,,0.053655535587709385,337.40787601774247
contextual_thompson,2,20,5,50,59,1.0,0.26796364927020117,0.012808555169698348,0.4166666666666667,11,strong_marine_reserve,2.705192741463939,-41.23718371661877,329.57159102166696,322.7218298533759,0,,0.053655535587709385,337.40787601774247
discretized_contextual,2,20,5,50,59,1.0,0.14788696619982075,0.013570959551508232,0.4166666666666667,4,high_taxation,1.4354543630112961,-61.42696616752936,179.62575950145902,177.58922766111067,0,,0.05684927718451349,182.54415865636958
linucb,2,20,6,60,69,1.0,0.2811732300147854,0.005365553558770939,0.5,11,strong_marine_reserve,2.897892911394959,-12.714149812554336,349.2728473449016,339.40644896564567,0,,0.022476512464221592,359.70169124817363
contextual_thompson,2,20,6,60,69,1.0,0.2811732300147854,0.005365553558770939,0.5,11,strong_marine_reserve,2.897892911394959,-12.714149812554336,349.2728473449016,339.40644896564567,0,,0.022476512464221592,359.70169124817363
discretized_contextual,2,20,6,60,69,1.0,0.15212013221364132,0.005684927718451349,0.5,4,high_taxation,1.5446420532358731,-22.531051634273787,188.0607725844176,183.4164732963993,0,,0.023814383236021582,193.15570611296536
linucb,2,20,7,70,79,1.0,0.29975140937347805,0.0022476512464221594,0.5833333333333334,11,strong_marine_reserve,3.1127541697318795,-2.851999585400242,373.87274031807357,362.1732295349006,0,,0.009415498457348938,385.96299145393067
contextual_thompson,2,20,7,70,79,1.0,0.29975140937347805,0.0022476512464221594,0.5833333333333334,11,strong_marine_reserve,3.1127541697318795,-2.851999585400242,373.87274031807357,362.1732295349006,0,,0.009415498457348938,385.96299145393067
discretized_contextual,2,20,7,70,79,1.0,0.16096308842747115,0.002381438323602158,0.5833333333333334,4,high_taxation,1.6632676518365852,-7.304213302397429,200.4686238166779,194.4079071679209,0,,0.009975937725143113,206.8099609325991
linucb,2,20,8,80,89,1.0,0.3216358262116089,0.0009415498457348938,0.6666666666666666,11,strong_marine_reserve,3.3484701017354235,-0.004716831673017952,401.8169782280516,388.76194900763886,0,,0.0040327048117890585,415.19461637224106
contextual_thompson,2,20,8,80,89,1.0,0.3216358262116089,0.0009415498457348938,0.6666666666666666,11,strong_marine_reserve,3.3484701017354235,-0.004716831673017952,401.8169782280516,388.76194900763886,0,,0.0040327048117890585,415.19461637224106
discretized_contextual,2,20,8,80,89,1.0,0.17234163411049924,0.0009975937725143114,0.6666666666666666,11,strong_marine_reserve,1.787504646921873,-8.356394228446193,215.5033249380383,208.34240282501972,0,,0.004178959098357031,222.85164356170046
linucb,2,20,9,90,99,1.0,0.3459955136435342,0.00040327048117890586,0.75,11,strong_marine_reserve,3.6046333088005946,0.5926716218275793,432.484876461452,418.26301006029524,0,,0.00197041194728741,447.00535111939894
contextual_thompson,2,20,9,90,99,1.0,0.3459955136435342,0.00040327048117890586,0.75,11,strong_marine_reserve,3.6046333088005946,0.5926716218275793,432.484876461452,418.26301006029524,0,,0.00197041194728741,447.00535111939894
discretized_contextual,2,20,9,90,99,1.0,0.1857097029680837,0.00041789590983570314,0.75,11,strong_marine_reserve,1.9333809346493218,-3.186601420330644,232.3881043283583,224.5406913807835,0,,0.001750582213612453,240.41426627442306
linucb,2,20,10,100,109,1.0,0.37250445926616577,0.000197041194728741,0.8333333333333334,11,strong_marine_reserve,3.8811669639594273,0.6431552195250375,465.66285704878834,450.3230206551233,0,,0.001123537656131278,481.30275656912534
contextual_thompson,2,20,10,100,109,1.0,0.37250445926616577,0.000197041194728741,0.8333333333333334,11,strong_marine_reserve,3.8811669639594273,0.6431552195250375,465.66285704878834,450.3230206551233,0,,0.001123537656131278,481.30275656912534
discretized_contextual,2,20,10,100,109,1.0,0.20034522189535256,0.0001750582213612453,0.8333333333333334,11,strong_marine_reserve,2.0885362337659665,-1.191501718503147,250.76732825813633,242.2524165882803,0,,0.0007333256953438734,259.4603976265862
linucb,2,20,11,110,119,1.0,0.4010856304742711,0.0001123537656131278,0.9166666666666666,11,strong_marine_reserve,4.177757359924735,0.6076801609253679,501.2579615716571,484.86893976348637,0,,0.0007516876215313451,517.8944251900839
contextual_thompson,2,20,11,110,119,1.0,0.4010856304742711,0.0001123537656131278,0.9166666666666666,11,strong_marine_reserve,4.177757359924735,0.6076801609253679,501.2579615716571,484.86893976348637,0,,0.0007516876215313451,517.8944251900839
discretized_contextual,2,20,11,110,119,1.0,0.21621699802215516,7.333256953438734e-05,0.9166666666666666,11,strong_marine_reserve,2.254898744211288,-0.43412989698816457,270.63994489299307,261.4471117178064,0,,0.00030719298486522103,280.01882837875615
linucb,2,21,0,0,9,1.0,0.8333333333333334,0.1,0.0,11,strong_marine_reserve,9.792141478367618,2535.374790314274,870.8120025664012,750.1462119556977,0,,1.6231724943666623,750.1462119556977
contextual_thompson,2,21,0,0,9,1.0,0.8333333333333334,0.1,0.0,11,strong_marine_reserve,9.792141478367618,2535.374790314274,870.8120025664012,750.1462119556977,0,,1.6231724943666623,750.1462119556977
discretized_contextual,2,21,0,0,9,1.0,0.8333333333333334,0.1,0.0,1,baseline_laissez_faire,10.490521369403732,3448.0349987194627,845.0983644821124,685.0617923614428,0,,2.0946658360156425,685.0617923614428
linucb,2,21,1,10,19,1.0,0.6251218432964147,0.16231724943666623,0.08333333333333333,11,strong_marine_reserve,7.039917032957406,2134.825288401206,588.6110093467441,469.01049684346464,0,,1.6017458809723943,469.01049684346464
contextual_thompson,2,21,1,10,19,1.0,0.6251218432964147,0.16231724943666623,0.08333333333333333,11,strong_marine_reserve,7.039917032957406,2134.825288401206,588.6110093467441,469.01049684346464,0,,1.6017458809723943,469.01049684346464
discretized_contextual,2,21,1,10,19,1.0,0.570884826967869,0.20946658360156425,0.08333333333333333,4,high_taxation,7.324214420796293,3594.777460708412,447.5324352105458,278.56464632792336,0,,1.8461516924318044,278.56464632792336
linucb,2,21,2,20,29,1.0,0.3908420807028872,0.16017458809723945,0.16666666666666666,11,strong_marine_reserve,3.327983315111464,92.62344695034824,388.243184179334,346.04296091517153,0,,0.7299134409591241,346.04296091517153
contextual_thompson,2,21,2,20,29,1.0,0.3908420807028872,0.16017458809723945,0.16666666666666666,11,strong_marine_reserve,3.327983315111464,92.62344695034824,388.243184179334,346.04296091517153,0,,0.7299134409591241,346.04296091517153
discretized_contextual,2,21,2,20,29,1.0,0.23213720527326948,0.18461516924318044,0.16666666666666666,11,strong_marine_reserve,0.5786327095595434,-1314.0995504234868,227.12787119796363,201.42320986709674,0,,0.7733601215844041,201.42320986709674
linucb,2,21,3,30,39,1.0,0.28836913409597625,0.07299134409591242,0.25,11,strong_marine_reserve,2.505378607475173,-218.72959897520565,326.89298477404543,318.43169865319777,0,,0.30576357823699835,318.43169865319777
contextual_thompson,2,21,3,30,39,1.0,0.28836913409597625,0.07299134409591242,0.25,11,strong_marine_reserve,2.505378607475173,-218.72959897520565,326.89298477404543,318.43169865319777,0,,0.30576357823699835,318.43169865319777
discretized_contextual,2,21,3,30,39,1.0,0.1678526748892473,0.07733601215844041,0.25,11,strong_marine_reserve,0.8643235708841912,-717.6227052628042,189.83355313763946,184.67955266329727,0,,0.3239635616666084,184.67955266329727
linucb,2,21,4,40,49,1.0,0.26535974887766484,0.030576357823699836,0.3333333333333333,11,strong_marine_reserve,2.5449179858097106,-110.48572766513612,318.64844561698163,317.3515829056392,0,,0.1280855516969835,321.5563791242414
contextual_thompson,2,21,4,40,49,1.0,0.26535974887766484,0.030576357823699836,0.3333333333333333,11,strong_marine_reserve,2.5449179858097106,-110.48572766513612,318.64844561698163,317.3515829056392,0,,0.1280855516969835,321.5563791242414
discretized_contextual,2,21,4,40,49,1.0,0.1538996272194144,0.03239635616666084,0.3333333333333333,4,high_taxation,1.3506852148123256,-142.5048745655822,179.18281072534893,177.45278102201203,0,,0.13570959551508233,177.4643594397849
linucb,2,21,5,50,59,1.0,0.26796364927020117,0.012808555169698348,0.4166666666666667,11,strong_marine_reserve,2.705192741463939,-41.23718371661877,329.57159102166696,322.7218298533759,0,,0.053655535587709385,337.40787601774247
contextual_thompson,2,21,5,50,59,1.0,0.26796364927020117,0.012808555169698348,0.4166666666666667,11,strong_marine_reserve,2.705192741463939,-41.23718371661877,329.57159102166696,322.7218298533759,0,,0.053655535587709385,337.40787601774247
discretized_contextual,2,21,5,50,59,1.0,0.14788696619982075,0.013570959551508232,0.4166666666666667,4,high_taxation,1.4354543630112961,-61.42696616752936,179.62575950145902,177.58922766111067,0,,0.05684927718451349,182.54415865636958
linucb,2,21,6,60,69,1.0,0.2811732300147854,0.005365553558770939,0.5,11,strong_marine_reserve,2.897892911394959,-12.714149812554336,349.2728473449016,339.40644896564567,0,,0.022476512464221592,359.70169124817363
contextual_thompson,2,21,6,60,69,1.0,0.2811732300147854,0.005365553558770939,0.5,11,strong_marine_reserve,2.897892911394959,-12.714149812554336,349.2728473449016,339.40644896564567,0,,0.022476512464221592,359.70169124817363
discretized_contextual,2,21,6,60,69,1.0,0.15212013221364132,0.005684927718451349,0.5,4,high_taxation,1.5446420532358731,-22.531051634273787,188.0607725844176,183.4164732963993,0,,0.023814383236021582,193.15570611296536
linucb,2,21,7,70,79,1.0,0.29975140937347805,0.0022476512464221594,0.5833333333333334,11,strong_marine_reserve,3.1127541697318795,-2.851999585400242,373.87274031807357,362.1732295349006,0,,0.009415498457348938,385.96299145393067
contextual_thompson,2,21,7,70,79,1.0,0.29975140937347805,0.0022476512464221594,0.5833333333333334,11,strong_marine_reserve,3.1127541697318795,-2.851999585400242,373.87274031807357,362.1732295349006,0,,0.009415498457348938,385.96299145393067
discretized_contextual,2,21,7,70,79,1.0,0.16096308842747115,0.002381438323602158,0.5833333333333334,4,high_taxation,1.6632676518365852,-7.304213302397429,200.4686238166779,194.4079071679209,0,,0.009975937725143113,206.8099609325991
linucb,2,21,8,80,89,1.0,0.3216358262116089,0.0009415498457348938,0.6666666666666666,11,strong_marine_reserve,3.3484701017354235,-0.004716831673017952,401.8169782280516,388.76194900763886,0,,0.0040327048117890585,415.19461637224106
contextual_thompson,2,21,8,80,89,1.0,0.3216358262116089,0.0009415498457348938,0.6666666666666666,11,strong_marine_reserve,3.3484701017354235,-0.004716831673017952,401.8169782280516,388.76194900763886,0,,0.0040327048117890585,415.19461637224106
discretized_contextual,2,21,8,80,89,1.0,0.17234163411049924,0.0009975937725143114,0.6666666666666666,11,strong_marine_reserve,1.787504646921873,-8.356394228446193,215.5033249380383,208.34240282501972,0,,0.004178959098357031,222.85164356170046
linucb,2,21,9,90,99,1.0,0.3459955136435342,0.00040327048117890586,0.75,11,strong_marine_reserve,3.6046333088005946,0.5926716218275793,432.484876461452,418.26301006029524,0,,0.00197041194728741,447.00535111939894
contextual_thompson,2,21,9,90,99,1.0,0.3459955136435342,0.00040327048117890586,0.75,11,strong_marine_reserve,3.6046333088005946,0.5926716218275793,432.484876461452,418.26301006029524,0,,0.00197041194728741,447.00535111939894
discretized_contextual,2,21,9,90,99,1.0,0.1857097029680837,0.00041789590983570314,0.75,11,strong_marine_reserve,1.9333809346493218,-3.186601420330644,232.3881043283583,224.5406913807835,0,,0.001750582213612453,240.41426627442306
linucb,2,21,10,100,109,1.0,0.37250445926616577,0.000197041194728741,0.8333333333333334,11,strong_marine_reserve,3.8811669639594273,0.6431552195250375,465.66285704878834,450.3230206551233,0,,0.001123537656131278,481.30275656912534
contextual_thompson,2,21,10,100,109,1.0,0.37250445926616577,0.000197041194728741,0.8333333333333334,11,strong_marine_reserve,3.8811669639594273,0.6431552195250375,465.66285704878834,450.3230206551233,0,,0.001123537656131278,481.30275656912534
discretized_contextual,2,21,10,100,109,1.0,0.20034522189535256,0.0001750582213612453,0.8333333333333334,11,strong_marine_reserve,2.0885362337659665,-1.191501718503147,250.76732825813633,242.2524165882803,0,,0.0007333256953438734,259.4603976265862
linucb,2,21,11,110,119,1.0,0.4010856304742711,0.0001123537656131278,0.9166666666666666,11,strong_marine_reserve,4.177757359924735,0.6076801609253679,501.2579615716571,484.86893976348637,0,,0.0007516876215313451,517.8944251900839
contextual_thompson,2,21,11,110,119,1.0,0.4010856304742711,0.0001123537656131278,0.9166666666666666,11,strong_marine_reserve,4.177757359924735,0.6076801609253679,501.2579615716571,484.86893976348637,0,,0.0007516876215313451,517.8944251900839
discretized_contextual,2,21,11,110,119,1.0,0.21621699802215516,7.333256953438734e-05,0.9166666666666666,11,strong_marine_reserve,2.254898744211288,-0.43412989698816457,270.63994489299307,261.4471117178064,0,,0.00030719298486522103,280.01882837875615
linucb,2,22,0,0,9,1.0,0.8333333333333334,0.1,0.0,11,strong_marine_reserve,9.792141478367618,2535.374790314274,870.8120025664012,750.1462119556977,0,,1.6231724943666623,750.1462119556977
contextual_thompson,2,22,0,0,9,1.0,0.8333333333333334,0.1,0.0,11,strong_marine_reserve,9.792141478367618,2535.374790314274,870.8120025664012,750.1462119556977,0,,1.6231724943666623,750.1462119556977
discretized_contextual,2,22,0,0,9,1.0,0.8333333333333334,0.1,0.0,1,baseline_laissez_faire,10.490521369403732,3448.0349987194627,845.0983644821124,685.0617923614428,0,,2.0946658360156425,685.0617923614428
linucb,2,22,1,10,19,1.0,0.6251218432964147,0.16231724943666623,0.08333333333333333,11,strong_marine_reserve,7.039917032957406,2134.825288401206,588.6110093467441,469.01049684346464,0,,1.6017458809723943,469.01049684346464
contextual_thompson,2,22,1,10,19,1.0,0.6251218432964147,0.16231724943666623,0.08333333333333333,11,strong_marine_reserve,7.039917032957406,2134.825288401206,588.6110093467441,469.01049684346464,0,,1.6017458809723943,469.01049684346464
discretized_contextual,2,22,1,10,19,1.0,0.570884826967869,0.20946658360156425,0.08333333333333333,4,high_taxation,7.324214420796293,3594.777460708412,447.5324352105458,278.56464632792336,0,,1.8461516924318044,278.56464632792336
linucb,2,22,2,20,29,1.0,0.3908420807028872,0.16017458809723945,0.16666666666666666,11,strong_marine_reserve,3.327983315111464,92.62344695034824,388.243184179334,346.04296091517153,0,,0.7299134409591241,346.04296091517153
contextual_thompson,2,22,2,20,29,1.0,0.3908420807028872,0.16017458809723945,0.16666666666666666,11,strong_marine_reserve,3.327983315111464,92.62344695034824,388.243184179334,346.04296091517153,0,,0.7299134409591241,346.04296091517153
discretized_contextual,2,22,2,20,29,1.0,0.23213720527326948,0.18461516924318044,0.16666666666666666,11,strong_marine_reserve,0.5786327095595434,-1314.0995504234868,227.12787119796363,201.42320986709674,0,,0.7733601215844041,201.42320986709674
linucb,2,22,3,30,39,1.0,0.28836913409597625,0.07299134409591242,0.25,11,strong_marine_reserve,2.505378607475173,-218.72959897520565,326.89298477404543,318.43169865319777,0,,0.30576357823699835,318.43169865319777
contextual_thompson,2,22,3,30,39,1.0,0.28836913409597625,0.07299134409591242,0.25,11,strong_marine_reserve,2.505378607475173,-218.72959897520565,326.89298477404543,318.43169865319777,0,,0.30576357823699835,318.43169865319777
discretized_contextual,2,22,3,30,39,1.0,0.1678526748892473,0.07733601215844041,0.25,4,high_taxation,1.1472160984833144,-324.6271833483591,176.62119381980085,164.17601386429556,0,,0.3239635616666084,164.17601386429556
linucb,2,22,4,40,49,1.0,0.26535974887766484,0.030576357823699836,0.3333333333333333,11,strong_marine_reserve,2.5449179858097106,-110.48572766513612,318.64844561698163,317.3515829056392,0,,0.1280855516969835,321.5563791242414
contextual_thompson,2,22,4,40,49,1.0,0.26535974887766484,0.030576357823699836,0.3333333333333333,11,strong_marine_reserve,2.5449179858097106,-110.48572766513612,318.64844561698163,317.3515829056392,0,,0.1280855516969835,321.5563791242414
discretized_contextual,2,22,4,40,49,1.0,0.13681334488691296,0.03239635616666084,0.3333333333333333,4,high_taxation,1.1367153960865362,-191.27076308503993,159.35833910058912,157.8557663299939,0,,0.13570959551508233,157.87389486952065
linucb,2,22,5,50,59,1.0,0.26796364927020117,0.012808555169698348,0.4166666666666667,11,strong_marine_reserve,2.705192741463939,-41.23718371661877,329.57159102166696,322.7218298533759,0,,0.053655535587709385,337.40787601774247
contextual_thompson,2,22,5,50,59,1.0,0.26796364927020117,0.012808555169698348,0.4166666666666667,11,strong_marine_reserve,2.705192741463939,-41.23718371661877,329.57159102166696,322.7218298533759,0,,0.053655535587709385,337.40787601774247
discretized_contextual,2,22,5,50,59,1.0,0.1315615790579339,0.013570959551508232,0.4166666666666667,4,high_taxation,1.2503436432777122,-81.57383708671486,159.83009764373122,157.99225988784121,0,,0.05684927718451349,162.44876413843693
linucb,2,22,6,60,69,1.0,0.2811732300147854,0.005365553558770939,0.5,11,strong_marine_reserve,2.897892911394959,-12.714149812554336,349.2728473449016,339.40644896564567,0,,0.022476512464221592,359.70169124817363
contextual_thompson,2,22,6,60,69,1.0,0.2811732300147854,0.005365553558770939,0.5,11,strong_marine_reserve,2.897892911394959,-12.714149812554336,349.2728473449016,339.40644896564567,0,,0.022476512464221592,359.70169124817363
discretized_contextual,2,22,6,60,69,1.0,0.13537397011536412,0.005684927718451349,0.5,4,high_taxation,1.3635039815304686,-31.30410365553498,167.37697022232044,163.22891342219714,0,,0.023814383236021582,171.92478452289996
linucb,2,22,7,70,79,1.0,0.29975140937347805,0.0022476512464221594,0.5833333333333334,11,strong_marine_reserve,3.1127541697318795,-2.851999585400242,373.87274031807357,362.1732295349006,0,,0.009415498457348938,385.96299145393067
contextual_thompson,2,22,7,70,79,1.0,0.29975140937347805,0.0022476512464221594,0.5833333333333334,11,strong_marine_reserve,3.1127541697318795,-2.851999585400242,373.87274031807357,362.1732295349006,0,,0.009415498457348938,385.96299145393067
discretized_contextual,2,22,7,70,79,1.0,0.1432706537690833,0.002381438323602158,0.5833333333333334,4,high_taxation,1.4758504353051216,-11.211601170297309,178.44744437705026,173.0419164411886,0,,0.009975937725143113,184.10258487381765
linucb,2,22,8,80,89,1.0,0.3216358262116089,0.0009415498457348938,0.6666666666666666,11,strong_marine_reserve,3.3484701017354235,-0.004716831673017952,401.8169782280516,388.76194900763886,0,,0.0040327048117890585,415.19461637224106
contextual_thompson,2,22,8,80,89,1.0,0.3216358262116089,0.0009415498457348938,0.6666666666666666,11,strong_marine_reserve,3.3484701017354235,-0.004716831673017952,401.8169782280516,388.76194900763886,0,,0.0040327048117890585,415.19461637224106
discretized_contextual,2,22,8,80,89,1.0,0.15341882072818136,0.0009975937725143114,0.6666666666666666,11,strong_marine_reserve,1.5893710910171808,-9.409097934647967,191.85362267421945,185.46894730232697,0,,0.004178959098357031,198.40535654860378
linucb,2,22,9,90,99,1.0,0.3459955136435342,0.00040327048117890586,0.75,11,strong_marine_reserve,3.6046333088005946,0.5926716218275793,432.484876461452,418.26301006029524,0,,0.00197041194728741,447.00535111939894
contextual_thompson,2,22,9,90,99,1.0,0.3459955136435342,0.00040327048117890586,0.75,11,strong_marine_reserve,3.6046333088005946,0.5926716218275793,432.484876461452,418.26301006029524,0,,0.00197041194728741,447.00535111939894
discretized_contextual,2,22,9,90,99,1.0,0.16533779712383648,0.00041789590983570314,0.75,11,strong_marine_reserve,1.7205751157799694,-3.6616093613928244,206.9084070169635,199.91132421804244,0,,0.001750582213612453,214.06511686541086
linucb,2,22,10,100,109,1.0,0.37250445926616577,0.000197041194728741,0.8333333333333334,11,strong_marine_reserve,3.8811669639594273,0.6431552195250375,465.66285704878834,450.3230206551233,0,,0.001123537656131278,481.30275656912534
contextual_thompson,2,22,10,100,109,1.0,0.37250445926616577,0.000197041194728741,0.8333333333333334,11,strong_marine_reserve,3.8811669639594273,0.6431552195250375,465.66285704878834,450.3230206551233,0,,0.001123537656131278,481.30275656912534
discretized_contextual,2,22,10,100,109,1.0,0.17838759738784238,0.0001750582213612453,0.8333333333333334,11,strong_marine_reserve,1.859446931002495,-1.4059908565960624,223.30235062309094,215.70429019871452,0,,0.0007333256953438734,231.0631129999239
linucb,2,22,11,110,119,1.0,0.4010856304742711,0.0001123537656131278,0.9166666666666666,11,strong_marine_reserve,4.177757359924735,0.6076801609253679,501.2579615716571,484.86893976348637,0,,0.0007516876215313451,517.8944251900839
contextual_thompson,2,22,11,110,119,1.0,0.4010856304742711,0.0001123537656131278,0.9166666666666666,11,strong_marine_reserve,4.177757359924735,0.6076801609253679,501.2579615716571,484.86893976348637,0,,0.0007516876215313451,517.8944251900839
discretized_contextual,2,22,11,110,119,1.0,0.19255259416660325,7.333256953438734e-05,0.9166666666666666,11,strong_marine_reserve,2.0082690879047314,-0.5309283025730749,241.05600194487656,232.83796270830578,0,,0.00030719298486522103,249.44327537673817
linucb,2,23,0,0,9,1.0,0.8333333333333334,0.1,0.0,11,strong_marine_reserve,9.792141478367618,2535.374790314274,870.8120025664012,750.1462119556977,0,,1.6231724943666623,750.1462119556977
contextual_thompson,2,23,0,0,9,1.0,0.8333333333333334,0.1,0.0,11,strong_marine_reserve,9.792141478367618,2535.374790314274,870.8120025664012,750.1462119556977,0,,1.6231724943666623,750.1462119556977
discretized_contextual,2,23,0,0,9,1.0,0.8333333333333334,0.1,0.0,1,baseline_laissez_faire,10.490521369403732,3448.0349987194627,845.0983644821124,685.0617923614428,0,,2.0946658360156425,685.0617923614428
linucb,2,23,1,10,19,1.0,0.6251218432964147,0.16231724943666623,0.08333333333333333,11,strong_marine_reserve,7.039917032957406,2134.825288401206,588.6110093467441,469.01049684346464,0,,1.6017458809723943,469.01049684346464
contextual_thompson,2,23,1,10,19,1.0,0.6251218432964147,0.16231724943666623,0.08333333333333333,11,strong_marine_reserve,7.039917032957406,2134.825288401206,588.6110093467441,469.01049684346464,0,,1.6017458809723943,469.01049684346464
discretized_contextual,2,23,1,10,19,1.0,0.570884826967869,0.20946658360156425,0.08333333333333333,4,high_taxation,7.324214420796293,3594.777460708412,447.5324352105458,278.56464632792336,0,,1.8461516924318044,278.56464632792336
linucb,2,23,2,20,29,1.0,0.3908420807028872,0.16017458809723945,0.16666666666666666,11,strong_marine_reserve,3.327983315111464,92.62344695034824,388.243184179334,346.04296091517153,0,,0.7299134409591241,346.04296091517153
contextual_thompson,2,23,2,20,29,1.0,0.3908420807028872,0.16017458809723945,0.16666666666666666,11,strong_marine_reserve,3.327983315111464,92.62344695034824,388.243184179334,346.04296091517153,0,,0.7299134409591241,346.04296091517153
discretized_contextual,2,23,2,20,29,1.0,0.23213720527326948,0.18461516924318044,0.16666666666666666,11,strong_marine_reserve,0.5786327095595434,-1314.0995504234868,227.12787119796363,201.42320986709674,0,,0.7733601215844041,201.42320986709674
linucb,2,23,3,30,39,1.0,0.28836913409597625,0.07299134409591242,0.25,11,strong_marine_reserve,2.505378607475173,-218.72959897520565,326.89298477404543,318.43169865319777,0,,0.30576357823699835,318.43169865319777
contextual_thompson,2,23,3,30,39,1.0,0.28836913409597625,0.07299134409591242,0.25,11,strong_marine_reserve,2.505378607475173,-218.72959897520565,326.89298477404543,318.43169865319777,0,,0.30576357823699835,318.43169865319777
discretized_contextual,2,23,3,30,39,1.0,0.1678526748892473,0.07733601215844041,0.25,11,strong_marine_reserve,0.8643235708841912,-717.6227052628042,189.83355313763946,184.67955266329727,0,,0.3239635616666084,184.67955266329727
linucb,2,23,4,40,49,1.0,0.26535974887766484,0.030576357823699836,0.3333333333333333,11,strong_marine_reserve,2.5449179858097106,-110.48572766513612,318.64844561698163,317.3515829056392,0,,0.1280855516969835,321.5563791242414
contextual_thompson,2,23,4,40,49,1.0,0.26535974887766484,0.030576357823699836,0.3333333333333333,11,strong_marine_reserve,2.5449179858097106,-110.48572766513612,318.64844561698163,317.3515829056392,0,,0.1280855516969835,321.5563791242414
discretized_contextual,2,23,4,40,49,1.0,0.1538996272194144,0.03239635616666084,0.3333333333333333,4,high_taxation,1.3506852148123256,-142.5048745655822,179.18281072534893,177.45278102201203,0,,0.13570959551508233,177.4643594397849
linucb,2,23,5,50,59,1.0,0.26796364927020117,0.012808555169698348,0.4166666666666667,11,strong_marine_reserve,2.705192741463939,-41.23718371661877,329.57159102166696,322.7218298533759,0,,0.053655535587709385,337.40787601774247
contextual_thompson,2,23,5,50,59,1.0,0.26796364927020117,0.012808555169698348,0.4166666666666667,11,strong_marine_reserve,2.705192741463939,-41.23718371661877,329.57159102166696,322.7218298533759,0,,0.053655535587709385,337.40787601774247
discretized_contextual,2,23,5,50,59,1.0,0.14788696619982075,0.013570959551508232,0.4166666666666667,4,high_taxation,1.4354543630112961,-61.42696616752936,179.62575950145902,177.58922766111067,0,,0.05684927718451349,182.54415865636958
linucb,2,23,6,60,69,1.0,0.2811732300147854,0.005365553558770939,0.5,11,strong_marine_reserve,2.897892911394959,-12.714149812554336,349.2728473449016,339.40644896564567,0,,0.022476512464221592,359.70169124817363
contextual_thompson,2,23,6,60,69,1.0,0.2811732300147854,0.005365553558770939,0.5,11,strong_marine_reserve,2.897892911394959,-12.714149812554336,349.2728473449016,339.40644896564567,0,,0.022476512464221592,359.70169124817363
discretized_contextual,2,23,6,60,69,1.0,0.15212013221364132,0.005684927718451349,0.5,4,high_taxation,1.5446420532358731,-22.531051634273787,188.0607725844176,183.4164732963993,0,,0.023814383236021582,193.15570611296536
linucb,2,23,7,70,79,1.0,0.29975140937347805,0.0022476512464221594,0.5833333333333334,11,strong_marine_reserve,3.1127541697318795,-2.851999585400242,373.87274031807357,362.1732295349006,0,,0.009415498457348938,385.96299145393067
contextual_thompson,2,23,7,70,79,1.0,0.29975140937347805,0.0022476512464221594,0.5833333333333334,11,strong_marine_reserve,3.1127541697318795,-2.851999585400242,373.87274031807357,362.1732295349006,0,,0.009415498457348938,385.96299145393067
discretized_contextual,2,23,7,70,79,1.0,0.16096308842747115,0.002381438323602158,0.5833333333333334,4,high_taxation,1.6632676518365852,-7.304213302397429,200.4686238166779,194.4079071679209,0,,0.009975937725143113,206.8099609325991
linucb,2,23,8,80,89,1.0,0.3216358262116089,0.0009415498457348938,0.6666666666666666,11,strong_marine_reserve,3.3484701017354235,-0.004716831673017952,401.8169782280516,388.76194900763886,0,,0.0040327048117890585,415.19461637224106
contextual_thompson,2,23,8,80,89,1.0,0.3216358262116089,0.0009415498457348938,0.6666666666666666,11,strong_marine_reserve,3.3484701017354235,-0.004716831673017952,401.8169782280516,388.76194900763886,0,,0.0040327048117890585,415.19461637224106
discretized_contextual,2,23,8,80,89,1.0,0.17234163411049924,0.0009975937725143114,0.6666666666666666,11,strong_marine_reserve,1.787504646921873,-8.356394228446193,215.5033249380383,208.34240282501972,0,,0.004178959098357031,222.85164356170046
linucb,2,23,9,90,99,1.0,0.3459955136435342,0.00040327048117890586,0.75,11,strong_marine_reserve,3.6046333088005946,0.5926716218275793,432.484876461452,418.26301006029524,0,,0.00197041194728741,447.00535111939894
contextual_thompson,2,23,9,90,99,1.0,0.3459955136435342,0.00040327048117890586,0.75,11,strong_marine_reserve,3.6046333088005946,0.5926716218275793,432.484876461452,418.26301006029524,0,,0.00197041194728741,447.00535111939894
discretized_contextual,2,23,9,90,99,1.0,0.1857097029680837,0.00041789590983570314,0.75,11,strong_marine_reserve,1.9333809346493218,-3.186601420330644,232.3881043283583,224.5406913807835,0,,0.001750582213612453,240.41426627442306
linucb,2,23,10,100,109,1.0,0.37250445926616577,0.000197041194728741,0.8333333333333334,11,strong_marine_reserve,3.8811669639594273,0.6431552195250375,465.66285704878834,450.3230206551233,0,,0.001123537656131278,481.30275656912534
contextual_thompson,2,23,10,100,109,1.0,0.37250445926616577,0.000197041194728741,0.8333333333333334,11,strong_marine_reserve,3.8811669639594273,0.6431552195250375,465.66285704878834,450.3230206551233,0,,0.001123537656131278,481.30275656912534
discretized_contextual,2,23,10,100,109,1.0,0.20034522189535256,0.0001750582213612453,0.8333333333333334,11,strong_marine_reserve,2.0885362337659665,-1.191501718503147,250.76732825813633,242.2524165882803,0,,0.0007333256953438734,259.4603976265862
linucb,2,23,11,110,119,1.0,0.4010856304742711,0.0001123537656131278,0.9166666666666666,11,strong_marine_reserve,4.177757359924735,0.6076801609253679,501.2579615716571,484.86893976348637,0,,0.0007516876215313451,517.8944251900839
contextual_thompson,2,23,11,110,119,1.0,0.4010856304742711,0.0001123537656131278,0.9166666666666666,11,strong_marine_reserve,4.177757359924735,0.6076801609253679,501.2579615716571,484.86893976348637,0,,0.0007516876215313451,517.8944251900839
discretized_contextual,2,23,11,110,119,1.0,0.21621699802215516,7.333256953438734e-05,0.9166666666666666,11,strong_marine_reserve,2.254898744211288,-0.43412989698816457,270.63994489299307,261.4471117178064,0,,0.00030719298486522103,280.01882837875615
linucb,2,24,0,0,9,1.0,0.8333333333333334,0.1,0.0,11,strong_marine_reserve,9.792141478367618,2535.374790314274,870.8120025664012,750.1462119556977,0,,1.6231724943666623,750.1462119556977
contextual_thompson,2,24,0,0,9,1.0,0.8333333333333334,0.1,0.0,11,strong_marine_reserve,9.792141478367618,2535.374790314274,870.8120025664012,750.1462119556977,0,,1.6231724943666623,750.1462119556977
discretized_contextual,2,24,0,0,9,1.0,0.8333333333333334,0.1,0.0,1,baseline_laissez_faire,10.490521369403732,3448.0349987194627,845.0983644821124,685.0617923614428,0,,2.0946658360156425,685.0617923614428
linucb,2,24,1,10,19,1.0,0.6251218432964147,0.16231724943666623,0.08333333333333333,11,strong_marine_reserve,7.039917032957406,2134.825288401206,588.6110093467441,469.01049684346464,0,,1.6017458809723943,469.01049684346464
contextual_thompson,2,24,1,10,19,1.0,0.6251218432964147,0.16231724943666623,0.08333333333333333,11,strong_marine_reserve,7.039917032957406,2134.825288401206,588.6110093467441,469.01049684346464,0,,1.6017458809723943,469.01049684346464
discretized_contextual,2,24,1,10,19,1.0,0.570884826967869,0.20946658360156425,0.08333333333333333,4,high_taxation,7.324214420796293,3594.777460708412,447.5324352105458,278.56464632792336,0,,1.8461516924318044,278.56464632792336
linucb,2,24,2,20,29,1.0,0.3908420807028872,0.16017458809723945,0.16666666666666666,11,strong_marine_reserve,3.327983315111464,92.62344695034824,388.243184179334,346.04296091517153,0,,0.7299134409591241,346.04296091517153
contextual_thompson,2,24,2,20,29,1.0,0.3908420807028872,0.16017458809723945,0.16666666666666666,11,strong_marine_reserve,3.327983315111464,92.62344695034824,388.243184179334,346.04296091517153,0,,0.7299134409591241,346.04296091517153
discretized_contextual,2,24,2,20,29,1.0,0.23213720527326948,0.18461516924318044,0.16666666666666666,11,strong_marine_reserve,0.5786327095595434,-1314.0995504234868,227.12787119796363,201.42320986709674,0,,0.7733601215844041,201.42320986709674
linucb,2,24,3,30,39,1.0,0.28836913409597625,0.07299134409591242,0.25,11,strong_marine_reserve,2.505378607475173,-218.72959897520565,326.89298477404543,318.43169865319777,0,,0.30576357823699835,318.43169865319777
contextual_thompson,2,24,3,30,39,1.0,0.28836913409597625,0.07299134409591242,0.25,11,strong_marine_reserve,2.505378607475173,-218.72959897520565,326.89298477404543,318.43169865319777,0,,0.30576357823699835,318.43169865319777
discretized_contextual,2,24,3,30,39,1.0,0.1678526748892473,0.07733601215844041,0.25,11,strong_marine_reserve,0.8643235708841912,-717.6227052628042,189.83355313763946,184.67955266329727,0,,0.3239635616666084,184.67955266329727
linucb,2,24,4,40,49,1.0,0.26535974887766484,0.030576357823699836,0.3333333333333333,11,strong_marine_reserve,2.5449179858097106,-110.48572766513612,318.64844561698163,317.3515829056392,0,,0.1280855516969835,321.5563791242414
contextual_thompson,2,24,4,40,49,1.0,0.26535974887766484,0.030576357823699836,0.3333333333333333,11,strong_marine_reserve,2.5449179858097106,-110.48572766513612,318.64844561698163,317.3515829056392,0,,0.1280855516969835,321.5563791242414
discretized_contextual,2,24,4,40,49,1.0,0.1538996272194144,0.03239635616666084,0.3333333333333333,4,high_taxation,1.3506852148123256,-142.5048745655822,179.18281072534893,177.45278102201203,0,,0.13570959551508233,177.4643594397849
linucb,2,24,5,50,59,1.0,0.26796364927020117,0.012808555169698348,0.4166666666666667,11,strong_marine_reserve,2.705192741463939,-41.23718371661877,329.57159102166696,322.7218298533759,0,,0.053655535587709385,337.40787601774247
contextual_thompson,2,24,5,50,59,1.0,0.26796364927020117,0.012808555169698348,0.4166666666666667,11,strong_marine_reserve,2.705192741463939,-41.23718371661877,329.57159102166696,322.7218298533759,0,,0.053655535587709385,337.40787601774247
discretized_contextual,2,24,5,50,59,1.0,0.14788696619982075,0.013570959551508232,0.4166666666666667,4,high_taxation,1.4354543630112961,-61.42696616752936,179.62575950145902,177.58922766111067,0,,0.05684927718451349,182.54415865636958
linucb,2,24,6,60,69,1.0,0.2811732300147854,0.005365553558770939,0.5,11,strong_marine_reserve,2.897892911394959,-12.714149812554336,349.2728473449016,339.40644896564567,0,,0.022476512464221592,359.70169124817363
contextual_thompson,2,24,6,60,69,1.0,0.2811732300147854,0.005365553558770939,0.5,11,strong_marine_reserve,2.897892911394959,-12.714149812554336,349.2728473449016,339.40644896564567,0,,0.022476512464221592,359.70169124817363
discretized_contextual,2,24,6,60,69,1.0,0.15212013221364132,0.005684927718451349,0.5,4,high_taxation,1.5446420532358731,-22.531051634273787,188.0607725844176,183.4164732963993,0,,0.023814383236021582,193.15570611296536
linucb,2,24,7,70,79,1.0,0.29975140937347805,0.0022476512464221594,0.5833333333333334,11,strong_marine_reserve,3.1127541697318795,-2.851999585400242,373.87274031807357,362.1732295349006,0,,0.009415498457348938,385.96299145393067
contextual_thompson,2,24,7,70,79,1.0,0.29975140937347805,0.0022476512464221594,0.5833333333333334,11,strong_marine_reserve,3.1127541697318795,-2.851999585400242,373.87274031807357,362.1732295349006,0,,0.009415498457348938,385.96299145393067
discretized_contextual,2,24,7,70,79,1.0,0.16096308842747115,0.002381438323602158,0.5833333333333334,4,high_taxation,1.6632676518365852,-7.304213302397429,200.4686238166779,194.4079071679209,0,,0.009975937725143113,206.8099609325991
linucb,2,24,8,80,89,1.0,0.3216358262116089,0.0009415498457348938,0.6666666666666666,11,strong_marine_reserve,3.3484701017354235,-0.004716831673017952,401.8169782280516,388.76194900763886,0,,0.0040327048117890585,415.19461637224106
contextual_thompson,2,24,8,80,89,1.0,0.3216358262116089,0.0009415498457348938,0.6666666666666666,11,strong_marine_reserve,3.3484701017354235,-0.004716831673017952,401.8169782280516,388.76194900763886,0,,0.0040327048117890585,415.19461637224106
discretized_contextual,2,24,8,80,89,1.0,0.17234163411049924,0.0009975937725143114,0.6666666666666666,11,strong_marine_reserve,1.787504646921873,-8.356394228446193,215.5033249380383,208.34240282501972,0,,0.004178959098357031,222.85164356170046
linucb,2,24,9,90,99,1.0,0.3459955136435342,0.00040327048117890586,0.75,11,strong_marine_reserve,3.6046333088005946,0.5926716218275793,432.484876461452,418.26301006029524,0,,0.00197041194728741,447.00535111939894
contextual_thompson,2,24,9,90,99,1.0,0.3459955136435342,0.00040327048117890586,0.75,11,strong_marine_reserve,3.6046333088005946,0.5926716218275793,432.484876461452,418.26301006029524,0,,0.00197041194728741,447.00535111939894
discretized_contextual,2,24,9,90,99,1.0,0.1857097029680837,0.00041789590983570314,0.75,11,strong_marine_reserve,1.9333809346493218,-3.186601420330644,232.3881043283583,224.5406913807835,0,,0.001750582213612453,240.41426627442306
linucb,2,24,10,100,109,1.0,0.37250445926616577,0.000197041194728741,0.8333333333333334,11,strong_marine_reserve,3.8811669639594273,0.6431552195250375,465.66285704878834,450.3230206551233,0,,0.001123537656131278,481.30275656912534
contextual_thompson,2,24,10,100,109,1.0,0.37250445926616577,0.000197041194728741,0.8333333333333334,11,strong_marine_reserve,3.8811669639594273,0.6431552195250375,465.66285704878834,450.3230206551233,0,,0.001123537656131278,481.30275656912534
discretized_contextual,2,24,10,100,109,1.0,0.20034522189535256,0.0001750582213612453,0.8333333333333334,11,strong_marine_reserve,2.0885362337659665,-1.191501718503147,250.76732825813633,242.2524165882803,0,,0.0007333256953438734,259.4603976265862
linucb,2,24,11,110,119,1.0,0.4010856304742711,0.0001123537656131278,0.9166666666666666,11,strong_marine_reserve,4.177757359924735,0.6076801609253679,501.2579615716571,484.86893976348637,0,,0.0007516876215313451,517.8944251900839
contextual_thompson,2,24,11,110,119,1.0,0.4010856304742711,0.0001123537656131278,0.9166666666666666,11,strong_marine_reserve,4.177757359924735,0.6076801609253679,501.2579615716571,484.86893976348637,0,,0.0007516876215313451,517.8944251900839
discretized_contextual,2,24,11,110,119,1.0,0.21621699802215516,7.333256953438734e-05,0.9166666666666666,11,strong_marine_reserve,2.254898744211288,-0.43412989698816457,270.63994489299307,261.4471117178064,0,,0.00030719298486522103,280.01882837875615
linucb,2,25,0,0,9,1.0,0.8333333333333334,0.1,0.0,11,strong_marine_reserve,9.792141478367618,2535.374790314274,870.8120025664012,750.1462119556977,0,,1.6231724943666623,750.1462119556977
contextual_thompson,2,25,0,0,9,1.0,0.8333333333333334,0.1,0.0,11,strong_marine_reserve,9.792141478367618,2535.374790314274,870.8120025664012,750.1462119556977,0,,1.6231724943666623,750.1462119556977
discretized_contextual,2,25,0,0,9,1.0,0.8333333333333334,0.1,0.0,1,baseline_laissez_faire,10.490521369403732,3448.0349987194627,845.0983644821124,685.0617923614428,0,,2.0946658360156425,685.0617923614428
linucb,2,25,1,10,19,1.0,0.6251218432964147,0.16231724943666623,0.08333333333333333,11,strong_marine_reserve,7.039917032957406,2134.825288401206,588.6110093467441,469.01049684346464,0,,1.6017458809723943,469.01049684346464
contextual_thompson,2,25,1,10,19,1.0,0.6251218432964147,0.16231724943666623,0.08333333333333333,11,strong_marine_reserve,7.039917032957406,2134.825288401206,588.6110093467441,469.01049684346464,0,,1.6017458809723943,469.01049684346464
discretized_contextual,2,25,1,10,19,1.0,0.570884826967869,0.20946658360156425,0.08333333333333333,4,high_taxation,7.324214420796293,3594.777460708412,447.5324352105458,278.56464632792336,0,,1.8461516924318044,278.56464632792336
linucb,2,25,2,20,29,1.0,0.3908420807028872,0.16017458809723945,0.16666666666666666,11,strong_marine_reserve,3.327983315111464,92.62344695034824,388.243184179334,346.04296091517153,0,,0.7299134409591241,346.04296091517153
contextual_thompson,2,25,2,20,29,1.0,0.3908420807028872,0.16017458809723945,0.16666666666666666,11,strong_marine_reserve,3.327983315111464,92.62344695034824,388.243184179334,346.04296091517153,0,,0.7299134409591241,346.04296091517153
discretized_contextual,2,25,2,20,29,1.0,0.23213720527326948,0.18461516924318044,0.16666666666666666,11,strong_marine_reserve,0.5786327095595434,-1314.0995504234868,227.12787119796363,201.42320986709674,0,,0.7733601215844041,201.42320986709674
linucb,2,25,3,30,39,1.0,0.28836913409597625,0.07299134409591242,0.25,11,strong_marine_reserve,2.505378607475173,-218.72959897520565,326.89298477404543,318.43169865319777,0,,0.30576357823699835,318.43169865319777
contextual_thompson,2,25,3,30,39,1.0,0.28836913409597625,0.07299134409591242,0.25,11,strong_marine_reserve,2.505378607475173,-218.72959897520565,326.89298477404543,318.43169865319777,0,,0.30576357823699835,318.43169865319777
discretized_contextual,2,25,3,30,39,1.0,0.1678526748892473,0.07733601215844041,0.25,11,strong_marine_reserve,0.8643235708841912,-717.6227052628042,189.83355313763946,184.67955266329727,0,,0.3239635616666084,184.67955266329727
linucb,2,25,4,40,49,1.0,0.26535974887766484,0.030576357823699836,0.3333333333333333,11,strong_marine_reserve,2.5449179858097106,-110.48572766513612,318.64844561698163,317.3515829056392,0,,0.1280855516969835,321.5563791242414
contextual_thompson,2,25,4,40,49,1.0,0.26535974887766484,0.030576357823699836,0.3333333333333333,11,strong_marine_reserve,2.5449179858097106,-110.48572766513612,318.64844561698163,317.3515829056392,0,,0.1280855516969835,321.5563791242414
discretized_contextual,2,25,4,40,49,1.0,0.1538996272194144,0.03239635616666084,0.3333333333333333,4,high_taxation,1.3506852148123256,-142.5048745655822,179.18281072534893,177.45278102201203,0,,0.13570959551508233,177.4643594397849
linucb,2,25,5,50,59,1.0,0.26796364927020117,0.012808555169698348,0.4166666666666667,11,strong_marine_reserve,2.705192741463939,-41.23718371661877,329.57159102166696,322.7218298533759,0,,0.053655535587709385,337.40787601774247
contextual_thompson,2,25,5,50,59,1.0,0.26796364927020117,0.012808555169698348,0.4166666666666667,11,strong_marine_reserve,2.705192741463939,-41.23718371661877,329.57159102166696,322.7218298533759,0,,0.053655535587709385,337.40787601774247
discretized_contextual,2,25,5,50,59,1.0,0.14788696619982075,0.013570959551508232,0.4166666666666667,4,high_taxation,1.4354543630112961,-61.42696616752936,179.62575950145902,177.58922766111067,0,,0.05684927718451349,182.54415865636958
linucb,2,25,6,60,69,1.0,0.2811732300147854,0.005365553558770939,0.5,11,strong_marine_reserve,2.897892911394959,-12.714149812554336,349.2728473449016,339.40644896564567,0,,0.022476512464221592,359.70169124817363
contextual_thompson,2,25,6,60,69,1.0,0.2811732300147854,0.005365553558770939,0.5,11,strong_marine_reserve,2.897892911394959,-12.714149812554336,349.2728473449016,339.40644896564567,0,,0.022476512464221592,359.70169124817363
discretized_contextual,2,25,6,60,69,1.0,0.15212013221364132,0.005684927718451349,0.5,4,high_taxation,1.5446420532358731,-22.531051634273787,188.0607725844176,183.4164732963993,0,,0.023814383236021582,193.15570611296536
linucb,2,25,7,70,79,1.0,0.29975140937347805,0.0022476512464221594,0.5833333333333334,11,strong_marine_reserve,3.1127541697318795,-2.851999585400242,373.87274031807357,362.1732295349006,0,,0.009415498457348938,385.96299145393067
contextual_thompson,2,25,7,70,79,1.0,0.29975140937347805,0.0022476512464221594,0.5833333333333334,11,strong_marine_reserve,3.1127541697318795,-2.851999585400242,373.87274031807357,362.1732295349006,0,,0.009415498457348938,385.96299145393067
discretized_contextual,2,25,7,70,79,1.0,0.16096308842747115,0.002381438323602158,0.5833333333333334,4,high_taxation,1.6632676518365852,-7.304213302397429,200.4686238166779,194.4079071679209,0,,0.009975937725143113,206.8099609325991
linucb,2,25,8,80,89,1.0,0.3216358262116089,0.0009415498457348938,0.6666666666666666,11,strong_marine_reserve,3.3484701017354235,-0.004716831673017952,401.8169782280516,388.76194900763886,0,,0.0040327048117890585,415.19461637224106
contextual_thompson,2,25,8,80,89,1.0,0.3216358262116089,0.0009415498457348938,0.6666666666666666,11,strong_marine_reserve,3.3484701017354235,-0.004716831673017952,401.8169782280516,388.76194900763886,0,,0.0040327048117890585,415.19461637224106
discretized_contextual,2,25,8,80,89,1.0,0.17234163411049924,0.0009975937725143114,0.6666666666666666,11,strong_marine_reserve,1.787504646921873,-8.356394228446193,215.5033249380383,208.34240282501972,0,,0.004178959098357031,222.85164356170046
linucb,2,25,9,90,99,1.0,0.3459955136435342,0.00040327048117890586,0.75,11,strong_marine_reserve,3.6046333088005946,0.5926716218275793,432.484876461452,418.26301006029524,0,,0.00197041194728741,447.00535111939894
contextual_thompson,2,25,9,90,99,1.0,0.3459955136435342,0.00040327048117890586,0.75,11,strong_marine_reserve,3.6046333088005946,0.5926716218275793,432.484876461452,418.26301006029524,0,,0.00197041194728741,447.00535111939894
discretized_contextual,2,25,9,90,99,1.0,0.1857097029680837,0.00041789590983570314,0.75,11,strong_marine_reserve,1.9333809346493218,-3.186601420330644,232.3881043283583,224.5406913807835,0,,0.001750582213612453,240.41426627442306
linucb,2,25,10,100,109,1.0,0.37250445926616577,0.000197041194728741,0.8333333333333334,11,strong_marine_reserve,3.8811669639594273,0.6431552195250375,465.66285704878834,450.3230206551233,0,,0.001123537656131278,481.30275656912534
contextual_thompson,2,25,10,100,109,1.0,0.37250445926616577,0.000197041194728741,0.8333333333333334,11,strong_marine_reserve,3.8811669639594273,0.6431552195250375,465.66285704878834,450.3230206551233,0,,0.001123537656131278,481.30275656912534
discretized_contextual,2,25,10,100,109,1.0,0.20034522189535256,0.0001750582213612453,0.8333333333333334,11,strong_marine_reserve,2.0885362337659665,-1.191501718503147,250.76732825813633,242.2524165882803,0,,0.0007333256953438734,259.4603976265862
linucb,2,25,11,110,119,1.0,0.4010856304742711,0.0001123537656131278,0.9166666666666666,11,strong_marine_reserve,4.177757359924735,0.6076801609253679,501.2579615716571,484.86893976348637,0,,0.0007516876215313451,517.8944251900839
contextual_thompson,2,25,11,110,119,1.0,0.4010856304742711,0.0001123537656131278,0.9166666666666666,11,strong_marine_reserve,4.177757359924735,0.6076801609253679,501.2579615716571,484.86893976348637,0,,0.0007516876215313451,517.8944251900839
discretized_contextual,2,25,11,110,119,1.0,0.21621699802215516,7.333256953438734e-05,0.9166666666666666,11,strong_marine_reserve,2.254898744211288,-0.43412989698816457,270.63994489299307,261.4471117178064,0,,0.00030719298486522103,280.01882837875615
linucb,2,26,0,0,9,1.0,0.8333333333333334,0.1,0.0,11,strong_marine_reserve,9.792141478367618,2535.374790314274,870.8120025664012,750.1462119556977,0,,1.6231724943666623,750.1462119556977
contextual_thompson,2,26,0,0,9,1.0,0.8333333333333334,0.1,0.0,11,strong_marine_reserve,9.792141478367618,2535.374790314274,870.8120025664012,750.1462119556977,0,,1.6231724943666623,750.1462119556977
discretized_contextual,2,26,0,0,9,1.0,0.8333333333333334,0.1,0.0,1,baseline_laissez_faire,10.490521369403732,3448.0349987194627,845.0983644821124,685.0617923614428,0,,2.0946658360156425,685.0617923614428
linucb,2,26,1,10,19,1.0,0.6251218432964147,0.16231724943666623,0.08333333333333333,11,strong_marine_reserve,7.039917032957406,2134.825288401206,588.6110093467441,469.01049684346464,0,,1.6017458809723943,469.01049684346464
contextual_thompson,2,26,1,10,19,1.0,0.6251218432964147,0.16231724943666623,0.08333333333333333,11,strong_marine_reserve,7.039917032957406,2134.825288401206,588.6110093467441,469.01049684346464,0,,1.6017458809723943,469.01049684346464
discretized_contextual,2,26,1,10,19,1.0,0.570884826967869,0.20946658360156425,0.08333333333333333,5,hard_capacity_control,7.172915297017182,3721.5387171817497,414.165189580252,210.99693960739452,0,,2.433656061354898,210.99693960739452
linucb,2,26,2,20,29,1.0,0.3908420807028872,0.16017458809723945,0.16666666666666666,11,strong_marine_reserve,3.327983315111464,92.62344695034824,388.243184179334,346.04296091517153,0,,0.7299134409591241,346.04296091517153
contextual_thompson,2,26,2,20,29,1.0,0.3908420807028872,0.16017458809723945,0.16666666666666666,11,strong_marine_reserve,3.327983315111464,92.62344695034824,388.243184179334,346.04296091517153,0,,0.7299134409591241,346.04296091517153
discretized_contextual,2,26,2,20,29,1.0,0.1758307830061621,0.2433656061354898,0.16666666666666666,5,hard_capacity_control,-50.58587411208708,-1652.3190888752126,127.9733972145757,92.3055313030015,1,5,1.0194679858754725,92.3055313030015
linucb,2,26,3,30,39,1.0,0.28836913409597625,0.07299134409591242,0.25,11,strong_marine_reserve,2.505378607475173,-218.72959897520565,326.89298477404543,318.43169865319777,0,,0.30576357823699835,318.43169865319777
contextual_thompson,2,26,3,30,39,1.0,0.28836913409597625,0.07299134409591242,0.25,11,strong_marine_reserve,2.505378607475173,-218.72959897520565,326.89298477404543,318.43169865319777,0,,0.30576357823699835,318.43169865319777
discretized_contextual,2,26,3,30,39,1.0,0.07692127608583459,0.10194679858754725,0.25,11,strong_marine_reserve,-100.70539792766372,-1408.5079395189,84.37320142261937,80.5121429480269,1,0,0.42705910285711063,80.5121429480269
linucb,2,26,4,40,49,1.0,0.26535974887766484,0.030576357823699836,0.3333333333333333,11,strong_marine_reserve,2.5449179858097106,-110.48572766513612,318.64844561698163,317.3515829056392,0,,0.1280855516969835,321.5563791242414
contextual_thompson,2,26,4,40,49,1.0,0.26535974887766484,0.030576357823699836,0.3333333333333333,11,strong_marine_reserve,2.5449179858097106,-110.48572766513612,318.64844561698163,317.3515829056392,0,,0.1280855516969835,321.5563791242414
discretized_contextual,2,26,4,40,49,1.0,0.06709345245668909,0.042705910285711066,0.3333333333333333,4,high_taxation,-99.87510828716879,-513.4427103907245,76.60013078663175,74.95327320243389,1,0,0.17889671854334988,74.95327320243389
linucb,2,26,5,50,59,1.0,0.26796364927020117,0.012808555169698348,0.4166666666666667,11,strong_marine_reserve,2.705192741463939,-41.23718371661877,329.57159102166696,322.7218298533759,0,,0.053655535587709385,337.40787601774247
contextual_thompson,2,26,5,50,59,1.0,0.26796364927020117,0.012808555169698348,0.4166666666666667,11,strong_marine_reserve,2.705192741463939,-41.23718371661877,329.57159102166696,322.7218298533759,0,,0.053655535587709385,337.40787601774247
discretized_contextual,2,26,5,50,59,1.0,0.062461061002028244,0.017889671854334988,0.4166666666666667,3,moderate_taxation,-99.591097747303,-218.21836664155998,75.25447432062774,74.8328842484042,1,0,0.074940530927605,76.10808000000034
linucb,2,26,6,60,69,1.0,0.2811732300147854,0.005365553558770939,0.5,11,strong_marine_reserve,2.897892911394959,-12.714149812554336,349.2728473449016,339.40644896564567,0,,0.022476512464221592,359.70169124817363
contextual_thompson,2,26,6,60,69,1.0,0.2811732300147854,0.005365553558770939,0.5,11,strong_marine_reserve,2.897892911394959,-12.714149812554336,349.2728473449016,339.40644896564567,0,,0.022476512464221592,359.70169124817363
discretized_contextual,2,26,6,60,69,1.0,0.06342340000000028,0.0074940530927604995,0.5,4,high_taxation,-99.43885628084341,-90.15553708023171,78.15591074842035,76.41413051124577,1,0,0.03139287976570931,80.12335511972626
linucb,2,26,7,70,79,1.0,0.29975140937347805,0.0022476512464221594,0.5833333333333334,11,strong_marine_reserve,3.1127541697318795,-2.851999585400242,373.87274031807357,362.1732295349006,0,,0.009415498457348938,385.96299145393067
contextual_thompson,2,26,7,70,79,1.0,0.29975140937347805,0.0022476512464221594,0.5833333333333334,11,strong_marine_reserve,3.1127541697318795,-2.851999585400242,373.87274031807357,362.1732295349006,0,,0.009415498457348938,385.96299145393067
discretized_contextual,2,26,7,70,79,1.0,0.06676946259977189,0.0031392879765709306,0.5833333333333334,4,high_taxation,-99.34458993622601,-36.74962829653764,83.05916304846247,80.61987725029367,1,0,0.013150599385749199,85.63176822369218
linucb,2,26,8,80,89,1.0,0.3216358262116089,0.0009415498457348938,0.6666666666666666,11,strong_marine_reserve,3.3484701017354235,-0.004716831673017952,401.8169782280516,388.76194900763886,0,,0.0040327048117890585,415.19461637224106
contextual_thompson,2,26,8,80,89,1.0,0.3216358262116089,0.0009415498457348938,0.6666666666666666,11,strong_marine_reserve,3.3484701017354235,-0.004716831673017952,401.8169782280516,388.76194900763886,0,,0.0040327048117890585,415.19461637224106
discretized_contextual,2,26,8,80,89,1.0,0.07135980685307682,0.00131505993857492,0.6666666666666666,11,strong_marine_reserve,-99.27456293867131,-18.078430612056188,89.2218590328886,86.26285741025842,1,0,0.005508837210703079,92.26430406993504
linucb,2,26,9,90,99,1.0,0.3459955136435342,0.00040327048117890586,0.75,11,strong_marine_reserve,3.6046333088005946,0.5926716218275793,432.484876461452,418.26301006029524,0,,0.00197041194728741,447.00535111939894
contextual_thompson,2,26,9,90,99,1.0,0.3459955136435342,0.00040327048117890586,0.75,11,strong_marine_reserve,3.6046333088005946,0.5926716218275793,432.484876461452,418.26301006029524,0,,0.00197041194728741,447.00535111939894
discretized_contextual,2,26,9,90,99,1.0,0.0768869200582792,0.0005508837210703079,0.75,11,strong_marine_reserve,-99.2055260129392,-7.414314446346463,96.22659618085666,92.96517061165049,1,0,0.002307673325286836,99.56555356565435
linucb,2,26,10,100,109,1.0,0.37250445926616577,0.000197041194728741,0.8333333333333334,11,strong_marine_reserve,3.8811669639594273,0.6431552195250375,465.66285704878834,450.3230206551233,0,,0.001123537656131278,481.30275656912534
contextual_thompson,2,26,10,100,109,1.0,0.37250445926616577,0.000197041194728741,0.8333333333333334,11,strong_marine_reserve,3.8811669639594273,0.6431552195250375,465.66285704878834,450.3230206551233,0,,0.001123537656131278,481.30275656912534
discretized_contextual,2,26,10,100,109,1.0,0.0829712946380453,0.00023076733252868362,0.8333333333333334,11,strong_marine_reserve,-99.13734240948648,-3.0330284322882974,103.88287427349704,100.33114139886368,1,0,0.0009666933279302226,107.51263354847873
linucb,2,26,11,110,119,1.0,0.4010856304742711,0.0001123537656131278,0.9166666666666666,11,strong_marine_reserve,4.177757359924735,0.6076801609253679,501.2579615716571,484.86893976348637,0,,0.0007516876215313451,517.8944251900839
contextual_thompson,2,26,11,110,119,1.0,0.4010856304742711,0.0001123537656131278,0.9166666666666666,11,strong_marine_reserve,4.177757359924735,0.6076801609253679,501.2579615716571,484.86893976348637,0,,0.0007516876215313451,517.8944251900839
discretized_contextual,2,26,11,110,119,1.0,0.08959386129039894,9.666933279302226e-05,0.9166666666666666,11,strong_marine_reserve,-99.06630383756153,-1.237398096003514,112.19202726413634,108.34329790180273,1,0,0.0004049515934620661,116.12239472353761
linucb,2,27,0,0,9,1.0,0.8333333333333334,0.1,0.0,11,strong_marine_reserve,9.792141478367618,2535.374790314274,870.8120025664012,750.1462119556977,0,,1.6231724943666623,750.1462119556977
contextual_thompson,2,27,0,0,9,1.0,0.8333333333333334,0.1,0.0,11,strong_marine_reserve,9.792141478367618,2535.374790314274,870.8120025664012,750.1462119556977,0,,1.6231724943666623,750.1462119556977
discretized_contextual,2,27,0,0,9,1.0,0.8333333333333334,0.1,0.0,1,baseline_laissez_faire,10.490521369403732,3448.0349987194627,845.0983644821124,685.0617923614428,0,,2.0946658360156425,685.0617923614428
linucb,2,27,1,10,19,1.0,0.6251218432964147,0.16231724943666623,0.08333333333333333,11,strong_marine_reserve,7.039917032957406,2134.825288401206,588.6110093467441,469.01049684346464,0,,1.6017458809723943,469.01049684346464
contextual_thompson,2,27,1,10,19,1.0,0.6251218432964147,0.16231724943666623,0.08333333333333333,11,strong_marine_reserve,7.039917032957406,2134.825288401206,588.6110093467441,469.01049684346464,0,,1.6017458809723943,469.01049684346464
discretized_contextual,2,27,1,10,19,1.0,0.570884826967869,0.20946658360156425,0.08333333333333333,4,high_taxation,7.324214420796293,3594.777460708412,447.5324352105458,278.56464632792336,0,,1.8461516924318044,278.56464632792336
linucb,2,27,2,20,29,1.0,0.3908420807028872,0.16017458809723945,0.16666666666666666,11,strong_marine_reserve,3.327983315111464,92.62344695034824,388.243184179334,346.04296091517153,0,,0.7299134409591241,346.04296091517153
contextual_thompson,2,27,2,20,29,1.0,0.3908420807028872,0.16017458809723945,0.16666666666666666,11,strong_marine_reserve,3.327983315111464,92.62344695034824,388.243184179334,346.04296091517153,0,,0.7299134409591241,346.04296091517153
discretized_contextual,2,27,2,20,29,1.0,0.23213720527326948,0.18461516924318044,0.16666666666666666,3,moderate_taxation,1.1968554466780579,-380.7187596209983,189.30890475588677,147.72801219854847,0,,0.8000604669676821,147.72801219854847
linucb,2,27,3,30,39,1.0,0.28836913409597625,0.07299134409591242,0.25,11,strong_marine_reserve,2.505378607475173,-218.72959897520565,326.89298477404543,318.43169865319777,0,,0.30576357823699835,318.43169865319777
contextual_thompson,2,27,3,30,39,1.0,0.28836913409597625,0.07299134409591242,0.25,11,strong_marine_reserve,2.505378607475173,-218.72959897520565,326.89298477404543,318.43169865319777,0,,0.30576357823699835,318.43169865319777
discretized_contextual,2,27,3,30,39,1.0,0.12310667683212373,0.08000604669676821,0.25,3,moderate_taxation,-9.55582279291343,-631.8717718311799,129.12587747012992,119.8016310353778,1,9,0.3351484401555249,119.8016310353778
linucb,2,27,4,40,49,1.0,0.26535974887766484,0.030576357823699836,0.3333333333333333,11,strong_marine_reserve,2.5449179858097106,-110.48572766513612,318.64844561698163,317.3515829056392,0,,0.1280855516969835,321.5563791242414
contextual_thompson,2,27,4,40,49,1.0,0.26535974887766484,0.030576357823699836,0.3333333333333333,11,strong_marine_reserve,2.5449179858097106,-110.48572766513612,318.64844561698163,317.3515829056392,0,,0.1280855516969835,321.5563791242414
discretized_contextual,2,27,4,40,49,1.0,0.0998346925294815,0.03351484401555249,0.3333333333333333,4,high_taxation,-99.33956699098253,-307.58889459156103,116.16262843308267,115.00778639369634,1,0,0.14039498459960623,115.00942262823843
linucb,2,27,5,50,59,1.0,0.26796364927020117,0.012808555169698348,0.4166666666666667,11,strong_marine_reserve,2.705192741463939,-41.23718371661877,329.57159102166696,322.7218298533759,0,,0.053655535587709385,337.40787601774247
contextual_thompson,2,27,5,50,59,1.0,0.26796364927020117,0.012808555169698348,0.4166666666666667,11,strong_marine_reserve,2.705192741463939,-41.23718371661877,329.57159102166696,322.7218298533759,0,,0.053655535587709385,337.40787601774247
discretized_contextual,2,27,5,50,59,1.0,0.09584118552353202,0.014039498459960623,0.4166666666666667,4,high_taxation,-99.16016457249289,-130.08913987966804,116.39094808641406,115.08521850846313,1,0,0.0588120048882726,118.27333560708689
linucb,2,27,6,60,69,1.0,0.2811732300147854,0.005365553558770939,0.5,11,strong_marine_reserve,2.897892911394959,-12.714149812554336,349.2728473449016,339.40644896564567,0,,0.022476512464221592,359.70169124817363
contextual_thompson,2,27,6,60,69,1.0,0.2811732300147854,0.005365553558770939,0.5,11,strong_marine_reserve,2.897892911394959,-12.714149812554336,349.2728473449016,339.40644896564567,0,,0.022476512464221592,359.70169124817363
discretized_contextual,2,27,6,60,69,1.0,0.09856111300590574,0.00588120048882726,0.5,4,high_taxation,-19.03694932613374,-52.35510521652237,121.84869348993331,118.83794568341798,1,0,0.02463657750198508,125.15412265794302
linucb,2,27,7,70,79,1.0,0.29975140937347805,0.0022476512464221594,0.5833333333333334,11,strong_marine_reserve,3.1127541697318795,-2.851999585400242,373.87274031807357,362.1732295349006,0,,0.009415498457348938,385.96299145393067
contextual_thompson,2,27,7,70,79,1.0,0.29975140937347805,0.0022476512464221594,0.5833333333333334,11,strong_marine_reserve,3.1127541697318795,-2.851999585400242,373.87274031807357,362.1732295349006,0,,0.009415498457348938,385.96299145393067
discretized_contextual,2,27,7,70,79,1.0,0.10429510221495251,0.0024636577501985077,0.5833333333333334,4,high_taxation,1.062036814271616,-20.500851142549987,129.9045198496999,125.96715102557016,0,,0.010320358099751643,134.0257037044444
linucb,2,27,8,80,89,1.0,0.3216358262116089,0.0009415498457348938,0.6666666666666666,11,strong_marine_reserve,3.3484701017354235,-0.004716831673017952,401.8169782280516,388.76194900763886,0,,0.0040327048117890585,415.19461637224106
contextual_thompson,2,27,8,80,89,1.0,0.3216358262116089,0.0009415498457348938,0.6666666666666666,11,strong_marine_reserve,3.3484701017354235,-0.004716831673017952,401.8169782280516,388.76194900763886,0,,0.0040327048117890585,415.19461637224106
discretized_contextual,2,27,8,80,89,1.0,0.11168808642037033,0.0010320358099751644,0.6666666666666666,11,strong_marine_reserve,1.1519650384473543,-12.036876647501714,139.6802298113827,135.0221238584461,0,,0.004323238132347212,144.46151720190835
linucb,2,27,9,90,99,1.0,0.3459955136435342,0.00040327048117890586,0.75,11,strong_marine_reserve,3.6046333088005946,0.5926716218275793,432.484876461452,418.26301006029524,0,,0.00197041194728741,447.00535111939894
contextual_thompson,2,27,9,90,99,1.0,0.3459955136435342,0.00040327048117890586,0.75,11,strong_marine_reserve,3.6046333088005946,0.5926716218275793,432.484876461452,418.26301006029524,0,,0.00197041194728741,447.00535111939894
discretized_contextual,2,27,9,90,99,1.0,0.12038459766825696,0.00043232381323472124,0.75,11,strong_marine_reserve,1.2507379877437657,-4.846601164240131,150.6701506689607,145.56088531907506,0,,0.0018110212618911736,155.89688682421783
linucb,2,27,10,100,109,1.0,0.37250445926616577,0.000197041194728741,0.8333333333333334,11,strong_marine_reserve,3.8811669639594273,0.6431552195250375,465.66285704878834,450.3230206551233,0,,0.001123537656131278,481.30275656912534
contextual_thompson,2,27,10,100,109,1.0,0.37250445926616577,0.000197041194728741,0.8333333333333334,11,strong_marine_reserve,3.8811669639594273,0.6431552195250375,465.66285704878834,450.3230206551233,0,,0.001123537656131278,481.30275656912534
discretized_contextual,2,27,10,100,109,1.0,0.12991407235351485,0.00018110212618911736,0.8333333333333334,11,strong_marine_reserve,1.353440582270643,-1.9407790943791552,162.64576336380264,157.0942859644284,0,,0.0007586438476478741,168.31696296145319
linucb,2,27,11,110,119,1.0,0.4010856304742711,0.0001123537656131278,0.9166666666666666,11,strong_marine_reserve,4.177757359924735,0.6076801609253679,501.2579615716571,484.86893976348637,0,,0.0007516876215313451,517.8944251900839
contextual_thompson,2,27,11,110,119,1.0,0.4010856304742711,0.0001123537656131278,0.9166666666666666,11,strong_marine_reserve,4.177757359924735,0.6076801609253679,501.2579615716571,484.86893976348637,0,,0.0007516876215313451,517.8944251900839
discretized_contextual,2,27,11,110,119,1.0,0.140264135801211,7.586438476478742e-05,0.9166666666666666,11,strong_marine_reserve,1.4627491796774512,-0.7706770728117719,175.62238281003152,169.614197072256,0,,0.0003177988572994212,181.75647210234487
linucb,2,28,0,0,9,1.0,0.8333333333333334,0.1,0.0,11,strong_marine_reserve,9.792141478367618,2535.374790314274,870.8120025664012,750.1462119556977,0,,1.6231724943666623,750.1462119556977
contextual_thompson,2,28,0,0,9,1.0,0.8333333333333334,0.1,0.0,11,strong_marine_reserve,9.792141478367618,2535.374790314274,870.8120025664012,750.1462119556977,0,,1.6231724943666623,750.1462119556977
discretized_contextual,2,28,0,0,9,1.0,0.8333333333333334,0.1,0.0,1,baseline_laissez_faire,10.490521369403732,3448.0349987194627,845.0983644821124,685.0617923614428,0,,2.0946658360156425,685.0617923614428
linucb,2,28,1,10,19,1.0,0.6251218432964147,0.16231724943666623,0.08333333333333333,11,strong_marine_reserve,7.039917032957406,2134.825288401206,588.6110093467441,469.01049684346464,0,,1.6017458809723943,469.01049684346464
contextual_thompson,2,28,1,10,19,1.0,0.6251218432964147,0.16231724943666623,0.08333333333333333,11,strong_marine_reserve,7.039917032957406,2134.825288401206,588.6110093467441,469.01049684346464,0,,1.6017458809723943,469.01049684346464
discretized_contextual,2,28,1,10,19,1.0,0.570884826967869,0.20946658360156425,0.08333333333333333,4,high_taxation,7.324214420796293,3594.777460708412,447.5324352105458,278.56464632792336,0,,1.8461516924318044,278.56464632792336
linucb,2,28,2,20,29,1.0,0.3908420807028872,0.16017458809723945,0.16666666666666666,11,strong_marine_reserve,3.327983315111464,92.62344695034824,388.243184179334,346.04296091517153,0,,0.7299134409591241,346.04296091517153
contextual_thompson,2,28,2,20,29,1.0,0.3908420807028872,0.16017458809723945,0.16666666666666666,11,strong_marine_reserve,3.327983315111464,92.62344695034824,388.243184179334,346.04296091517153,0,,0.7299134409591241,346.04296091517153
discretized_contextual,2,28,2,20,29,1.0,0.23213720527326948,0.18461516924318044,0.16666666666666666,1,baseline_laissez_faire,1.1816667295314927,-391.2395037768533,188.74874799700152,146.84098574931164,0,,0.8081413230301766,146.84098574931164
linucb,2,28,3,30,39,1.0,0.28836913409597625,0.07299134409591242,0.25,11,strong_marine_reserve,2.505378607475173,-218.72959897520565,326.89298477404543,318.43169865319777,0,,0.30576357823699835,318.43169865319777
contextual_thompson,2,28,3,30,39,1.0,0.28836913409597625,0.07299134409591242,0.25,11,strong_marine_reserve,2.505378607475173,-218.72959897520565,326.89298477404543,318.43169865319777,0,,0.30576357823699835,318.43169865319777
discretized_contextual,2,28,3,30,39,1.0,0.12236748812442637,0.08081413230301766,0.25,7,weak_capacity_control,-9.576383219968312,-644.1368176944789,128.1304317271401,118.74821538703256,1,9,0.3385335421775396,118.74821538703256
linucb,2,28,4,40,49,1.0,0.26535974887766484,0.030576357823699836,0.3333333333333333,11,strong_marine_reserve,2.5449179858097106,-110.48572766513612,318.64844561698163,317.3515829056392,0,,0.1280855516969835,321.5563791242414
contextual_thompson,2,28,4,40,49,1.0,0.26535974887766484,0.030576357823699836,0.3333333333333333,11,strong_marine_reserve,2.5449179858097106,-110.48572766513612,318.64844561698163,317.3515829056392,0,,0.1280855516969835,321.5563791242414
discretized_contextual,2,28,4,40,49,1.0,0.09895684615586046,0.03385335421775396,0.3333333333333333,4,high_taxation,-99.354622223736,-313.4663015869741,115.06128934211846,113.87063527126288,1,0,0.14181301699751417,113.87063527126288
linucb,2,28,5,50,59,1.0,0.26796364927020117,0.012808555169698348,0.4166666666666667,11,strong_marine_reserve,2.705192741463939,-41.23718371661877,329.57159102166696,322.7218298533759,0,,0.053655535587709385,337.40787601774247
contextual_thompson,2,28,5,50,59,1.0,0.26796364927020117,0.012808555169698348,0.4166666666666667,11,strong_marine_reserve,2.705192741463939,-41.23718371661877,329.57159102166696,322.7218298533759,0,,0.053655535587709385,337.40787601774247
discretized_contextual,2,28,5,50,59,1.0,0.09489219605938573,0.014181301699751417,0.4166666666666667,4,high_taxation,-99.17260796129607,-132.6535071920632,115.20546550751835,113.93813844575092,1,0,0.05940602417290254,117.04850086674666
linucb,2,28,6,60,69,1.0,0.2811732300147854,0.005365553558770939,0.5,11,strong_marine_reserve,2.897892911394959,-12.714149812554336,349.2728473449016,339.40644896564567,0,,0.022476512464221592,359.70169124817363
contextual_thompson,2,28,6,60,69,1.0,0.2811732300147854,0.005365553558770939,0.5,11,strong_marine_reserve,2.897892911394959,-12.714149812554336,349.2728473449016,339.40644896564567,0,,0.022476512464221592,359.70169124817363
discretized_contextual,2,28,6,60,69,1.0,0.09754041738895555,0.005940602417290254,0.5,7,weak_capacity_control,-39.0486765337194,-53.44762618272301,120.57253109559808,117.60405025547963,1,0,0.02488541448979498,123.83460716085692
linucb,2,28,7,70,79,1.0,0.29975140937347805,0.0022476512464221594,0.5833333333333334,11,strong_marine_reserve,3.1127541697318795,-2.851999585400242,373.87274031807357,362.1732295349006,0,,0.009415498457348938,385.96299145393067
contextual_thompson,2,28,7,70,79,1.0,0.29975140937347805,0.0022476512464221594,0.5833333333333334,11,strong_marine_reserve,3.1127541697318795,-2.851999585400242,373.87274031807357,362.1732295349006,0,,0.009415498457348938,385.96299145393067
discretized_contextual,2,28,7,70,79,1.0,0.10319550596738077,0.002488541448979498,0.5833333333333334,4,high_taxation,1.0501103014744326,-20.96244387902367,128.52872944241477,124.63767119655795,0,,0.010424596881394702,132.6025358324576
linucb,2,28,8,80,89,1.0,0.3216358262116089,0.0009415498457348938,0.6666666666666666,11,strong_marine_reserve,3.3484701017354235,-0.004716831673017952,401.8169782280516,388.76194900763886,0,,0.0040327048117890585,415.19461637224106
contextual_thompson,2,28,8,80,89,1.0,0.3216358262116089,0.0009415498457348938,0.6666666666666666,11,strong_marine_reserve,3.3484701017354235,-0.004716831673017952,401.8169782280516,388.76194900763886,0,,0.0040327048117890585,415.19461637224106
discretized_contextual,2,28,8,80,89,1.0,0.11050211319371465,0.0010424596881394702,0.6666666666666666,11,strong_marine_reserve,1.139407694681399,-12.222364435109313,138.19560709398098,133.58803934229348,0,,0.004366904163245842,142.92531280832554
linucb,2,28,9,90,99,1.0,0.3459955136435342,0.00040327048117890586,0.75,11,strong_marine_reserve,3.6046333088005946,0.5926716218275793,432.484876461452,418.26301006029524,0,,0.00197041194728741,447.00535111939894
contextual_thompson,2,28,9,90,99,1.0,0.3459955136435342,0.00040327048117890586,0.75,11,strong_marine_reserve,3.6046333088005946,0.5926716218275793,432.484876461452,418.26301006029524,0,,0.00197041194728741,447.00535111939894
discretized_contextual,2,28,9,90,99,1.0,0.11910442734027128,0.0004366904163245842,0.75,11,strong_marine_reserve,1.2373056785781964,-4.9244525930618135,149.067615740551,144.01289449515718,0,,0.0018293131320030979,154.23869471231842
linucb,2,28,10,100,109,1.0,0.37250445926616577,0.000197041194728741,0.8333333333333334,11,strong_marine_reserve,3.8811669639594273,0.6431552195250375,465.66285704878834,450.3230206551233,0,,0.001123537656131278,481.30275656912534
contextual_thompson,2,28,10,100,109,1.0,0.37250445926616577,0.000197041194728741,0.8333333333333334,11,strong_marine_reserve,3.8811669639594273,0.6431552195250375,465.66285704878834,450.3230206551233,0,,0.001123537656131278,481.30275656912534
discretized_contextual,2,28,10,100,109,1.0,0.1285322455935987,0.0001829313132003098,0.8333333333333334,11,strong_marine_reserve,1.3389934727909902,-1.9734631744537283,160.9160323158533,155.4233796820891,0,,0.0007663063831544392,166.52721544262576
linucb,2,28,11,110,119,1.0,0.4010856304742711,0.0001123537656131278,0.9166666666666666,11,strong_marine_reserve,4.177757359924735,0.6076801609253679,501.2579615716571,484.86893976348637,0,,0.0007516876215313451,517.8944251900839
contextual_thompson,2,28,11,110,119,1.0,0.4010856304742711,0.0001123537656131278,0.9166666666666666,11,strong_marine_reserve,4.177757359924735,0.6076801609253679,501.2579615716571,484.86893976348637,0,,0.0007516876215313451,517.8944251900839
discretized_contextual,2,28,11,110,119,1.0,0.13877267953552147,7.663063831544392e-05,0.9166666666666666,11,strong_marine_reserve,1.4471778970449638,-0.7848365238756715,173.75552802826073,167.81074468308208,0,,0.00032100872321417514,179.82493362206318
linucb,2,29,0,0,9,1.0,0.8333333333333334,0.1,0.0,11,strong_marine_reserve,9.792141478367618,2535.374790314274,870.8120025664012,750.1462119556977,0,,1.6231724943666623,750.1462119556977
contextual_thompson,2,29,0,0,9,1.0,0.8333333333333334,0.1,0.0,11,strong_marine_reserve,9.792141478367618,2535.374790314274,870.8120025664012,750.1462119556977,0,,1.6231724943666623,750.1462119556977
discretized_contextual,2,29,0,0,9,1.0,0.8333333333333334,0.1,0.0,1,baseline_laissez_faire,10.490521369403732,3448.0349987194627,845.0983644821124,685.0617923614428,0,,2.0946658360156425,685.0617923614428
linucb,2,29,1,10,19,1.0,0.6251218432964147,0.16231724943666623,0.08333333333333333,11,strong_marine_reserve,7.039917032957406,2134.825288401206,588.6110093467441,469.01049684346464,0,,1.6017458809723943,469.01049684346464
contextual_thompson,2,29,1,10,19,1.0,0.6251218432964147,0.16231724943666623,0.08333333333333333,11,strong_marine_reserve,7.039917032957406,2134.825288401206,588.6110093467441,469.01049684346464,0,,1.6017458809723943,469.01049684346464
discretized_contextual,2,29,1,10,19,1.0,0.570884826967869,0.20946658360156425,0.08333333333333333,4,high_taxation,7.324214420796293,3594.777460708412,447.5324352105458,278.56464632792336,0,,1.8461516924318044,278.56464632792336
linucb,2,29,2,20,29,1.0,0.3908420807028872,0.16017458809723945,0.16666666666666666,11,strong_marine_reserve,3.327983315111464,92.62344695034824,388.243184179334,346.04296091517153,0,,0.7299134409591241,346.04296091517153
contextual_thompson,2,29,2,20,29,1.0,0.3908420807028872,0.16017458809723945,0.16666666666666666,11,strong_marine_reserve,3.327983315111464,92.62344695034824,388.243184179334,346.04296091517153,0,,0.7299134409591241,346.04296091517153
discretized_contextual,2,29,2,20,29,1.0,0.23213720527326948,0.18461516924318044,0.16666666666666666,3,moderate_taxation,1.1968554466780579,-380.7187596209983,189.30890475588677,147.72801219854847,0,,0.8000604669676821,147.72801219854847
linucb,2,29,3,30,39,1.0,0.28836913409597625,0.07299134409591242,0.25,11,strong_marine_reserve,2.505378607475173,-218.72959897520565,326.89298477404543,318.43169865319777,0,,0.30576357823699835,318.43169865319777
contextual_thompson,2,29,3,30,39,1.0,0.28836913409597625,0.07299134409591242,0.25,11,strong_marine_reserve,2.505378607475173,-218.72959897520565,326.89298477404543,318.43169865319777,0,,0.30576357823699835,318.43169865319777
discretized_contextual,2,29,3,30,39,1.0,0.12310667683212373,0.08000604669676821,0.25,3,moderate_taxation,-9.55582279291343,-631.8717718311799,129.12587747012992,119.8016310353778,1,9,0.3351484401555249,119.8016310353778
linucb,2,29,4,40,49,1.0,0.26535974887766484,0.030576357823699836,0.3333333333333333,11,strong_marine_reserve,2.5449179858097106,-110.48572766513612,318.64844561698163,317.3515829056392,0,,0.1280855516969835,321.5563791242414
contextual_thompson,2,29,4,40,49,1.0,0.26535974887766484,0.030576357823699836,0.3333333333333333,11,strong_marine_reserve,2.5449179858097106,-110.48572766513612,318.64844561698163,317.3515829056392,0,,0.1280855516969835,321.5563791242414
discretized_contextual,2,29,4,40,49,1.0,0.0998346925294815,0.03351484401555249,0.3333333333333333,4,high_taxation,-99.33956699098253,-307.58889459156103,116.16262843308267,115.00778639369634,1,0,0.14039498459960623,115.00942262823843
linucb,2,29,5,50,59,1.0,0.26796364927020117,0.012808555169698348,0.4166666666666667,11,strong_marine_reserve,2.705192741463939,-41.23718371661877,329.57159102166696,322.7218298533759,0,,0.053655535587709385,337.40787601774247
contextual_thompson,2,29,5,50,59,1.0,0.26796364927020117,0.012808555169698348,0.4166666666666667,11,strong_marine_reserve,2.705192741463939,-41.23718371661877,329.57159102166696,322.7218298533759,0,,0.053655535587709385,337.40787601774247
discretized_contextual,2,29,5,50,59,1.0,0.09584118552353202,0.014039498459960623,0.4166666666666667,4,high_taxation,-99.16016457249289,-130.08913987966804,116.39094808641406,115.08521850846313,1,0,0.0588120048882726,118.27333560708689
linucb,2,29,6,60,69,1.0,0.2811732300147854,0.005365553558770939,0.5,11,strong_marine_reserve,2.897892911394959,-12.714149812554336,349.2728473449016,339.40644896564567,0,,0.022476512464221592,359.70169124817363
contextual_thompson,2,29,6,60,69,1.0,0.2811732300147854,0.005365553558770939,0.5,11,strong_marine_reserve,2.897892911394959,-12.714149812554336,349.2728473449016,339.40644896564567,0,,0.022476512464221592,359.70169124817363
discretized_contextual,2,29,6,60,69,1.0,0.09856111300590574,0.00588120048882726,0.5,4,high_taxation,-19.03694932613374,-52.35510521652237,121.84869348993331,118.83794568341798,1,0,0.02463657750198508,125.15412265794302
linucb,2,29,7,70,79,1.0,0.29975140937347805,0.0022476512464221594,0.5833333333333334,11,strong_marine_reserve,3.1127541697318795,-2.851999585400242,373.87274031807357,362.1732295349006,0,,0.009415498457348938,385.96299145393067
contextual_thompson,2,29,7,70,79,1.0,0.29975140937347805,0.0022476512464221594,0.5833333333333334,11,strong_marine_reserve,3.1127541697318795,-2.851999585400242,373.87274031807357,362.1732295349006,0,,0.009415498457348938,385.96299145393067
discretized_contextual,2,29,7,70,79,1.0,0.10429510221495251,0.0024636577501985077,0.5833333333333334,4,high_taxation,1.062036814271616,-20.500851142549987,129.9045198496999,125.96715102557016,0,,0.010320358099751643,134.0257037044444
linucb,2,29,8,80,89,1.0,0.3216358262116089,0.0009415498457348938,0.6666666666666666,11,strong_marine_reserve,3.3484701017354235,-0.004716831673017952,401.8169782280516,388.76194900763886,0,,0.0040327048117890585,415.19461637224106
contextual_thompson,2,29,8,80,89,1.0,0.3216358262116089,0.0009415498457348938,0.6666666666666666,11,strong_marine_reserve,3.3484701017354235,-0.004716831673017952,401.8169782280516,388.76194900763886,0,,0.0040327048117890585,415.19461637224106
discretized_contextual,2,29,8,80,89,1.0,0.11168808642037033,0.0010320358099751644,0.6666666666666666,11,strong_marine_reserve,1.1519650384473543,-12.036876647501714,139.6802298113827,135.0221238584461,0,,0.004323238132347212,144.46151720190835
linucb,2,29,9,90,99,1.0,0.3459955136435342,0.00040327048117890586,0.75,11,strong_marine_reserve,3.6046333088005946,0.5926716218275793,432.484876461452,418.26301006029524,0,,0.00197041194728741,447.00535111939894
contextual_thompson,2,29,9,90,99,1.0,0.3459955136435342,0.00040327048117890586,0.75,11,strong_marine_reserve,3.6046333088005946,0.5926716218275793,432.484876461452,418.26301006029524,0,,0.00197041194728741,447.00535111939894
discretized_contextual,2,29,9,90,99,1.0,0.12038459766825696,0.00043232381323472124,0.75,11,strong_marine_reserve,1.2507379877437657,-4.846601164240131,150.6701506689607,145.56088531907506,0,,0.0018110212618911736,155.89688682421783
linucb,2,29,10,100,109,1.0,0.37250445926616577,0.000197041194728741,0.8333333333333334,11,strong_marine_reserve,3.8811669639594273,0.6431552195250375,465.66285704878834,450.3230206551233,0,,0.001123537656131278,481.30275656912534
contextual_thompson,2,29,10,100,109,1.0,0.37250445926616577,0.000197041194728741,0.8333333333333334,11,strong_marine_reserve,3.8811669639594273,0.6431552195250375,465.66285704878834,450.3230206551233,0,,0.001123537656131278,481.30275656912534
discretized_contextual,2,29,10,100,109,1.0,0.12991407235351485,0.00018110212618911736,0.8333333333333334,5,hard_capacity_control,1.3540836702090584,-1.0690178432856559,162.61832256628128,157.08823439109233,0,,0.0007586438476478741,168.27161939831865
linucb,2,29,11,110,119,1.0,0.4010856304742711,0.0001123537656131278,0.9166666666666666,11,strong_marine_reserve,4.177757359924735,0.6076801609253679,501.2579615716571,484.86893976348637,0,,0.0007516876215313451,517.8944251900839
contextual_thompson,2,29,11,110,119,1.0,0.4010856304742711,0.0001123537656131278,0.9166666666666666,11,strong_marine_reserve,4.177757359924735,0.6076801609253679,501.2579615716571,484.86893976348637,0,,0.0007516876215313451,517.8944251900839
discretized_contextual,2,29,11,110,119,1.0,0.14022634949859888,7.586438476478742e-05,0.9166666666666666,11,strong_marine_reserve,1.4623549155451223,-0.7708370964023479,175.575090316983,169.56850730309557,0,,0.0003177988572994212,181.7075438732462
