algorithm,seed,episode,window_index,window_start_step,window_end_step,arm_id,arm_name,window_cumulative_reward,window_cumulative_profit,window_mean_fish_stock,window_min_fish_stock,window_collapse_flag,window_time_to_collapse,end_ships,end_fish_population
epsilon_greedy,0,0,0,0,9,11,strong_marine_reserve,9.792141478367618,2535.374790314274,870.8120025664012,750.1462119556977,0,,1.6231724943666623,750.1462119556977
ucb1,0,0,0,0,9,11,strong_marine_reserve,9.792141478367618,2535.374790314274,870.8120025664012,750.1462119556977,0,,1.6231724943666623,750.1462119556977
softmax,0,0,0,0,9,11,strong_marine_reserve,9.792141478367618,2535.374790314274,870.8120025664012,750.1462119556977,0,,1.6231724943666623,750.1462119556977
pac_successive_elimination,0,0,0,0,9,1,baseline_laissez_faire,10.490521369403732,3448.0349987194627,845.0983644821124,685.0617923614428,0,,2.0946658360156425,685.0617923614428
epsilon_greedy,0,0,1,10,19,5,hard_capacity_control,8.477824768140737,4112.878671603311,523.793531584491,316.05665030206364,0,,2.579618925738808,316.05665030206364
ucb1,0,0,1,10,19,5,hard_capacity_control,8.477824768140737,4112.878671603311,523.793531584491,316.05665030206364,0,,2.579618925738808,316.05665030206364
softmax,0,0,1,10,19,5,hard_capacity_control,8.477824768140737,4112.878671603311,523.793531584491,316.05665030206364,0,,2.579618925738808,316.05665030206364
pac_successive_elimination,0,0,1,10,19,3,moderate_taxation,7.306302087564786,3684.756760534129,434.58543924367876,251.25320581226075,0,,2.090642867383461,251.25320581226075
epsilon_greedy,0,0,2,20,29,7,weak_capacity_control,-9.110390279053906,-590.1033349913797,177.5655667124967,118.89015826889568,1,9,1.1821808523338009,118.89015826889568
ucb1,0,0,2,20,29,7,weak_capacity_control,-9.110390279053906,-590.1033349913797,177.5655667124967,118.89015826889568,1,9,1.1821808523338009,118.89015826889568
softmax,0,0,2,20,29,7,weak_capacity_control,-9.110390279053906,-590.1033349913797,177.5655667124967,118.89015826889568,1,9,1.1821808523338009,118.89015826889568
pac_successive_elimination,0,0,2,20,29,4,high_taxation,0.5183692522472306,-842.2073758300155,163.26919536926954,123.70648739551876,0,,0.8815022449630269,123.70648739551876
epsilon_greedy,0,0,3,30,39,1,baseline_laissez_faire,-100.41797436397944,-1217.0430546238945,95.88824287733519,84.40490608300503,1,0,0.495220155225351,84.40490608300503
ucb1,0,0,3,30,39,1,baseline_laissez_faire,-100.41797436397944,-1217.0430546238945,95.88824287733519,84.40490608300503,1,0,0.495220155225351,84.40490608300503
softmax,0,0,3,30,39,1,baseline_laissez_faire,-100.41797436397944,-1217.0430546238945,95.88824287733519,84.40490608300503,1,0,0.495220155225351,84.40490608300503
pac_successive_elimination,0,0,3,30,39,5,hard_capacity_control,-99.96205765785585,-849.0843091641246,106.4431981569922,97.78007494828263,1,0,0.36926471759400875,97.78007494828263
epsilon_greedy,0,0,4,40,49,4,high_taxation,-99.92601118600132,-585.3879778316903,79.12521501964461,76.71386602353644,1,0,0.20744964838271113,76.71386602353644
ucb1,0,0,4,40,49,4,high_taxation,-99.92601118600132,-585.3879778316903,79.12521501964461,76.71386602353644,1,0,0.20744964838271113,76.71386602353644
softmax,0,0,4,40,49,4,high_taxation,-99.92601118600132,-585.3879778316903,79.12521501964461,76.71386602353644,1,0,0.20744964838271113,76.71386602353644
pac_successive_elimination,0,0,4,40,49,7,weak_capacity_control,-99.61394547597318,-398.9317990853771,94.19835877346286,92.88818246655615,1,0,0.15468642585873654,92.88818246655615
epsilon_greedy,0,0,5,50,59,10,moderate_marine_reserve,-99.63287857609372,-277.97969273597977,77.41213399707186,76.71299716802845,1,0,0.08690146424780947,78.52975220988013
ucb1,0,0,5,50,59,10,moderate_marine_reserve,-99.63287857609372,-277.97969273597977,77.41213399707186,76.71299716802845,1,0,0.08690146424780947,78.52975220988013
softmax,0,0,5,50,59,10,moderate_marine_reserve,-99.63287857609372,-277.97969273597977,77.41213399707186,76.71299716802845,1,0,0.08690146424780947,78.52975220988013
pac_successive_elimination,0,0,5,50,59,10,moderate_marine_reserve,-99.40584140437026,-193.65773782414095,94.5379600144631,93.07029491480951,1,0,0.06479874519519657,96.3975378597746
epsilon_greedy,0,0,6,60,69,3,moderate_taxation,-99.43286358698333,-103.14178798058359,80.4333841196731,78.79849720358848,1,0,0.03640336123627133,82.32958438475279
ucb1,0,0,6,60,69,3,moderate_taxation,-99.43286358698333,-103.14178798058359,80.4333841196731,78.79849720358848,1,0,0.03640336123627133,82.32958438475279
softmax,0,0,6,60,69,3,moderate_taxation,-99.43286358698333,-103.14178798058359,80.4333841196731,78.79849720358848,1,0,0.03640336123627133,82.32958438475279
pac_successive_elimination,0,0,6,60,69,11,strong_marine_reserve,-99.25484401671116,-86.20851346646992,99.76373961063827,96.95817360140698,1,0,0.027144446292310928,102.75087723270701
epsilon_greedy,0,0,7,70,79,11,strong_marine_reserve,-99.33790050696508,-50.590049516746475,85.52274510619804,82.87901870140308,1,0,0.015249509553941346,88.28030266419307
ucb1,0,0,7,70,79,11,strong_marine_reserve,-99.33790050696508,-50.590049516746475,85.52274510619804,82.87901870140308,1,0,0.015249509553941346,88.28030266419307
softmax,0,0,7,70,79,11,strong_marine_reserve,-99.33790050696508,-50.590049516746475,85.52274510619804,82.87901870140308,1,0,0.015249509553941346,88.28030266419307
pac_successive_elimination,0,0,7,70,79,1,baseline_laissez_faire,-99.13890797657619,-27.292670317211684,106.60616324892311,103.40818054805,1,0,0.01137091408632357,109.9617837825349
epsilon_greedy,0,0,8,80,89,5,hard_capacity_control,-99.25165350099708,-16.938340869839507,91.8341807847332,88.89833020409596,1,0,0.006388078840479273,94.87498115454673
ucb1,0,0,8,80,89,5,hard_capacity_control,-99.25165350099708,-16.938340869839507,91.8341807847332,88.89833020409596,1,0,0.006388078840479273,94.87498115454673
softmax,0,0,8,80,89,5,hard_capacity_control,-99.25165350099708,-16.938340869839507,91.8341807847332,88.89833020409596,1,0,0.006388078840479273,94.87498115454673
pac_successive_elimination,0,0,8,80,89,3,moderate_taxation,-99.05680515120808,-10.775922054862603,114.47649250161435,110.75147613375808,1,0,0.004763320119562626,118.31958340245376
epsilon_greedy,0,0,9,90,99,7,weak_capacity_control,-99.18276509195469,-6.7871588366287305,98.88264802583322,95.58095203871821,1,0,0.0026759910623900696,102.2725195939485
ucb1,0,0,9,90,99,7,weak_capacity_control,-99.18276509195469,-6.7871588366287305,98.88264802583322,95.58095203871821,1,0,0.0026759910623900696,102.2725195939485
softmax,0,0,9,90,99,7,weak_capacity_control,-99.18276509195469,-6.7871588366287305,98.88264802583322,95.58095203871821,1,0,0.0026759910623900696,102.2725195939485
pac_successive_elimination,0,0,9,90,99,4,high_taxation,-8.976263807111083,-4.201346870471051,123.35250477112646,119.20811426730057,1,0,0.0019953733173236885,127.60108023224724
epsilon_greedy,0,0,10,100,109,11,strong_marine_reserve,-99.11430741337455,-3.4859539636496613,106.70142487069262,103.05767664122041,1,0,0.0011209830599796225,110.42594177988168
ucb1,0,0,10,100,109,11,strong_marine_reserve,-99.11430741337455,-3.4859539636496613,106.70142487069262,103.05767664122041,1,0,0.0011209830599796225,110.42594177988168
softmax,0,0,10,100,109,11,strong_marine_reserve,-99.11430741337455,-3.4859539636496613,106.70142487069262,103.05767664122041,1,0,0.0011209830599796225,110.42594177988168
pac_successive_elimination,0,0,10,100,109,5,hard_capacity_control,1.1076059397244058,-1.615582605952471,133.106582679643,128.57663358915298,0,,0.0008358696404080706,137.73843866308047
epsilon_greedy,0,0,11,110,119,5,hard_capacity_control,-99.04091027271251,-1.0567441991993751,115.21757657840318,111.27594730911825,1,0,0.0004695841620782316,119.24475746725604
ucb1,0,0,11,110,119,5,hard_capacity_control,-99.04091027271251,-1.0567441991993751,115.21757657840318,111.27594730911825,1,0,0.0004695841620782316,119.24475746725604
softmax,0,0,11,110,119,5,hard_capacity_control,-99.04091027271251,-1.0567441991993751,115.21757657840318,111.27594730911825,1,0,0.0004695841620782316,119.24475746725604
pac_successive_elimination,0,0,11,110,119,7,weak_capacity_control,1.1970105939050113,-0.6109207654750932,143.71458176045834,138.79901078907986,0,,0.0003501490421316374,148.73530135201835
epsilon_greedy,0,1,0,0,9,7,weak_capacity_control,10.490521369403732,3448.0349987194627,845.0983644821124,685.0617923614428,0,,2.0946658360156425,685.0617923614428
ucb1,0,1,0,0,9,7,weak_capacity_control,10.490521369403732,3448.0349987194627,845.0983644821124,685.0617923614428,0,,2.0946658360156425,685.0617923614428
softmax,0,1,0,0,9,7,weak_capacity_control,10.490521369403732,3448.0349987194627,845.0983644821124,685.0617923614428,0,,2.0946658360156425,685.0617923614428
pac_successive_elimination,0,1,0,0,9,10,moderate_marine_reserve,10.141336477120525,2989.221945950384,858.253743740417,717.9373143653968,0,,1.8586333167843792,717.9373143653968
epsilon_greedy,0,1,1,10,19,7,weak_capacity_control,7.172915297017182,3721.5387171817497,414.165189580252,210.99693960739452,0,,2.433656061354898,210.99693960739452
ucb1,0,1,1,10,19,7,weak_capacity_control,7.172915297017182,3721.5387171817497,414.165189580252,210.99693960739452,0,,2.433656061354898,210.99693960739452
softmax,0,1,1,10,19,7,weak_capacity_control,7.172915297017182,3721.5387171817497,414.165189580252,210.99693960739452,0,,2.433656061354898,210.99693960739452
pac_successive_elimination,0,1,1,10,19,11,strong_marine_reserve,6.483554683924766,1955.6407571935695,543.3496712077435,424.21809979929606,0,,1.587311859591302,424.21809979929606
epsilon_greedy,0,1,2,20,29,7,weak_capacity_control,-50.58587411208708,-1652.3190888752126,127.9733972145757,92.3055313030015,1,5,1.0194679858754725,92.3055313030015
ucb1,0,1,2,20,29,7,weak_capacity_control,-50.58587411208708,-1652.3190888752126,127.9733972145757,92.3055313030015,1,5,1.0194679858754725,92.3055313030015
softmax,0,1,2,20,29,7,weak_capacity_control,-50.58587411208708,-1652.3190888752126,127.9733972145757,92.3055313030015,1,5,1.0194679858754725,92.3055313030015
pac_successive_elimination,0,1,2,20,29,1,baseline_laissez_faire,3.47299757189261,1094.9615407985327,285.3643237312893,204.13018393378988,0,,1.0865855213269806,204.13018393378988
epsilon_greedy,0,1,3,30,39,11,strong_marine_reserve,-100.70539792766372,-1408.5079395189,84.37320142261937,80.5121429480269,1,0,0.42705910285711063,80.5121429480269
ucb1,0,1,3,30,39,7,weak_capacity_control,-100.55626119379933,-1199.919120068375,77.23895115228476,69.61524112997978,1,0,0.42705910285711063,69.61524112997978
softmax,0,1,3,30,39,7,weak_capacity_control,-100.55626119379933,-1199.919120068375,77.23895115228476,69.61524112997978,1,0,0.42705910285711063,69.61524112997978
pac_successive_elimination,0,1,3,30,39,3,moderate_taxation,0.8813439175970361,-509.22045919473544,166.8677252150126,148.2063821349172,0,,0.45517489940297945,148.2063821349172
epsilon_greedy,0,1,4,40,49,7,weak_capacity_control,-99.87510828716879,-513.4427103907245,76.60013078663175,74.95327320243389,1,0,0.17889671854334988,74.95327320243389
ucb1,0,1,4,40,49,7,weak_capacity_control,-99.99275753515425,-544.7100541464667,66.23430227906685,64.81157573410937,1,0,0.17889671854334988,64.81157573410937
softmax,0,1,4,40,49,7,weak_capacity_control,-99.99275753515425,-544.7100541464667,66.23430227906685,64.81157573410937,1,0,0.17889671854334988,64.81157573410937
pac_successive_elimination,0,1,4,40,49,4,high_taxation,0.8325884917844175,-332.3437880873488,139.79187358461195,136.0640890081892,0,,0.19067453502738657,136.0640890081892
epsilon_greedy,0,1,5,50,59,7,weak_capacity_control,-99.591097747303,-218.21836664155998,75.25447432062774,74.8328842484042,1,0,0.074940530927605,76.10808000000034
ucb1,0,1,5,50,59,7,weak_capacity_control,-99.6886091012348,-230.8885876618605,65.07353837124532,64.70802322165552,1,0,0.074940530927605,65.81291244353963
softmax,0,1,5,50,59,7,weak_capacity_control,-99.6886091012348,-230.8885876618605,65.07353837124532,64.70802322165552,1,0,0.074940530927605,65.81291244353963
pac_successive_elimination,0,1,5,50,59,5,hard_capacity_control,0.986525658718135,-147.845145547314,136.12449651185392,135.57360315714942,0,,0.07987430404355923,137.36680036737533
epsilon_greedy,0,1,6,60,69,7,weak_capacity_control,-99.43885628084341,-90.15553708023171,78.15591074842035,76.41413051124577,1,0,0.03139287976570931,80.12335511972626
ucb1,0,1,6,60,69,7,weak_capacity_control,-99.53242042209965,-95.63170556904626,67.58535401632729,66.07784570581023,1,0,0.03139287976570931,69.28806030275011
softmax,0,1,6,60,69,7,weak_capacity_control,-99.53242042209965,-95.63170556904626,67.58535401632729,66.07784570581023,1,0,0.03139287976570931,69.28806030275011
pac_successive_elimination,0,1,6,60,69,7,weak_capacity_control,1.1139657419596858,-59.679063373304025,140.83737663995876,137.8698565935431,0,,0.03345965650592302,144.2384155519561
epsilon_greedy,0,1,7,70,79,7,weak_capacity_control,-99.34458993622601,-36.74962829653764,83.05916304846247,80.61987725029367,1,0,0.013150599385749199,85.63176822369218
ucb1,0,1,7,70,79,7,weak_capacity_control,-99.4406081626883,-39.18046241179946,71.82867596681893,69.71774923775551,1,0,0.013150599385749199,74.0549755342241
softmax,0,1,7,70,79,7,weak_capacity_control,-99.4406081626883,-39.18046241179946,71.82867596681893,69.71774923775551,1,0,0.013150599385749199,74.0549755342241
pac_successive_elimination,0,1,7,70,79,10,moderate_marine_reserve,1.2152620078946246,-32.23290823545913,149.69938993561004,145.1727306248206,0,,0.014016380197614167,154.43842016466544
epsilon_greedy,0,1,8,80,89,7,weak_capacity_control,-99.27218605470974,-14.853853937759881,89.12013590736379,86.24033522868635,1,0,0.005508837210703079,92.0965130294148
ucb1,0,1,8,80,89,11,strong_marine_reserve,-99.37571849900709,-18.733611602433704,77.1618135114413,74.60110326583398,1,0,0.005508837210703079,79.79479106786124
softmax,0,1,8,80,89,11,strong_marine_reserve,-99.37571849900709,-18.733611602433704,77.1618135114413,74.60110326583398,1,0,0.005508837210703079,79.79479106786124
pac_successive_elimination,0,1,8,80,89,11,strong_marine_reserve,1.3254559175747809,-15.119502584619061,160.869050419128,155.5681618028492,0,,0.005871516158849192,166.32147432477225
epsilon_greedy,0,1,9,90,99,5,hard_capacity_control,-99.20591485314618,-5.96275577394752,96.00574831533282,92.78596452626654,1,0,0.002307673325286836,99.3088211377408
ucb1,0,1,9,90,99,5,hard_capacity_control,-99.31324682480468,-6.44900135406356,83.18426118592572,80.3925586088605,1,0,0.002307673325286836,86.04824874319331
softmax,0,1,9,90,99,5,hard_capacity_control,-99.31324682480468,-6.44900135406356,83.18426118592572,80.3925586088605,1,0,0.002307673325286836,86.04824874319331
pac_successive_elimination,0,1,9,90,99,4,high_taxation,1.4414219711350111,-2.996383344372814,173.33020253752605,167.5568700525274,0,,0.002459600946719137,179.25500402108943
epsilon_greedy,0,1,10,100,109,7,weak_capacity_control,-99.1390889263102,-2.374557286692068,103.59427571718008,100.06786205925833,1,0,0.0009666933279302226,107.20113722243556
ucb1,0,1,10,100,109,7,weak_capacity_control,-99.25456121836376,-2.5972512483213244,89.7643239461466,86.70641139551137,1,0,0.0009666933279302226,92.8921199328942
softmax,0,1,10,100,109,7,weak_capacity_control,-99.25456121836376,-2.5972512483213244,89.7643239461466,86.70641139551137,1,0,0.0009666933279302226,92.8921199328942
pac_successive_elimination,0,1,10,100,109,4,high_taxation,1.5568723522673862,-1.0068935879298633,186.94550950263795,180.61698003898144,0,,0.001030336399225272,193.41874213456222
epsilon_greedy,0,1,11,110,119,7,weak_capacity_control,-99.06878948365477,-0.9354482351112612,111.85751574963933,108.02730834814129,1,0,0.0004049515934620661,115.77033179346006
ucb1,0,1,11,110,119,7,weak_capacity_control,-99.19328722653104,-1.040369611373566,96.93037716964011,93.60859316459894,1,0,0.0004049515934620661,100.32390987286836
softmax,0,1,11,110,119,7,weak_capacity_control,-99.19328722653104,-1.040369611373566,96.93037716964011,93.60859316459894,1,0,0.0004049515934620661,100.32390987286836
pac_successive_elimination,0,1,11,110,119,4,high_taxation,1.6811487446008517,-0.3081172795188477,201.77482342564446,194.90147115635418,0,,0.00043161192346447843,208.79569259277622
epsilon_greedy,0,2,0,0,9,7,weak_capacity_control,10.490521369403732,3448.0349987194627,845.0983644821124,685.0617923614428,0,,2.0946658360156425,685.0617923614428
ucb1,0,2,0,0,9,7,weak_capacity_control,10.490521369403732,3448.0349987194627,845.0983644821124,685.0617923614428,0,,2.0946658360156425,685.0617923614428
softmax,0,2,0,0,9,7,weak_capacity_control,10.490521369403732,3448.0349987194627,845.0983644821124,685.0617923614428,0,,2.0946658360156425,685.0617923614428
pac_successive_elimination,0,2,0,0,9,4,high_taxation,9.919364828836628,2630.4171257777757,874.6737243670624,769.2682333080999,0,,1.1885390363166835,769.2682333080999
epsilon_greedy,0,2,1,10,19,7,weak_capacity_control,7.172915297017182,3721.5387171817497,414.165189580252,210.99693960739452,0,,2.433656061354898,210.99693960739452
ucb1,0,2,1,10,19,7,weak_capacity_control,7.172915297017182,3721.5387171817497,414.165189580252,210.99693960739452,0,,2.433656061354898,210.99693960739452
softmax,0,2,1,10,19,7,weak_capacity_control,7.172915297017182,3721.5387171817497,414.165189580252,210.99693960739452,0,,2.433656061354898,210.99693960739452
pac_successive_elimination,0,2,1,10,19,4,high_taxation,8.016056187162523,2735.0675641583553,633.7186347605001,520.5969804335092,0,,1.2892753952149958,520.5969804335092
epsilon_greedy,0,2,2,20,29,7,weak_capacity_control,-50.58587411208708,-1652.3190888752126,127.9733972145757,92.3055313030015,1,5,1.0194679858754725,92.3055313030015
ucb1,0,2,2,20,29,7,weak_capacity_control,-50.58587411208708,-1652.3190888752126,127.9733972145757,92.3055313030015,1,5,1.0194679858754725,92.3055313030015
softmax,0,2,2,20,29,7,weak_capacity_control,-50.58587411208708,-1652.3190888752126,127.9733972145757,92.3055313030015,1,5,1.0194679858754725,92.3055313030015
pac_successive_elimination,0,2,2,20,29,4,high_taxation,5.142199588350904,1858.947858809066,393.9902075450205,305.5567624125514,0,,1.042468553486391,305.5567624125514
epsilon_greedy,0,2,3,30,39,7,weak_capacity_control,-100.55626119379933,-1199.919120068375,77.23895115228476,69.61524112997978,1,0,0.42705910285711063,69.61524112997978
ucb1,0,2,3,30,39,7,weak_capacity_control,-100.55626119379933,-1199.919120068375,77.23895115228476,69.61524112997978,1,0,0.42705910285711063,69.61524112997978
softmax,0,2,3,30,39,7,weak_capacity_control,-100.55626119379933,-1199.919120068375,77.23895115228476,69.61524112997978,1,0,0.42705910285711063,69.61524112997978
pac_successive_elimination,0,2,3,30,39,4,high_taxation,2.2708133466232523,205.67214235832427,247.81694451179135,217.37186359829838,0,,0.4859695748899937,217.37186359829838
epsilon_greedy,0,2,4,40,49,7,weak_capacity_control,-99.99275753515425,-544.7100541464667,66.23430227906685,64.81157573410937,1,0,0.17889671854334988,64.81157573410937
ucb1,0,2,4,40,49,7,weak_capacity_control,-99.99275753515425,-544.7100541464667,66.23430227906685,64.81157573410937,1,0,0.17889671854334988,64.81157573410937
softmax,0,2,4,40,49,7,weak_capacity_control,-99.99275753515425,-544.7100541464667,66.23430227906685,64.81157573410937,1,0,0.17889671854334988,64.81157573410937
pac_successive_elimination,0,2,4,40,49,4,high_taxation,1.5766261051513193,-116.76127268202112,203.20648534000082,196.68638115261598,0,,0.20357454431504118,196.68638115261598
epsilon_greedy,0,2,5,50,59,7,weak_capacity_control,-99.6886091012348,-230.8885876618605,65.07353837124532,64.70802322165552,1,0,0.074940530927605,65.81291244353963
ucb1,0,2,5,50,59,7,weak_capacity_control,-99.6886091012348,-230.8885876618605,65.07353837124532,64.70802322165552,1,0,0.074940530927605,65.81291244353963
softmax,0,2,5,50,59,7,weak_capacity_control,-99.6886091012348,-230.8885876618605,65.07353837124532,64.70802322165552,1,0,0.074940530927605,65.81291244353963
pac_successive_elimination,0,2,5,50,59,4,high_taxation,1.5677566308093622,-65.81708149942209,196.02884547705412,195.42318102032664,0,,0.08527816808790509,197.35778671562124
epsilon_greedy,0,2,6,60,69,7,weak_capacity_control,-99.53242042209965,-95.63170556904626,67.58535401632729,66.07784570581023,1,0,0.03139287976570931,69.28806030275011
ucb1,0,2,6,60,69,7,weak_capacity_control,-99.53242042209965,-95.63170556904626,67.58535401632729,66.07784570581023,1,0,0.03139287976570931,69.28806030275011
softmax,0,2,6,60,69,7,weak_capacity_control,-99.53242042209965,-95.63170556904626,67.58535401632729,66.07784570581023,1,0,0.03139287976570931,69.28806030275011
pac_successive_elimination,0,2,6,60,69,4,high_taxation,1.6587213250846133,-24.67915656505823,202.0080577979606,198.0062227450955,0,,0.03572335616369926,206.67399071262756
epsilon_greedy,0,2,7,70,79,7,weak_capacity_control,-99.4406081626883,-39.18046241179946,71.82867596681893,69.71774923775551,1,0,0.013150599385749199,74.0549755342241
ucb1,0,2,7,70,79,7,weak_capacity_control,-99.4406081626883,-39.18046241179946,71.82867596681893,69.71774923775551,1,0,0.013150599385749199,74.0549755342241
softmax,0,2,7,70,79,7,weak_capacity_control,-99.4406081626883,-39.18046241179946,71.82867596681893,69.71774923775551,1,0,0.013150599385749199,74.0549755342241
pac_successive_elimination,0,2,7,70,79,4,high_taxation,1.7753078932624247,-7.285706627595067,213.9112319868024,207.88361442430215,0,,0.014964652785259661,220.3148506356031
epsilon_greedy,0,2,8,80,89,7,weak_capacity_control,-99.37366293301451,-15.944921997493587,77.07383867795733,74.58162591951854,1,0,0.005508837210703079,79.64967390423702
ucb1,0,2,8,80,89,7,weak_capacity_control,-99.37366293301451,-15.944921997493587,77.07383867795733,74.58162591951854,1,0,0.005508837210703079,79.64967390423702
softmax,0,2,8,80,89,7,weak_capacity_control,-99.37366293301451,-15.944921997493587,77.07383867795733,74.58162591951854,1,0,0.005508837210703079,79.64967390423702
pac_successive_elimination,0,2,8,80,89,4,high_taxation,1.907742558249175,-1.3617897196225237,229.09252175625568,221.84072939326833,0,,0.0062687512325882745,236.60503615716573
epsilon_greedy,0,2,9,90,99,7,weak_capacity_control,-99.31451300257245,-6.454737461944177,83.03300818673988,80.24635914358844,1,0,0.002307673325286836,85.89181217855817
ucb1,0,2,9,90,99,7,weak_capacity_control,-99.31451300257245,-6.454737461944177,83.03300818673988,80.24635914358844,1,0,0.002307673325286836,85.89181217855817
softmax,0,2,9,90,99,7,weak_capacity_control,-99.31451300257245,-6.454737461944177,83.03300818673988,80.24635914358844,1,0,0.002307673325286836,85.89181217855817
pac_successive_elimination,0,2,9,90,99,4,high_taxation,2.0544502885825997,0.25373994447348436,246.50358583657513,238.34941388412904,0,,0.0027145929954563446,254.86987137034325
epsilon_greedy,0,2,10,100,109,7,weak_capacity_control,-99.25592347181272,-2.599842803163998,89.60116451885206,86.54878388327663,1,0,0.0009666933279302226,92.72330322384406
ucb1,0,2,10,100,109,11,strong_marine_reserve,-99.25634310051265,-3.168958047062051,89.619102904132,86.55274808815312,1,0,0.0009666933279302226,92.7529159598721
softmax,0,2,10,100,109,5,hard_capacity_control,-99.25592347181272,-2.599842803163998,89.60116451885206,86.54878388327663,1,0,0.0009666933279302226,92.72330322384406
pac_successive_elimination,0,2,10,100,109,4,high_taxation,2.2148261741662387,0.5275671545474201,265.71583284140297,256.7919976035136,0,,0.0012909343743414737,274.83783924372165
epsilon_greedy,0,2,11,110,119,5,hard_capacity_control,-99.19475604112942,-1.041541357824805,96.75426002740817,93.43848090116123,1,0,0.0004049515934620661,100.14165942958724
ucb1,0,2,11,110,119,7,weak_capacity_control,-99.19449839108118,-1.041335817588956,96.78515336836747,93.46832089668426,1,0,0.0004049515934620661,100.17362864350152
softmax,0,2,11,110,119,11,strong_marine_reserve,-99.19494587619546,-1.2989914714749031,96.76237383312076,93.44027360113263,1,0,0.0004049515934620661,100.1550548378746
pac_successive_elimination,0,2,11,110,119,4,high_taxation,2.388758205485072,0.4840233778905796,286.59290185286176,276.9253775931026,0,,0.0006796465213188615,296.46081144311785
epsilon_greedy,0,3,0,0,9,10,moderate_marine_reserve,10.141336477120525,2989.221945950384,858.253743740417,717.9373143653968,0,,1.8586333167843792,717.9373143653968
ucb1,0,3,0,0,9,5,hard_capacity_control,10.490521369403732,3448.0349987194627,845.0983644821124,685.0617923614428,0,,2.0946658360156425,685.0617923614428
softmax,0,3,0,0,9,7,weak_capacity_control,10.490521369403732,3448.0349987194627,845.0983644821124,685.0617923614428,0,,2.0946658360156425,685.0617923614428
pac_successive_elimination,0,3,0,0,9,4,high_taxation,9.919364828836628,2630.4171257777757,874.6737243670624,769.2682333080999,0,,1.1885390363166835,769.2682333080999
epsilon_greedy,0,3,1,10,19,10,moderate_marine_reserve,7.127733328480125,2921.3977284834473,504.76027199960123,343.6903195122631,0,,2.0289373677395695,343.6903195122631
ucb1,0,3,1,10,19,5,hard_capacity_control,7.172915297017182,3721.5387171817497,414.165189580252,210.99693960739452,0,,2.433656061354898,210.99693960739452
softmax,0,3,1,10,19,7,weak_capacity_control,7.172915297017182,3721.5387171817497,414.165189580252,210.99693960739452,0,,2.433656061354898,210.99693960739452
pac_successive_elimination,0,3,1,10,19,4,high_taxation,8.016056187162523,2735.0675641583553,633.7186347605001,520.5969804335092,0,,1.2892753952149958,520.5969804335092
epsilon_greedy,0,3,2,20,29,10,moderate_marine_reserve,1.6215622956321631,-485.9233648339205,252.89827925593005,209.08185438340635,0,,0.8638564511867963,209.08185438340635
ucb1,0,3,2,20,29,5,hard_capacity_control,-50.58587411208708,-1652.3190888752126,127.9733972145757,92.3055313030015,1,5,1.0194679858754725,92.3055313030015
softmax,0,3,2,20,29,7,weak_capacity_control,-50.58587411208708,-1652.3190888752126,127.9733972145757,92.3055313030015,1,5,1.0194679858754725,92.3055313030015
pac_successive_elimination,0,3,2,20,29,4,high_taxation,5.142199588350904,1858.947858809066,393.9902075450205,305.5567624125514,0,,1.042468553486391,305.5567624125514
epsilon_greedy,0,3,3,30,39,10,moderate_marine_reserve,0.9672383272416981,-606.7390048722704,188.87727985367619,178.93505424515072,0,,0.361872825976336,178.93505424515072
ucb1,0,3,3,30,39,5,hard_capacity_control,-100.55626119379933,-1199.919120068375,77.23895115228476,69.61524112997978,1,0,0.42705910285711063,69.61524112997978
softmax,0,3,3,30,39,7,weak_capacity_control,-100.55626119379933,-1199.919120068375,77.23895115228476,69.61524112997978,1,0,0.42705910285711063,69.61524112997978
pac_successive_elimination,0,3,3,30,39,4,high_taxation,2.2708133466232523,205.67214235832427,247.81694451179135,217.37186359829838,0,,0.4859695748899937,217.37186359829838
epsilon_greedy,0,3,4,40,49,10,moderate_marine_reserve,1.1750070435652051,-290.3289880323397,175.84032379170537,175.09340638544796,0,,0.15158993372127189,175.5218978626695
ucb1,0,3,4,40,49,5,hard_capacity_control,-99.99275753515425,-544.7100541464667,66.23430227906685,64.81157573410937,1,0,0.17889671854334988,64.81157573410937
softmax,0,3,4,40,49,7,weak_capacity_control,-99.99275753515425,-544.7100541464667,66.23430227906685,64.81157573410937,1,0,0.17889671854334988,64.81157573410937
pac_successive_elimination,0,3,4,40,49,4,high_taxation,1.5766261051513193,-116.76127268202112,203.20648534000082,196.68638115261598,0,,0.20357454431504118,196.68638115261598
epsilon_greedy,0,3,5,50,59,10,moderate_marine_reserve,1.3676703239092038,-120.7345644448584,178.6085866024875,175.86117020824744,0,,0.06350161260000854,182.09362955895108
ucb1,0,3,5,50,59,5,hard_capacity_control,-99.6886091012348,-230.8885876618605,65.07353837124532,64.70802322165552,1,0,0.074940530927605,65.81291244353963
softmax,0,3,5,50,59,7,weak_capacity_control,-99.6886091012348,-230.8885876618605,65.07353837124532,64.70802322165552,1,0,0.074940530927605,65.81291244353963
pac_successive_elimination,0,3,5,50,59,4,high_taxation,1.5677566308093622,-65.81708149942209,196.02884547705412,195.42318102032664,0,,0.08527816808790509,197.35778671562124
epsilon_greedy,0,3,6,60,69,10,moderate_marine_reserve,1.51929160340402,-47.49443051733613,188.01432407056276,183.05723345934055,0,,0.026601072405084834,193.36490032596984
ucb1,0,3,6,60,69,5,hard_capacity_control,-99.53242042209965,-95.63170556904626,67.58535401632729,66.07784570581023,1,0,0.03139287976570931,69.28806030275011
softmax,0,3,6,60,69,7,weak_capacity_control,-99.53242042209965,-95.63170556904626,67.58535401632729,66.07784570581023,1,0,0.03139287976570931,69.28806030275011
pac_successive_elimination,0,3,6,60,69,4,high_taxation,1.6587213250846133,-24.67915656505823,202.0080577979606,198.0062227450955,0,,0.03572335616369926,206.67399071262756
epsilon_greedy,0,3,7,70,79,10,moderate_marine_reserve,1.6559011619168267,-18.033799328860866,200.8721953494825,194.6598874117679,0,,0.011143292652389596,207.34108199536126
ucb1,0,3,7,70,79,5,hard_capacity_control,-99.4406081626883,-39.18046241179946,71.82867596681893,69.71774923775551,1,0,0.013150599385749199,74.0549755342241
softmax,0,3,7,70,79,7,weak_capacity_control,-99.4406081626883,-39.18046241179946,71.82867596681893,69.71774923775551,1,0,0.013150599385749199,74.0549755342241
pac_successive_elimination,0,3,7,70,79,4,high_taxation,1.7753078932624247,-7.285706627595067,213.9112319868024,207.88361442430215,0,,0.014964652785259661,220.3148506356031
epsilon_greedy,0,3,8,80,89,10,moderate_marine_reserve,1.7928611879758045,-6.626812509469089,215.93856005823284,208.85131339146886,0,,0.004667968615921819,223.2288800206255
ucb1,0,3,8,80,89,5,hard_capacity_control,-99.37366293301451,-15.944921997493587,77.07383867795733,74.58162591951854,1,0,0.005508837210703079,79.64967390423702
softmax,0,3,8,80,89,7,weak_capacity_control,-99.37366293301451,-15.944921997493587,77.07383867795733,74.58162591951854,1,0,0.005508837210703079,79.64967390423702
pac_successive_elimination,0,3,8,80,89,4,high_taxation,1.907742558249175,-1.3617897196225237,229.09252175625568,221.84072939326833,0,,0.0062687512325882745,236.60503615716573
epsilon_greedy,0,3,9,90,99,10,moderate_marine_reserve,1.9370591983957808,-2.340624231192755,232.72797871523682,224.9089674712542,0,,0.0019554302017329127,240.73288283252904
ucb1,0,3,9,90,99,5,hard_capacity_control,-99.31451300257245,-6.454737461944177,83.03300818673988,80.24635914358844,1,0,0.002307673325286836,85.89181217855817
softmax,0,3,9,90,99,7,weak_capacity_control,-99.31451300257245,-6.454737461944177,83.03300818673988,80.24635914358844,1,0,0.002307673325286836,85.89181217855817
pac_successive_elimination,0,3,9,90,99,4,high_taxation,2.0544502885825997,0.25373994447348436,246.50358583657513,238.34941388412904,0,,0.0027145929954563446,254.86987137034325
epsilon_greedy,0,3,10,100,109,7,weak_capacity_control,2.0921878573511674,0.14929887804906433,251.0446270167742,242.56162500902505,0,,0.000893812579082104,259.7115007942761
ucb1,0,3,10,100,109,7,weak_capacity_control,-99.25592347181272,-2.599842803163998,89.60116451885206,86.54878388327663,1,0,0.0009666933279302226,92.72330322384406
softmax,0,3,10,100,109,7,weak_capacity_control,-99.25592347181272,-2.599842803163998,89.60116451885206,86.54878388327663,1,0,0.0009666933279302226,92.72330322384406
pac_successive_elimination,0,3,10,100,109,4,high_taxation,2.2148261741662387,0.5275671545474201,265.71583284140297,256.7919976035136,0,,0.0012909343743414737,274.83783924372165
epsilon_greedy,0,3,11,110,119,10,moderate_marine_reserve,2.257134962332894,-0.25789765132482945,270.88714319810623,261.696902864702,0,,0.0003744215644176485,280.26543304309763
ucb1,0,3,11,110,119,5,hard_capacity_control,-99.19475604112942,-1.041541357824805,96.75426002740817,93.43848090116123,1,0,0.0004049515934620661,100.14165942958724
softmax,0,3,11,110,119,7,weak_capacity_control,-99.19475604112942,-1.041541357824805,96.75426002740817,93.43848090116123,1,0,0.0004049515934620661,100.14165942958724
pac_successive_elimination,0,3,11,110,119,4,high_taxation,2.388758205485072,0.4840233778905796,286.59290185286176,276.9253775931026,0,,0.0006796465213188615,296.46081144311785
epsilon_greedy,0,4,0,0,9,10,moderate_marine_reserve,10.141336477120525,2989.221945950384,858.253743740417,717.9373143653968,0,,1.8586333167843792,717.9373143653968
ucb1,0,4,0,0,9,7,weak_capacity_control,10.490521369403732,3448.0349987194627,845.0983644821124,685.0617923614428,0,,2.0946658360156425,685.0617923614428
softmax,0,4,0,0,9,7,weak_capacity_control,10.490521369403732,3448.0349987194627,845.0983644821124,685.0617923614428,0,,2.0946658360156425,685.0617923614428
pac_successive_elimination,0,4,0,0,9,4,high_taxation,9.919364828836628,2630.4171257777757,874.6737243670624,769.2682333080999,0,,1.1885390363166835,769.2682333080999
epsilon_greedy,0,4,1,10,19,10,moderate_marine_reserve,7.127733328480125,2921.3977284834473,504.76027199960123,343.6903195122631,0,,2.0289373677395695,343.6903195122631
ucb1,0,4,1,10,19,7,weak_capacity_control,7.172915297017182,3721.5387171817497,414.165189580252,210.99693960739452,0,,2.433656061354898,210.99693960739452
softmax,0,4,1,10,19,7,weak_capacity_control,7.172915297017182,3721.5387171817497,414.165189580252,210.99693960739452,0,,2.433656061354898,210.99693960739452
pac_successive_elimination,0,4,1,10,19,4,high_taxation,8.016056187162523,2735.0675641583553,633.7186347605001,520.5969804335092,0,,1.2892753952149958,520.5969804335092
epsilon_greedy,0,4,2,20,29,10,moderate_marine_reserve,1.6215622956321631,-485.9233648339205,252.89827925593005,209.08185438340635,0,,0.8638564511867963,209.08185438340635
ucb1,0,4,2,20,29,7,weak_capacity_control,-50.58587411208708,-1652.3190888752126,127.9733972145757,92.3055313030015,1,5,1.0194679858754725,92.3055313030015
softmax,0,4,2,20,29,7,weak_capacity_control,-50.58587411208708,-1652.3190888752126,127.9733972145757,92.3055313030015,1,5,1.0194679858754725,92.3055313030015
pac_successive_elimination,0,4,2,20,29,4,high_taxation,5.142199588350904,1858.947858809066,393.9902075450205,305.5567624125514,0,,1.042468553486391,305.5567624125514
epsilon_greedy,0,4,3,30,39,4,high_taxation,1.161606204447511,-335.0510586809288,179.5988715754128,164.74949950644228,0,,0.361872825976336,164.74949950644228
ucb1,0,4,3,30,39,7,weak_capacity_control,-100.55626119379933,-1199.919120068375,77.23895115228476,69.61524112997978,1,0,0.42705910285711063,69.61524112997978
softmax,0,4,3,30,39,7,weak_capacity_control,-100.55626119379933,-1199.919120068375,77.23895115228476,69.61524112997978,1,0,0.42705910285711063,69.61524112997978
pac_successive_elimination,0,4,3,30,39,4,high_taxation,2.2708133466232523,205.67214235832427,247.81694451179135,217.37186359829838,0,,0.4859695748899937,217.37186359829838
epsilon_greedy,0,4,4,40,49,10,moderate_marine_reserve,1.0307769822750794,-318.8450578974866,161.95464482070793,161.2812789442872,0,,0.15158993372127189,161.6958923350549
ucb1,0,4,4,40,49,7,weak_capacity_control,-99.99275753515425,-544.7100541464667,66.23430227906685,64.81157573410937,1,0,0.17889671854334988,64.81157573410937
softmax,0,4,4,40,49,7,weak_capacity_control,-99.99275753515425,-544.7100541464667,66.23430227906685,64.81157573410937,1,0,0.17889671854334988,64.81157573410937
pac_successive_elimination,0,4,4,40,49,4,high_taxation,1.5766261051513193,-116.76127268202112,203.20648534000082,196.68638115261598,0,,0.20357454431504118,196.68638115261598
epsilon_greedy,0,4,5,50,59,10,moderate_marine_reserve,1.238689467299662,-132.69075217523513,164.56562633698766,162.0141477658737,0,,0.06350161260000854,167.7937191944925
ucb1,0,4,5,50,59,7,weak_capacity_control,-99.6886091012348,-230.8885876618605,65.07353837124532,64.70802322165552,1,0,0.074940530927605,65.81291244353963
softmax,0,4,5,50,59,7,weak_capacity_control,-99.6886091012348,-230.8885876618605,65.07353837124532,64.70802322165552,1,0,0.074940530927605,65.81291244353963
pac_successive_elimination,0,4,5,50,59,4,high_taxation,1.5677566308093622,-65.81708149942209,196.02884547705412,195.42318102032664,0,,0.08527816808790509,197.35778671562124
epsilon_greedy,0,4,6,60,69,10,moderate_marine_reserve,1.3911344900468297,-52.732634318296476,173.26405492381508,168.68464525483577,0,,0.026601072405084834,178.20503510156485
ucb1,0,4,6,60,69,7,weak_capacity_control,-99.53242042209965,-95.63170556904626,67.58535401632729,66.07784570581023,1,0,0.03139287976570931,69.28806030275011
softmax,0,4,6,60,69,7,weak_capacity_control,-99.53242042209965,-95.63170556904626,67.58535401632729,66.07784570581023,1,0,0.03139287976570931,69.28806030275011
pac_successive_elimination,0,4,6,60,69,4,high_taxation,1.6587213250846133,-24.67915656505823,202.0080577979606,198.0062227450955,0,,0.03572335616369926,206.67399071262756
epsilon_greedy,0,4,7,70,79,10,moderate_marine_reserve,1.5224127518011734,-20.37089747310583,185.13403791291353,179.4004546824076,0,,0.011143292652389596,191.10387280669391
ucb1,0,4,7,70,79,7,weak_capacity_control,-99.4406081626883,-39.18046241179946,71.82867596681893,69.71774923775551,1,0,0.013150599385749199,74.0549755342241
softmax,0,4,7,70,79,7,weak_capacity_control,-99.4406081626883,-39.18046241179946,71.82867596681893,69.71774923775551,1,0,0.013150599385749199,74.0549755342241
pac_successive_elimination,0,4,7,70,79,4,high_taxation,1.7753078932624247,-7.285706627595067,213.9112319868024,207.88361442430215,0,,0.014964652785259661,220.3148506356031
epsilon_greedy,0,4,8,80,89,10,moderate_marine_reserve,1.6509660398210404,-7.677420531226716,199.03721524227205,192.49747755893793,0,,0.004667968615921819,205.7642804893597
ucb1,0,4,8,80,89,7,weak_capacity_control,-99.37366293301451,-15.944921997493587,77.07383867795733,74.58162591951854,1,0,0.005508837210703079,79.64967390423702
softmax,0,4,8,80,89,7,weak_capacity_control,-99.37366293301451,-15.944921997493587,77.07383867795733,74.58162591951854,1,0,0.005508837210703079,79.64967390423702
pac_successive_elimination,0,4,8,80,89,4,high_taxation,1.907742558249175,-1.3617897196225237,229.09252175625568,221.84072939326833,0,,0.0062687512325882745,236.60503615716573
epsilon_greedy,0,4,9,90,99,10,moderate_marine_reserve,1.7849328743689776,-2.8143618875445044,214.52966835078263,207.31456754124164,0,,0.0019554302017329127,221.91647028548073
ucb1,0,4,9,90,99,7,weak_capacity_control,-99.31451300257245,-6.454737461944177,83.03300818673988,80.24635914358844,1,0,0.002307673325286836,85.89181217855817
softmax,0,4,9,90,99,7,weak_capacity_control,-99.31451300257245,-6.454737461944177,83.03300818673988,80.24635914358844,1,0,0.002307673325286836,85.89181217855817
pac_successive_elimination,0,4,9,90,99,4,high_taxation,2.0544502885825997,0.25373994447348436,246.50358583657513,238.34941388412904,0,,0.0027145929954563446,254.86987137034325
epsilon_greedy,0,4,10,100,109,10,moderate_marine_reserve,1.9278880267800658,-0.9945779585803199,231.4659125686375,223.61010671806372,0,,0.0008191373139928711,239.49303603076936
ucb1,0,4,10,100,109,7,weak_capacity_control,-99.25592347181272,-2.599842803163998,89.60116451885206,86.54878388327663,1,0,0.0009666933279302226,92.72330322384406
softmax,0,4,10,100,109,7,weak_capacity_control,-99.25592347181272,-2.599842803163998,89.60116451885206,86.54878388327663,1,0,0.0009666933279302226,92.72330322384406
pac_successive_elimination,0,4,10,100,109,4,high_taxation,2.2148261741662387,0.5275671545474201,265.71583284140297,256.7919976035136,0,,0.0012909343743414737,274.83783924372165
epsilon_greedy,0,4,11,110,119,10,moderate_marine_reserve,2.081596811235303,-0.332796933311481,249.83155298023377,241.32956545630898,0,,0.0003431398055429563,258.50802597604155
ucb1,0,4,11,110,119,7,weak_capacity_control,-99.19475604112942,-1.041541357824805,96.75426002740817,93.43848090116123,1,0,0.0004049515934620661,100.14165942958724
softmax,0,4,11,110,119,7,weak_capacity_control,-99.19475604112942,-1.041541357824805,96.75426002740817,93.43848090116123,1,0,0.0004049515934620661,100.14165942958724
pac_successive_elimination,0,4,11,110,119,4,high_taxation,2.388758205485072,0.4840233778905796,286.59290185286176,276.9253775931026,0,,0.0006796465213188615,296.46081144311785
epsilon_greedy,0,5,0,0,9,10,moderate_marine_reserve,10.141336477120525,2989.221945950384,858.253743740417,717.9373143653968,0,,1.8586333167843792,717.9373143653968
ucb1,0,5,0,0,9,5,hard_capacity_control,10.490521369403732,3448.0349987194627,845.0983644821124,685.0617923614428,0,,2.0946658360156425,685.0617923614428
softmax,0,5,0,0,9,7,weak_capacity_control,10.490521369403732,3448.0349987194627,845.0983644821124,685.0617923614428,0,,2.0946658360156425,685.0617923614428
pac_successive_elimination,0,5,0,0,9,4,high_taxation,9.919364828836628,2630.4171257777757,874.6737243670624,769.2682333080999,0,,1.1885390363166835,769.2682333080999
epsilon_greedy,0,5,1,10,19,10,moderate_marine_reserve,7.127733328480125,2921.3977284834473,504.76027199960123,343.6903195122631,0,,2.0289373677395695,343.6903195122631
ucb1,0,5,1,10,19,5,hard_capacity_control,7.172915297017182,3721.5387171817497,414.165189580252,210.99693960739452,0,,2.433656061354898,210.99693960739452
softmax,0,5,1,10,19,7,weak_capacity_control,7.172915297017182,3721.5387171817497,414.165189580252,210.99693960739452,0,,2.433656061354898,210.99693960739452
pac_successive_elimination,0,5,1,10,19,4,high_taxation,8.016056187162523,2735.0675641583553,633.7186347605001,520.5969804335092,0,,1.2892753952149958,520.5969804335092
epsilon_greedy,0,5,2,20,29,10,moderate_marine_reserve,1.6215622956321631,-485.9233648339205,252.89827925593005,209.08185438340635,0,,0.8638564511867963,209.08185438340635
ucb1,0,5,2,20,29,5,hard_capacity_control,-50.58587411208708,-1652.3190888752126,127.9733972145757,92.3055313030015,1,5,1.0194679858754725,92.3055313030015
softmax,0,5,2,20,29,7,weak_capacity_control,-50.58587411208708,-1652.3190888752126,127.9733972145757,92.3055313030015,1,5,1.0194679858754725,92.3055313030015
pac_successive_elimination,0,5,2,20,29,4,high_taxation,5.142199588350904,1858.947858809066,393.9902075450205,305.5567624125514,0,,1.042468553486391,305.5567624125514
epsilon_greedy,0,5,3,30,39,10,moderate_marine_reserve,0.9672383272416981,-606.7390048722704,188.87727985367619,178.93505424515072,0,,0.361872825976336,178.93505424515072
ucb1,0,5,3,30,39,5,hard_capacity_control,-100.55626119379933,-1199.919120068375,77.23895115228476,69.61524112997978,1,0,0.42705910285711063,69.61524112997978
softmax,0,5,3,30,39,7,weak_capacity_control,-100.55626119379933,-1199.919120068375,77.23895115228476,69.61524112997978,1,0,0.42705910285711063,69.61524112997978
pac_successive_elimination,0,5,3,30,39,4,high_taxation,2.2708133466232523,205.67214235832427,247.81694451179135,217.37186359829838,0,,0.4859695748899937,217.37186359829838
epsilon_greedy,0,5,4,40,49,11,strong_marine_reserve,1.1242184716470107,-359.8269425451802,178.08544970306292,177.58073533253926,0,,0.15158993372127189,179.14091318636574
ucb1,0,5,4,40,49,5,hard_capacity_control,-99.99275753515425,-544.7100541464667,66.23430227906685,64.81157573410937,1,0,0.17889671854334988,64.81157573410937
softmax,0,5,4,40,49,7,weak_capacity_control,-99.99275753515425,-544.7100541464667,66.23430227906685,64.81157573410937,1,0,0.17889671854334988,64.81157573410937
pac_successive_elimination,0,5,4,40,49,4,high_taxation,1.5766261051513193,-116.76127268202112,203.20648534000082,196.68638115261598,0,,0.20357454431504118,196.68638115261598
epsilon_greedy,0,5,5,50,59,10,moderate_marine_reserve,1.4014302838772648,-117.60506889418222,182.28424233257363,179.48566049237147,0,,0.06350161260000854,185.8364170037909
ucb1,0,5,5,50,59,5,hard_capacity_control,-99.6886091012348,-230.8885876618605,65.07353837124532,64.70802322165552,1,0,0.074940530927605,65.81291244353963
softmax,0,5,5,50,59,7,weak_capacity_control,-99.6886091012348,-230.8885876618605,65.07353837124532,64.70802322165552,1,0,0.074940530927605,65.81291244353963
pac_successive_elimination,0,5,5,50,59,4,high_taxation,1.5677566308093622,-65.81708149942209,196.02884547705412,195.42318102032664,0,,0.08527816808790509,197.35778671562124
epsilon_greedy,0,5,6,60,69,10,moderate_marine_reserve,1.5528334124405594,-46.12344895261183,191.87482336718054,186.81901510321342,0,,0.026601072405084834,197.33246397987085
ucb1,0,5,6,60,69,5,hard_capacity_control,-99.53242042209965,-95.63170556904626,67.58535401632729,66.07784570581023,1,0,0.03139287976570931,69.28806030275011
softmax,0,5,6,60,69,7,weak_capacity_control,-99.53242042209965,-95.63170556904626,67.58535401632729,66.07784570581023,1,0,0.03139287976570931,69.28806030275011
pac_successive_elimination,0,5,6,60,69,4,high_taxation,1.6587213250846133,-24.67915656505823,202.0080577979606,198.0062227450955,0,,0.03572335616369926,206.67399071262756
epsilon_greedy,0,5,7,70,79,10,moderate_marine_reserve,1.690835517132409,-17.42216469128151,204.99092181884285,198.65347775158153,0,,0.011143292652389596,211.59025590783386
ucb1,0,5,7,70,79,5,hard_capacity_control,-99.4406081626883,-39.18046241179946,71.82867596681893,69.71774923775551,1,0,0.013150599385749199,74.0549755342241
softmax,0,5,7,70,79,7,weak_capacity_control,-99.4406081626883,-39.18046241179946,71.82867596681893,69.71774923775551,1,0,0.013150599385749199,74.0549755342241
pac_successive_elimination,0,5,7,70,79,4,high_taxation,1.7753078932624247,-7.285706627595067,213.9112319868024,207.88361442430215,0,,0.014964652785259661,220.3148506356031
epsilon_greedy,0,5,8,80,89,10,moderate_marine_reserve,1.829992457339183,-6.351884231753325,220.36132098851235,213.13097148064696,0,,0.004667968615921819,227.79885395635458
ucb1,0,5,8,80,89,5,hard_capacity_control,-99.37366293301451,-15.944921997493587,77.07383867795733,74.58162591951854,1,0,0.005508837210703079,79.64967390423702
softmax,0,5,8,80,89,7,weak_capacity_control,-99.37366293301451,-15.944921997493587,77.07383867795733,74.58162591951854,1,0,0.005508837210703079,79.64967390423702
pac_successive_elimination,0,5,8,80,89,4,high_taxation,1.907742558249175,-1.3617897196225237,229.09252175625568,221.84072939326833,0,,0.0062687512325882745,236.60503615716573
epsilon_greedy,0,5,9,90,99,10,moderate_marine_reserve,1.9768631092777493,-2.2166659831368136,237.48957303130635,229.51286441055962,0,,0.0019554302017329127,245.6552250195949
ucb1,0,5,9,90,99,5,hard_capacity_control,-99.31451300257245,-6.454737461944177,83.03300818673988,80.24635914358844,1,0,0.002307673325286836,85.89181217855817
softmax,0,5,9,90,99,7,weak_capacity_control,-99.31451300257245,-6.454737461944177,83.03300818673988,80.24635914358844,1,0,0.002307673325286836,85.89181217855817
pac_successive_elimination,0,5,9,90,99,4,high_taxation,2.0544502885825997,0.25373994447348436,246.50358583657513,238.34941388412904,0,,0.0027145929954563446,254.86987137034325
epsilon_greedy,0,5,10,100,109,10,moderate_marine_reserve,2.1342870124654154,-0.7248269511249803,256.2014207299848,247.52665065726436,0,,0.0008191373139928711,265.0610155987961
ucb1,0,5,10,100,109,5,hard_capacity_control,-99.25592347181272,-2.599842803163998,89.60116451885206,86.54878388327663,1,0,0.0009666933279302226,92.72330322384406
softmax,0,5,10,100,109,7,weak_capacity_control,-99.25592347181272,-2.599842803163998,89.60116451885206,86.54878388327663,1,0,0.0009666933279302226,92.72330322384406
pac_successive_elimination,0,5,10,100,109,4,high_taxation,2.2148261741662387,0.5275671545474201,265.71583284140297,256.7919976035136,0,,0.0012909343743414737,274.83783924372165
epsilon_greedy,0,5,11,110,119,10,moderate_marine_reserve,2.303636152419908,-0.21057530841670233,276.4616073273989,267.0866001810736,0,,0.0003431398055429563,286.02765653502854
ucb1,0,5,11,110,119,5,hard_capacity_control,-99.19475604112942,-1.041541357824805,96.75426002740817,93.43848090116123,1,0,0.0004049515934620661,100.14165942958724
softmax,0,5,11,110,119,7,weak_capacity_control,-99.19475604112942,-1.041541357824805,96.75426002740817,93.43848090116123,1,0,0.0004049515934620661,100.14165942958724
pac_successive_elimination,0,5,11,110,119,4,high_taxation,2.388758205485072,0.4840233778905796,286.59290185286176,276.9253775931026,0,,0.0006796465213188615,296.46081144311785
epsilon_greedy,0,6,0,0,9,10,moderate_marine_reserve,10.141336477120525,2989.221945950384,858.253743740417,717.9373143653968,0,,1.8586333167843792,717.9373143653968
ucb1,0,6,0,0,9,7,weak_capacity_control,10.490521369403732,3448.0349987194627,845.0983644821124,685.0617923614428,0,,2.0946658360156425,685.0617923614428
softmax,0,6,0,0,9,7,weak_capacity_control,10.490521369403732,3448.0349987194627,845.0983644821124,685.0617923614428,0,,2.0946658360156425,685.0617923614428
pac_successive_elimination,0,6,0,0,9,4,high_taxation,9.919364828836628,2630.4171257777757,874.6737243670624,769.2682333080999,0,,1.1885390363166835,769.2682333080999
epsilon_greedy,0,6,1,10,19,11,strong_marine_reserve,6.483554683924766,1955.6407571935695,543.3496712077435,424.21809979929606,0,,1.587311859591302,424.21809979929606
ucb1,0,6,1,10,19,7,weak_capacity_control,7.172915297017182,3721.5387171817497,414.165189580252,210.99693960739452,0,,2.433656061354898,210.99693960739452
softmax,0,6,1,10,19,7,weak_capacity_control,7.172915297017182,3721.5387171817497,414.165189580252,210.99693960739452,0,,2.433656061354898,210.99693960739452
pac_successive_elimination,0,6,1,10,19,4,high_taxation,8.016056187162523,2735.0675641583553,633.7186347605001,520.5969804335092,0,,1.2892753952149958,520.5969804335092
epsilon_greedy,0,6,2,20,29,10,moderate_marine_reserve,3.068842619053161,338.51973458563265,327.63874613610335,275.69700189413834,0,,0.8038450319774133,275.69700189413834
ucb1,0,6,2,20,29,7,weak_capacity_control,-50.58587411208708,-1652.3190888752126,127.9733972145757,92.3055313030015,1,5,1.0194679858754725,92.3055313030015
softmax,0,6,2,20,29,7,weak_capacity_control,-50.58587411208708,-1652.3190888752126,127.9733972145757,92.3055313030015,1,5,1.0194679858754725,92.3055313030015
pac_successive_elimination,0,6,2,20,29,4,high_taxation,5.142199588350904,1858.947858809066,393.9902075450205,305.5567624125514,0,,1.042468553486391,305.5567624125514
epsilon_greedy,0,6,3,30,39,10,moderate_marine_reserve,1.8153375441552093,-276.89052075624727,251.06736778937483,239.04882564658988,0,,0.33673380915205336,239.04882564658988
ucb1,0,6,3,30,39,7,weak_capacity_control,-100.55626119379933,-1199.919120068375,77.23895115228476,69.61524112997978,1,0,0.42705910285711063,69.61524112997978
softmax,0,6,3,30,39,7,weak_capacity_control,-100.55626119379933,-1199.919120068375,77.23895115228476,69.61524112997978,1,0,0.42705910285711063,69.61524112997978
pac_successive_elimination,0,6,3,30,39,4,high_taxation,2.2708133466232523,205.67214235832427,247.81694451179135,217.37186359829838,0,,0.4859695748899937,217.37186359829838
epsilon_greedy,0,6,4,40,49,1,baseline_laissez_faire,1.9115958650644078,-13.524546701987376,231.01444941196743,228.23537756462972,0,,0.14115694127139633,228.23537756462972
ucb1,0,6,4,40,49,7,weak_capacity_control,-99.99275753515425,-544.7100541464667,66.23430227906685,64.81157573410937,1,0,0.17889671854334988,64.81157573410937
softmax,0,6,4,40,49,7,weak_capacity_control,-99.99275753515425,-544.7100541464667,66.23430227906685,64.81157573410937,1,0,0.17889671854334988,64.81157573410937
pac_successive_elimination,0,6,4,40,49,4,high_taxation,1.5766261051513193,-116.76127268202112,203.20648534000082,196.68638115261598,0,,0.20357454431504118,196.68638115261598
epsilon_greedy,0,6,5,50,59,10,moderate_marine_reserve,1.8681516674660452,-69.74976413030168,232.54817179156163,228.7455827259494,0,,0.05913119150048507,237.26373150884325
ucb1,0,6,5,50,59,7,weak_capacity_control,-99.6886091012348,-230.8885876618605,65.07353837124532,64.70802322165552,1,0,0.074940530927605,65.81291244353963
softmax,0,6,5,50,59,7,weak_capacity_control,-99.6886091012348,-230.8885876618605,65.07353837124532,64.70802322165552,1,0,0.074940530927605,65.81291244353963
pac_successive_elimination,0,6,5,50,59,4,high_taxation,1.5677566308093622,-65.81708149942209,196.02884547705412,195.42318102032664,0,,0.08527816808790509,197.35778671562124
epsilon_greedy,0,6,6,60,69,10,moderate_marine_reserve,2.0170597414206353,-25.366546236810095,245.09115451889343,238.5463828959277,0,,0.024770286014801596,252.12553229780806
ucb1,0,6,6,60,69,7,weak_capacity_control,-99.53242042209965,-95.63170556904626,67.58535401632729,66.07784570581023,1,0,0.03139287976570931,69.28806030275011
softmax,0,6,6,60,69,7,weak_capacity_control,-99.53242042209965,-95.63170556904626,67.58535401632729,66.07784570581023,1,0,0.03139287976570931,69.28806030275011
pac_successive_elimination,0,6,6,60,69,4,high_taxation,1.6587213250846133,-24.67915656505823,202.0080577979606,198.0062227450955,0,,0.03572335616369926,206.67399071262756
epsilon_greedy,0,6,7,70,79,10,moderate_marine_reserve,2.1743899150468207,-8.351397223926478,261.9289574724896,253.8206910004709,0,,0.010376369115613746,270.3574017023784
ucb1,0,6,7,70,79,7,weak_capacity_control,-99.4406081626883,-39.18046241179946,71.82867596681893,69.71774923775551,1,0,0.013150599385749199,74.0549755342241
softmax,0,6,7,70,79,7,weak_capacity_control,-99.4406081626883,-39.18046241179946,71.82867596681893,69.71774923775551,1,0,0.013150599385749199,74.0549755342241
pac_successive_elimination,0,6,7,70,79,4,high_taxation,1.7753078932624247,-7.285706627595067,213.9112319868024,207.88361442430215,0,,0.014964652785259661,220.3148506356031
epsilon_greedy,0,6,8,80,89,10,moderate_marine_reserve,2.3436467101979783,-2.36199442449524,281.5210445546969,272.3211104078962,0,,0.004346701364656214,290.9741930299815
ucb1,0,6,8,80,89,7,weak_capacity_control,-99.37366293301451,-15.944921997493587,77.07383867795733,74.58162591951854,1,0,0.005508837210703079,79.64967390423702
softmax,0,6,8,80,89,7,weak_capacity_control,-99.37366293301451,-15.944921997493587,77.07383867795733,74.58162591951854,1,0,0.005508837210703079,79.64967390423702
pac_successive_elimination,0,6,8,80,89,4,high_taxation,1.907742558249175,-1.3617897196225237,229.09252175625568,221.84072939326833,0,,0.0062687512325882745,236.60503615716573
epsilon_greedy,0,6,9,90,99,10,moderate_marine_reserve,2.5267205580645946,-0.4544352054539344,303.26099919240585,293.1496800658912,0,,0.001820850101127754,313.6032010060861
ucb1,0,6,9,90,99,7,weak_capacity_control,-99.31451300257245,-6.454737461944177,83.03300818673988,80.24635914358844,1,0,0.002307673325286836,85.89181217855817
softmax,0,6,9,90,99,7,weak_capacity_control,-99.31451300257245,-6.454737461944177,83.03300818673988,80.24635914358844,1,0,0.002307673325286836,85.89181217855817
pac_successive_elimination,0,6,9,90,99,4,high_taxation,2.0544502885825997,0.25373994447348436,246.50358583657513,238.34941388412904,0,,0.0027145929954563446,254.86987137034325
epsilon_greedy,0,6,10,100,109,10,moderate_marine_reserve,2.7245698262391476,0.05533505272348113,326.9417389423709,315.9714394488079,0,,0.0007975897996616864,338.1400837959871
ucb1,0,6,10,100,109,7,weak_capacity_control,-99.25592347181272,-2.599842803163998,89.60116451885206,86.54878388327663,1,0,0.0009666933279302226,92.72330322384406
softmax,0,6,10,100,109,7,weak_capacity_control,-99.25592347181272,-2.599842803163998,89.60116451885206,86.54878388327663,1,0,0.0009666933279302226,92.72330322384406
pac_successive_elimination,0,6,10,100,109,4,high_taxation,2.2148261741662387,0.5275671545474201,265.71583284140297,256.7919976035136,0,,0.0012909343743414737,274.83783924372165
epsilon_greedy,0,6,11,110,119,10,moderate_marine_reserve,2.93791046348755,0.15047409720479787,352.53119872684147,340.69854818197774,0,,0.000404796209525917,364.5986752308241
ucb1,0,6,11,110,119,7,weak_capacity_control,-99.19475604112942,-1.041541357824805,96.75426002740817,93.43848090116123,1,0,0.0004049515934620661,100.14165942958724
softmax,0,6,11,110,119,7,weak_capacity_control,-99.19475604112942,-1.041541357824805,96.75426002740817,93.43848090116123,1,0,0.0004049515934620661,100.14165942958724
pac_successive_elimination,0,6,11,110,119,4,high_taxation,2.388758205485072,0.4840233778905796,286.59290185286176,276.9253775931026,0,,0.0006796465213188615,296.46081144311785
epsilon_greedy,0,7,0,0,9,10,moderate_marine_reserve,10.141336477120525,2989.221945950384,858.253743740417,717.9373143653968,0,,1.8586333167843792,717.9373143653968
ucb1,0,7,0,0,9,7,weak_capacity_control,10.490521369403732,3448.0349987194627,845.0983644821124,685.0617923614428,0,,2.0946658360156425,685.0617923614428
softmax,0,7,0,0,9,7,weak_capacity_control,10.490521369403732,3448.0349987194627,845.0983644821124,685.0617923614428,0,,2.0946658360156425,685.0617923614428
pac_successive_elimination,0,7,0,0,9,4,high_taxation,9.919364828836628,2630.4171257777757,874.6737243670624,769.2682333080999,0,,1.1885390363166835,769.2682333080999
epsilon_greedy,0,7,1,10,19,10,moderate_marine_reserve,7.127733328480125,2921.3977284834473,504.76027199960123,343.6903195122631,0,,2.0289373677395695,343.6903195122631
ucb1,0,7,1,10,19,7,weak_capacity_control,7.172915297017182,3721.5387171817497,414.165189580252,210.99693960739452,0,,2.433656061354898,210.99693960739452
softmax,0,7,1,10,19,7,weak_capacity_control,7.172915297017182,3721.5387171817497,414.165189580252,210.99693960739452,0,,2.433656061354898,210.99693960739452
pac_successive_elimination,0,7,1,10,19,4,high_taxation,8.016056187162523,2735.0675641583553,633.7186347605001,520.5969804335092,0,,1.2892753952149958,520.5969804335092
epsilon_greedy,0,7,2,20,29,10,moderate_marine_reserve,1.6215622956321631,-485.9233648339205,252.89827925593005,209.08185438340635,0,,0.8638564511867963,209.08185438340635
ucb1,0,7,2,20,29,7,weak_capacity_control,-50.58587411208708,-1652.3190888752126,127.9733972145757,92.3055313030015,1,5,1.0194679858754725,92.3055313030015
softmax,0,7,2,20,29,7,weak_capacity_control,-50.58587411208708,-1652.3190888752126,127.9733972145757,92.3055313030015,1,5,1.0194679858754725,92.3055313030015
pac_successive_elimination,0,7,2,20,29,4,high_taxation,5.142199588350904,1858.947858809066,393.9902075450205,305.5567624125514,0,,1.042468553486391,305.5567624125514
epsilon_greedy,0,7,3,30,39,10,moderate_marine_reserve,0.9672383272416981,-606.7390048722704,188.87727985367619,178.93505424515072,0,,0.361872825976336,178.93505424515072
ucb1,0,7,3,30,39,7,weak_capacity_control,-100.55626119379933,-1199.919120068375,77.23895115228476,69.61524112997978,1,0,0.42705910285711063,69.61524112997978
softmax,0,7,3,30,39,7,weak_capacity_control,-100.55626119379933,-1199.919120068375,77.23895115228476,69.61524112997978,1,0,0.42705910285711063,69.61524112997978
pac_successive_elimination,0,7,3,30,39,4,high_taxation,2.2708133466232523,205.67214235832427,247.81694451179135,217.37186359829838,0,,0.4859695748899937,217.37186359829838
epsilon_greedy,0,7,4,40,49,10,moderate_marine_reserve,1.1750070435652051,-290.3289880323397,175.84032379170537,175.09340638544796,0,,0.15158993372127189,175.5218978626695
ucb1,0,7,4,40,49,7,weak_capacity_control,-99.99275753515425,-544.7100541464667,66.23430227906685,64.81157573410937,1,0,0.17889671854334988,64.81157573410937
softmax,0,7,4,40,49,7,weak_capacity_control,-99.99275753515425,-544.7100541464667,66.23430227906685,64.81157573410937,1,0,0.17889671854334988,64.81157573410937
pac_successive_elimination,0,7,4,40,49,4,high_taxation,1.5766261051513193,-116.76127268202112,203.20648534000082,196.68638115261598,0,,0.20357454431504118,196.68638115261598
epsilon_greedy,0,7,5,50,59,10,moderate_marine_reserve,1.3676703239092038,-120.7345644448584,178.6085866024875,175.86117020824744,0,,0.06350161260000854,182.09362955895108
ucb1,0,7,5,50,59,7,weak_capacity_control,-99.6886091012348,-230.8885876618605,65.07353837124532,64.70802322165552,1,0,0.074940530927605,65.81291244353963
softmax,0,7,5,50,59,7,weak_capacity_control,-99.6886091012348,-230.8885876618605,65.07353837124532,64.70802322165552,1,0,0.074940530927605,65.81291244353963
pac_successive_elimination,0,7,5,50,59,4,high_taxation,1.5677566308093622,-65.81708149942209,196.02884547705412,195.42318102032664,0,,0.08527816808790509,197.35778671562124
epsilon_greedy,0,7,6,60,69,10,moderate_marine_reserve,1.51929160340402,-47.49443051733613,188.01432407056276,183.05723345934055,0,,0.026601072405084834,193.36490032596984
ucb1,0,7,6,60,69,7,weak_capacity_control,-99.53242042209965,-95.63170556904626,67.58535401632729,66.07784570581023,1,0,0.03139287976570931,69.28806030275011
softmax,0,7,6,60,69,7,weak_capacity_control,-99.53242042209965,-95.63170556904626,67.58535401632729,66.07784570581023,1,0,0.03139287976570931,69.28806030275011
pac_successive_elimination,0,7,6,60,69,4,high_taxation,1.6587213250846133,-24.67915656505823,202.0080577979606,198.0062227450955,0,,0.03572335616369926,206.67399071262756
epsilon_greedy,0,7,7,70,79,10,moderate_marine_reserve,1.6559011619168267,-18.033799328860866,200.8721953494825,194.6598874117679,0,,0.011143292652389596,207.34108199536126
ucb1,0,7,7,70,79,7,weak_capacity_control,-99.4406081626883,-39.18046241179946,71.82867596681893,69.71774923775551,1,0,0.013150599385749199,74.0549755342241
softmax,0,7,7,70,79,7,weak_capacity_control,-99.4406081626883,-39.18046241179946,71.82867596681893,69.71774923775551,1,0,0.013150599385749199,74.0549755342241
pac_successive_elimination,0,7,7,70,79,4,high_taxation,1.7753078932624247,-7.285706627595067,213.9112319868024,207.88361442430215,0,,0.014964652785259661,220.3148506356031
epsilon_greedy,0,7,8,80,89,10,moderate_marine_reserve,1.7928611879758045,-6.626812509469089,215.93856005823284,208.85131339146886,0,,0.004667968615921819,223.2288800206255
ucb1,0,7,8,80,89,7,weak_capacity_control,-99.37366293301451,-15.944921997493587,77.07383867795733,74.58162591951854,1,0,0.005508837210703079,79.64967390423702
softmax,0,7,8,80,89,7,weak_capacity_control,-99.37366293301451,-15.944921997493587,77.07383867795733,74.58162591951854,1,0,0.005508837210703079,79.64967390423702
pac_successive_elimination,0,7,8,80,89,4,high_taxation,1.907742558249175,-1.3617897196225237,229.09252175625568,221.84072939326833,0,,0.0062687512325882745,236.60503615716573
epsilon_greedy,0,7,9,90,99,10,moderate_marine_reserve,1.9370591983957808,-2.340624231192755,232.72797871523682,224.9089674712542,0,,0.0019554302017329127,240.73288283252904
ucb1,0,7,9,90,99,7,weak_capacity_control,-99.31451300257245,-6.454737461944177,83.03300818673988,80.24635914358844,1,0,0.002307673325286836,85.89181217855817
softmax,0,7,9,90,99,7,weak_capacity_control,-99.31451300257245,-6.454737461944177,83.03300818673988,80.24635914358844,1,0,0.002307673325286836,85.89181217855817
pac_successive_elimination,0,7,9,90,99,4,high_taxation,2.0544502885825997,0.25373994447348436,246.50358583657513,238.34941388412904,0,,0.0027145929954563446,254.86987137034325
epsilon_greedy,0,7,10,100,109,7,weak_capacity_control,2.0921878573511674,0.14929887804906433,251.0446270167742,242.56162500902505,0,,0.000893812579082104,259.7115007942761
ucb1,0,7,10,100,109,7,weak_capacity_control,-99.25592347181272,-2.599842803163998,89.60116451885206,86.54878388327663,1,0,0.0009666933279302226,92.72330322384406
softmax,0,7,10,100,109,7,weak_capacity_control,-99.25592347181272,-2.599842803163998,89.60116451885206,86.54878388327663,1,0,0.0009666933279302226,92.72330322384406
pac_successive_elimination,0,7,10,100,109,4,high_taxation,2.2148261741662387,0.5275671545474201,265.71583284140297,256.7919976035136,0,,0.0012909343743414737,274.83783924372165
epsilon_greedy,0,7,11,110,119,10,moderate_marine_reserve,2.257134962332894,-0.25789765132482945,270.88714319810623,261.696902864702,0,,0.0003744215644176485,280.26543304309763
ucb1,0,7,11,110,119,7,weak_capacity_control,-99.19475604112942,-1.041541357824805,96.75426002740817,93.43848090116123,1,0,0.0004049515934620661,100.14165942958724
softmax,0,7,11,110,119,7,weak_capacity_control,-99.19475604112942,-1.041541357824805,96.75426002740817,93.43848090116123,1,0,0.0004049515934620661,100.14165942958724
pac_successive_elimination,0,7,11,110,119,4,high_taxation,2.388758205485072,0.4840233778905796,286.59290185286176,276.9253775931026,0,,0.0006796465213188615,296.46081144311785
epsilon_greedy,0,8,0,0,9,10,moderate_marine_reserve,10.141336477120525,2989.221945950384,858.253743740417,717.9373143653968,0,,1.8586333167843792,717.9373143653968
ucb1,0,8,0,0,9,5,hard_capacity_control,10.490521369403732,3448.0349987194627,845.0983644821124,685.0617923614428,0,,2.0946658360156425,685.0617923614428
softmax,0,8,0,0,9,7,weak_capacity_control,10.490521369403732,3448.0349987194627,845.0983644821124,685.0617923614428,0,,2.0946658360156425,685.0617923614428
pac_successive_elimination,0,8,0,0,9,4,high_taxation,9.919364828836628,2630.4171257777757,874.6737243670624,769.2682333080999,0,,1.1885390363166835,769.2682333080999
epsilon_greedy,0,8,1,10,19,10,moderate_marine_reserve,7.127733328480125,2921.3977284834473,504.76027199960123,343.6903195122631,0,,2.0289373677395695,343.6903195122631
ucb1,0,8,1,10,19,5,hard_capacity_control,7.172915297017182,3721.5387171817497,414.165189580252,210.99693960739452,0,,2.433656061354898,210.99693960739452
softmax,0,8,1,10,19,7,weak_capacity_control,7.172915297017182,3721.5387171817497,414.165189580252,210.99693960739452,0,,2.433656061354898,210.99693960739452
pac_successive_elimination,0,8,1,10,19,4,high_taxation,8.016056187162523,2735.0675641583553,633.7186347605001,520.5969804335092,0,,1.2892753952149958,520.5969804335092
epsilon_greedy,0,8,2,20,29,10,moderate_marine_reserve,1.6215622956321631,-485.9233648339205,252.89827925593005,209.08185438340635,0,,0.8638564511867963,209.08185438340635
ucb1,0,8,2,20,29,5,hard_capacity_control,-50.58587411208708,-1652.3190888752126,127.9733972145757,92.3055313030015,1,5,1.0194679858754725,92.3055313030015
softmax,0,8,2,20,29,7,weak_capacity_control,-50.58587411208708,-1652.3190888752126,127.9733972145757,92.3055313030015,1,5,1.0194679858754725,92.3055313030015
pac_successive_elimination,0,8,2,20,29,4,high_taxation,5.142199588350904,1858.947858809066,393.9902075450205,305.5567624125514,0,,1.042468553486391,305.5567624125514
epsilon_greedy,0,8,3,30,39,4,high_taxation,1.161606204447511,-335.0510586809288,179.5988715754128,164.74949950644228,0,,0.361872825976336,164.74949950644228
ucb1,0,8,3,30,39,5,hard_capacity_control,-100.55626119379933,-1199.919120068375,77.23895115228476,69.61524112997978,1,0,0.42705910285711063,69.61524112997978
softmax,0,8,3,30,39,7,weak_capacity_control,-100.55626119379933,-1199.919120068375,77.23895115228476,69.61524112997978,1,0,0.42705910285711063,69.61524112997978
pac_successive_elimination,0,8,3,30,39,4,high_taxation,2.2708133466232523,205.67214235832427,247.81694451179135,217.37186359829838,0,,0.4859695748899937,217.37186359829838
epsilon_greedy,0,8,4,40,49,10,moderate_marine_reserve,1.0307769822750794,-318.8450578974866,161.95464482070793,161.2812789442872,0,,0.15158993372127189,161.6958923350549
ucb1,0,8,4,40,49,5,hard_capacity_control,-99.99275753515425,-544.7100541464667,66.23430227906685,64.81157573410937,1,0,0.17889671854334988,64.81157573410937
softmax,0,8,4,40,49,7,weak_capacity_control,-99.99275753515425,-544.7100541464667,66.23430227906685,64.81157573410937,1,0,0.17889671854334988,64.81157573410937
pac_successive_elimination,0,8,4,40,49,4,high_taxation,1.5766261051513193,-116.76127268202112,203.20648534000082,196.68638115261598,0,,0.20357454431504118,196.68638115261598
epsilon_greedy,0,8,5,50,59,10,moderate_marine_reserve,1.238689467299662,-132.69075217523513,164.56562633698766,162.0141477658737,0,,0.06350161260000854,167.7937191944925
ucb1,0,8,5,50,59,5,hard_capacity_control,-99.6886091012348,-230.8885876618605,65.07353837124532,64.70802322165552,1,0,0.074940530927605,65.81291244353963
softmax,0,8,5,50,59,7,weak_capacity_control,-99.6886091012348,-230.8885876618605,65.07353837124532,64.70802322165552,1,0,0.074940530927605,65.81291244353963
pac_successive_elimination,0,8,5,50,59,4,high_taxation,1.5677566308093622,-65.81708149942209,196.02884547705412,195.42318102032664,0,,0.08527816808790509,197.35778671562124
epsilon_greedy,0,8,6,60,69,10,moderate_marine_reserve,1.3911344900468297,-52.732634318296476,173.26405492381508,168.68464525483577,0,,0.026601072405084834,178.20503510156485
ucb1,0,8,6,60,69,5,hard_capacity_control,-99.53242042209965,-95.63170556904626,67.58535401632729,66.07784570581023,1,0,0.03139287976570931,69.28806030275011
softmax,0,8,6,60,69,7,weak_capacity_control,-99.53242042209965,-95.63170556904626,67.58535401632729,66.07784570581023,1,0,0.03139287976570931,69.28806030275011
pac_successive_elimination,0,8,6,60,69,4,high_taxation,1.6587213250846133,-24.67915656505823,202.0080577979606,198.0062227450955,0,,0.03572335616369926,206.67399071262756
epsilon_greedy,0,8,7,70,79,10,moderate_marine_reserve,1.5224127518011734,-20.37089747310583,185.13403791291353,179.4004546824076,0,,0.011143292652389596,191.10387280669391
ucb1,0,8,7,70,79,5,hard_capacity_control,-99.4406081626883,-39.18046241179946,71.82867596681893,69.71774923775551,1,0,0.013150599385749199,74.0549755342241
softmax,0,8,7,70,79,7,weak_capacity_control,-99.4406081626883,-39.18046241179946,71.82867596681893,69.71774923775551,1,0,0.013150599385749199,74.0549755342241
pac_successive_elimination,0,8,7,70,79,4,high_taxation,1.7753078932624247,-7.285706627595067,213.9112319868024,207.88361442430215,0,,0.014964652785259661,220.3148506356031
epsilon_greedy,0,8,8,80,89,10,moderate_marine_reserve,1.6509660398210404,-7.677420531226716,199.03721524227205,192.49747755893793,0,,0.004667968615921819,205.7642804893597
ucb1,0,8,8,80,89,5,hard_capacity_control,-99.37366293301451,-15.944921997493587,77.07383867795733,74.58162591951854,1,0,0.005508837210703079,79.64967390423702
softmax,0,8,8,80,89,7,weak_capacity_control,-99.37366293301451,-15.944921997493587,77.07383867795733,74.58162591951854,1,0,0.005508837210703079,79.64967390423702
pac_successive_elimination,0,8,8,80,89,4,high_taxation,1.907742558249175,-1.3617897196225237,229.09252175625568,221.84072939326833,0,,0.0062687512325882745,236.60503615716573
epsilon_greedy,0,8,9,90,99,10,moderate_marine_reserve,1.7849328743689776,-2.8143618875445044,214.52966835078263,207.31456754124164,0,,0.0019554302017329127,221.91647028548073
ucb1,0,8,9,90,99,5,hard_capacity_control,-99.31451300257245,-6.454737461944177,83.03300818673988,80.24635914358844,1,0,0.002307673325286836,85.89181217855817
softmax,0,8,9,90,99,7,weak_capacity_control,-99.31451300257245,-6.454737461944177,83.03300818673988,80.24635914358844,1,0,0.002307673325286836,85.89181217855817
pac_successive_elimination,0,8,9,90,99,4,high_taxation,2.0544502885825997,0.25373994447348436,246.50358583657513,238.34941388412904,0,,0.0027145929954563446,254.86987137034325
epsilon_greedy,0,8,10,100,109,10,moderate_marine_reserve,1.9278880267800658,-0.9945779585803199,231.4659125686375,223.61010671806372,0,,0.0008191373139928711,239.49303603076936
ucb1,0,8,10,100,109,5,hard_capacity_control,-99.25592347181272,-2.599842803163998,89.60116451885206,86.54878388327663,1,0,0.0009666933279302226,92.72330322384406
softmax,0,8,10,100,109,7,weak_capacity_control,-99.25592347181272,-2.599842803163998,89.60116451885206,86.54878388327663,1,0,0.0009666933279302226,92.72330322384406
pac_successive_elimination,0,8,10,100,109,4,high_taxation,2.2148261741662387,0.5275671545474201,265.71583284140297,256.7919976035136,0,,0.0012909343743414737,274.83783924372165
epsilon_greedy,0,8,11,110,119,10,moderate_marine_reserve,2.081596811235303,-0.332796933311481,249.83155298023377,241.32956545630898,0,,0.0003431398055429563,258.50802597604155
ucb1,0,8,11,110,119,5,hard_capacity_control,-99.19475604112942,-1.041541357824805,96.75426002740817,93.43848090116123,1,0,0.0004049515934620661,100.14165942958724
softmax,0,8,11,110,119,7,weak_capacity_control,-99.19475604112942,-1.041541357824805,96.75426002740817,93.43848090116123,1,0,0.0004049515934620661,100.14165942958724
pac_successive_elimination,0,8,11,110,119,4,high_taxation,2.388758205485072,0.4840233778905796,286.59290185286176,276.9253775931026,0,,0.0006796465213188615,296.46081144311785
epsilon_greedy,0,9,0,0,9,7,weak_capacity_control,10.490521369403732,3448.0349987194627,845.0983644821124,685.0617923614428,0,,2.0946658360156425,685.0617923614428
ucb1,0,9,0,0,9,7,weak_capacity_control,10.490521369403732,3448.0349987194627,845.0983644821124,685.0617923614428,0,,2.0946658360156425,685.0617923614428
softmax,0,9,0,0,9,7,weak_capacity_control,10.490521369403732,3448.0349987194627,845.0983644821124,685.0617923614428,0,,2.0946658360156425,685.0617923614428
pac_successive_elimination,0,9,0,0,9,4,high_taxation,9.919364828836628,2630.4171257777757,874.6737243670624,769.2682333080999,0,,1.1885390363166835,769.2682333080999
epsilon_greedy,0,9,1,10,19,10,moderate_marine_reserve,6.454378216979453,2634.511067824895,458.3840578985469,303.11143305553713,0,,1.9444986463839253,303.11143305553713
ucb1,0,9,1,10,19,7,weak_capacity_control,7.172915297017182,3721.5387171817497,414.165189580252,210.99693960739452,0,,2.433656061354898,210.99693960739452
softmax,0,9,1,10,19,7,weak_capacity_control,7.172915297017182,3721.5387171817497,414.165189580252,210.99693960739452,0,,2.433656061354898,210.99693960739452
pac_successive_elimination,0,9,1,10,19,4,high_taxation,8.016056187162523,2735.0675641583553,633.7186347605001,520.5969804335092,0,,1.2892753952149958,520.5969804335092
epsilon_greedy,0,9,2,20,29,10,moderate_marine_reserve,1.1157687296820378,-781.366632885581,227.65624350811427,191.0523509918091,0,,0.8145580429565545,191.0523509918091
ucb1,0,9,2,20,29,7,weak_capacity_control,-50.58587411208708,-1652.3190888752126,127.9733972145757,92.3055313030015,1,5,1.0194679858754725,92.3055313030015
softmax,0,9,2,20,29,7,weak_capacity_control,-50.58587411208708,-1652.3190888752126,127.9733972145757,92.3055313030015,1,5,1.0194679858754725,92.3055313030015
pac_successive_elimination,0,9,2,20,29,4,high_taxation,5.142199588350904,1858.947858809066,393.9902075450205,305.5567624125514,0,,1.042468553486391,305.5567624125514
epsilon_greedy,0,9,3,30,39,10,moderate_marine_reserve,0.8071361348745214,-643.9678902320604,174.13248301278983,165.89853725418567,0,,0.3412215311021659,165.89853725418567
ucb1,0,9,3,30,39,7,weak_capacity_control,-100.55626119379933,-1199.919120068375,77.23895115228476,69.61524112997978,1,0,0.42705910285711063,69.61524112997978
softmax,0,9,3,30,39,7,weak_capacity_control,-100.55626119379933,-1199.919120068375,77.23895115228476,69.61524112997978,1,0,0.42705910285711063,69.61524112997978
pac_successive_elimination,0,9,3,30,39,4,high_taxation,2.2708133466232523,205.67214235832427,247.81694451179135,217.37186359829838,0,,0.4859695748899937,217.37186359829838
epsilon_greedy,0,9,4,40,49,1,baseline_laissez_faire,1.1384158522806533,-198.2935423100631,160.405127350886,158.5316818741224,0,,0.14293902600863084,158.5316818741224
ucb1,0,9,4,40,49,7,weak_capacity_control,-99.99275753515425,-544.7100541464667,66.23430227906685,64.81157573410937,1,0,0.17889671854334988,64.81157573410937
softmax,0,9,4,40,49,7,weak_capacity_control,-99.99275753515425,-544.7100541464667,66.23430227906685,64.81157573410937,1,0,0.17889671854334988,64.81157573410937
pac_successive_elimination,0,9,4,40,49,4,high_taxation,1.5766261051513193,-116.76127268202112,203.20648534000082,196.68638115261598,0,,0.20357454431504118,196.68638115261598
epsilon_greedy,0,9,5,50,59,10,moderate_marine_reserve,1.218947875705843,-127.56553939568636,161.5816098121835,158.89718806386838,0,,0.059877713725452406,164.89653794094068
ucb1,0,9,5,50,59,7,weak_capacity_control,-99.6886091012348,-230.8885876618605,65.07353837124532,64.70802322165552,1,0,0.074940530927605,65.81291244353963
softmax,0,9,5,50,59,7,weak_capacity_control,-99.6886091012348,-230.8885876618605,65.07353837124532,64.70802322165552,1,0,0.074940530927605,65.81291244353963
pac_successive_elimination,0,9,5,50,59,4,high_taxation,1.5677566308093622,-65.81708149942209,196.02884547705412,195.42318102032664,0,,0.08527816808790509,197.35778671562124
epsilon_greedy,0,9,6,60,69,10,moderate_marine_reserve,1.3691130259863034,-50.69937265894956,170.37748783743032,165.79547057237073,0,,0.025083007077232666,175.30107355896132
ucb1,0,9,6,60,69,7,weak_capacity_control,-99.53242042209965,-95.63170556904626,67.58535401632729,66.07784570581023,1,0,0.03139287976570931,69.28806030275011
softmax,0,9,6,60,69,7,weak_capacity_control,-99.53242042209965,-95.63170556904626,67.58535401632729,66.07784570581023,1,0,0.03139287976570931,69.28806030275011
pac_successive_elimination,0,9,6,60,69,4,high_taxation,1.6587213250846133,-24.67915656505823,202.0080577979606,198.0062227450955,0,,0.03572335616369926,206.67399071262756
epsilon_greedy,0,9,7,70,79,10,moderate_marine_reserve,1.4984161362042752,-19.625882358817105,182.16504222757106,176.4875691127725,0,,0.010507369184489522,188.06891514347416
ucb1,0,9,7,70,79,7,weak_capacity_control,-99.4406081626883,-39.18046241179946,71.82867596681893,69.71774923775551,1,0,0.013150599385749199,74.0549755342241
softmax,0,9,7,70,79,7,weak_capacity_control,-99.4406081626883,-39.18046241179946,71.82867596681893,69.71774923775551,1,0,0.013150599385749199,74.0549755342241
pac_successive_elimination,0,9,7,70,79,4,high_taxation,1.7753078932624247,-7.285706627595067,213.9112319868024,207.88361442430215,0,,0.014964652785259661,220.3148506356031
epsilon_greedy,0,9,8,80,89,10,moderate_marine_reserve,1.6250658206034474,-7.423579970995561,195.89872806893314,189.44528572821238,0,,0.004401577802821425,202.53387965848574
ucb1,0,9,8,80,89,7,weak_capacity_control,-99.37366293301451,-15.944921997493587,77.07383867795733,74.58162591951854,1,0,0.005508837210703079,79.64967390423702
softmax,0,9,8,80,89,7,weak_capacity_control,-99.37366293301451,-15.944921997493587,77.07383867795733,74.58162591951854,1,0,0.005508837210703079,79.64967390423702
pac_successive_elimination,0,9,8,80,89,4,high_taxation,1.907742558249175,-1.3617897196225237,229.09252175625568,221.84072939326833,0,,0.0062687512325882745,236.60503615716573
epsilon_greedy,0,9,9,90,99,10,moderate_marine_reserve,1.7570370948544127,-2.736214104264764,211.1727970750413,204.06220841629695,0,,0.0018438380544284197,218.45124816500595
ucb1,0,9,9,90,99,7,weak_capacity_control,-99.31451300257245,-6.454737461944177,83.03300818673988,80.24635914358844,1,0,0.002307673325286836,85.89181217855817
softmax,0,9,9,90,99,7,weak_capacity_control,-99.31451300257245,-6.454737461944177,83.03300818673988,80.24635914358844,1,0,0.002307673325286836,85.89181217855817
pac_successive_elimination,0,9,9,90,99,4,high_taxation,2.0544502885825997,0.25373994447348436,246.50358583657513,238.34941388412904,0,,0.0027145929954563446,254.86987137034325
epsilon_greedy,0,9,10,100,109,10,moderate_marine_reserve,1.8978397056550949,-0.9749282520752902,227.85775606886043,220.11970876431604,0,,0.0007723909296296287,235.76398598054183
ucb1,0,9,10,100,109,7,weak_capacity_control,-99.25592347181272,-2.599842803163998,89.60116451885206,86.54878388327663,1,0,0.0009666933279302226,92.72330322384406
softmax,0,9,10,100,109,7,weak_capacity_control,-99.25592347181272,-2.599842803163998,89.60116451885206,86.54878388327663,1,0,0.0009666933279302226,92.72330322384406
pac_successive_elimination,0,9,10,100,109,4,high_taxation,2.2148261741662387,0.5275671545474201,265.71583284140297,256.7919976035136,0,,0.0012909343743414737,274.83783924372165
epsilon_greedy,0,9,11,110,119,1,baseline_laissez_faire,2.049498369686886,0.027593158179978303,245.93649318344472,237.57023262392548,0,,0.0003399059738786171,254.47603831205458
ucb1,0,9,11,110,119,7,weak_capacity_control,-99.19475604112942,-1.041541357824805,96.75426002740817,93.43848090116123,1,0,0.0004049515934620661,100.14165942958724
softmax,0,9,11,110,119,7,weak_capacity_control,-99.19475604112942,-1.041541357824805,96.75426002740817,93.43848090116123,1,0,0.0004049515934620661,100.14165942958724
pac_successive_elimination,0,9,11,110,119,4,high_taxation,2.388758205485072,0.4840233778905796,286.59290185286176,276.9253775931026,0,,0.0006796465213188615,296.46081144311785
epsilon_greedy,1,0,0,0,9,3,moderate_taxation,10.118290610614807,2917.3699619718477,864.1104778371554,739.8811269985001,0,,1.4853708961653926,739.8811269985001
ucb1,1,0,0,0,9,3,moderate_taxation,10.118290610614807,2917.3699619718477,864.1104778371554,739.8811269985001,0,,1.4853708961653926,739.8811269985001
softmax,1,0,0,0,9,3,moderate_taxation,10.118290610614807,2917.3699619718477,864.1104778371554,739.8811269985001,0,,1.4853708961653926,739.8811269985001
pac_successive_elimination,1,0,0,0,9,1,baseline_laissez_faire,10.490521369403732,3448.0349987194627,845.0983644821124,685.0617923614428,0,,2.0946658360156425,685.0617923614428
epsilon_greedy,1,0,1,10,19,10,moderate_marine_reserve,7.571525697173755,2877.136216699609,563.3267376568974,414.6558837755958,0,,1.9191565756293816,414.6558837755958
ucb1,1,0,1,10,19,10,moderate_marine_reserve,7.571525697173755,2877.136216699609,563.3267376568974,414.6558837755958,0,,1.9191565756293816,414.6558837755958
softmax,1,0,1,10,19,10,moderate_marine_reserve,7.571525697173755,2877.136216699609,563.3267376568974,414.6558837755958,0,,1.9191565756293816,414.6558837755958
pac_successive_elimination,1,0,1,10,19,3,moderate_taxation,7.306302087564786,3684.756760534129,434.58543924367876,251.25320581226075,0,,2.090642867383461,251.25320581226075
epsilon_greedy,1,0,2,20,29,1,baseline_laissez_faire,3.023477199435302,874.529738819089,257.87369527394566,175.36357700207208,0,,1.1757182010732006,175.36357700207208
ucb1,1,0,2,20,29,1,baseline_laissez_faire,3.023477199435302,874.529738819089,257.87369527394566,175.36357700207208,0,,1.1757182010732006,175.36357700207208
softmax,1,0,2,20,29,1,baseline_laissez_faire,3.023477199435302,874.529738819089,257.87369527394566,175.36357700207208,0,,1.1757182010732006,175.36357700207208
pac_successive_elimination,1,0,2,20,29,4,high_taxation,0.5183692522472306,-842.2073758300155,163.26919536926954,123.70648739551876,0,,0.8815022449630269,123.70648739551876
epsilon_greedy,1,0,3,30,39,7,weak_capacity_control,0.38495814892463837,-788.3654829551854,140.79883582557886,123.59733742036528,0,,0.4925129254862432,123.59733742036528
ucb1,1,0,3,30,39,7,weak_capacity_control,0.38495814892463837,-788.3654829551854,140.79883582557886,123.59733742036528,0,,0.4925129254862432,123.59733742036528
softmax,1,0,3,30,39,7,weak_capacity_control,0.38495814892463837,-788.3654829551854,140.79883582557886,123.59733742036528,0,,0.4925129254862432,123.59733742036528
pac_successive_elimination,1,0,3,30,39,5,hard_capacity_control,-99.96205765785585,-849.0843091641246,106.4431981569922,97.78007494828263,1,0,0.36926471759400875,97.78007494828263
epsilon_greedy,1,0,4,40,49,4,high_taxation,-89.48452535078525,-449.2236748939865,115.76379889304857,112.19047291355115,1,1,0.20631557931960204,112.19047291355115
ucb1,1,0,4,40,49,4,high_taxation,-89.48452535078525,-449.2236748939865,115.76379889304857,112.19047291355115,1,1,0.20631557931960204,112.19047291355115
softmax,1,0,4,40,49,4,high_taxation,-89.48452535078525,-449.2236748939865,115.76379889304857,112.19047291355115,1,1,0.20631557931960204,112.19047291355115
pac_successive_elimination,1,0,4,40,49,7,weak_capacity_control,-99.61394547597318,-398.9317990853771,94.19835877346286,92.88818246655615,1,0,0.15468642585873654,92.88818246655615
epsilon_greedy,1,0,5,50,59,11,strong_marine_reserve,-99.31195811021047,-261.83846819802045,113.98564295850642,112.36591487062263,1,0,0.08642639830814342,116.10559134409752
ucb1,1,0,5,50,59,11,strong_marine_reserve,-99.31195811021047,-261.83846819802045,113.98564295850642,112.36591487062263,1,0,0.08642639830814342,116.10559134409752
softmax,1,0,5,50,59,11,strong_marine_reserve,-99.31195811021047,-261.83846819802045,113.98564295850642,112.36591487062263,1,0,0.08642639830814342,116.10559134409752
pac_successive_elimination,1,0,5,50,59,10,moderate_marine_reserve,-99.40584140437026,-193.65773782414095,94.5379600144631,93.07029491480951,1,0,0.06479874519519657,96.3975378597746
epsilon_greedy,1,0,6,60,69,5,hard_capacity_control,-69.08791512997817,-78.71262763174002,118.89569971842761,116.49830088093056,1,0,0.03620435426714369,121.67994075295987
ucb1,1,0,6,60,69,5,hard_capacity_control,-69.08791512997817,-78.71262763174002,118.89569971842761,116.49830088093056,1,0,0.03620435426714369,121.67994075295987
softmax,1,0,6,60,69,5,hard_capacity_control,-69.08791512997817,-78.71262763174002,118.89569971842761,116.49830088093056,1,0,0.03620435426714369,121.67994075295987
pac_successive_elimination,1,0,6,60,69,11,strong_marine_reserve,-99.25484401671116,-86.20851346646992,99.76373961063827,96.95817360140698,1,0,0.027144446292310928,102.75087723270701
epsilon_greedy,1,0,7,70,79,3,moderate_taxation,1.0186686257652973,-31.160674582731637,125.97951604176347,122.3994683037073,0,,0.015166144760857644,129.78016061876033
ucb1,1,0,7,70,79,3,moderate_taxation,1.0186686257652973,-31.160674582731637,125.97951604176347,122.3994683037073,0,,0.015166144760857644,129.78016061876033
softmax,1,0,7,70,79,3,moderate_taxation,1.0186686257652973,-31.160674582731637,125.97951604176347,122.3994683037073,0,,0.015166144760857644,129.78016061876033
pac_successive_elimination,1,0,7,70,79,1,baseline_laissez_faire,-99.13890797657619,-27.292670317211684,106.60616324892311,103.40818054805,1,0,0.01137091408632357,109.9617837825349
epsilon_greedy,1,0,8,80,89,10,moderate_marine_reserve,1.1100258907537803,-15.848271289066352,135.10489944514163,130.71161807435206,0,,0.006353157004543817,139.6369423858875
ucb1,1,0,8,80,89,10,moderate_marine_reserve,1.1100258907537803,-15.848271289066352,135.10489944514163,130.71161807435206,0,,0.006353157004543817,139.6369423858875
softmax,1,0,8,80,89,10,moderate_marine_reserve,1.1100258907537803,-15.848271289066352,135.10489944514163,130.71161807435206,0,,0.006353157004543817,139.6369423858875
pac_successive_elimination,1,0,8,80,89,3,moderate_taxation,-99.05680515120808,-10.775922054862603,114.47649250161435,110.75147613375808,1,0,0.004763320119562626,118.31958340245376
epsilon_greedy,1,0,9,90,99,3,moderate_taxation,1.2080810376343407,-4.55597101908369,145.51644103841093,140.672622121828,0,,0.002661362169544639,150.48964475028416
ucb1,1,0,9,90,99,3,moderate_taxation,1.2080810376343407,-4.55597101908369,145.51644103841093,140.672622121828,0,,0.002661362169544639,150.48964475028416
softmax,1,0,9,90,99,3,moderate_taxation,1.2080810376343407,-4.55597101908369,145.51644103841093,140.672622121828,0,,0.002661362169544639,150.48964475028416
pac_successive_elimination,1,0,9,90,99,4,high_taxation,-8.976263807111083,-4.201346870471051,123.35250477112646,119.20811426730057,1,0,0.0019953733173236885,127.60108023224724
epsilon_greedy,1,0,10,100,109,10,moderate_marine_reserve,1.305664122081629,-2.4589386192471707,156.97476728410513,151.63887166709216,0,,0.0011148549598912244,162.43034626158175
ucb1,1,0,10,100,109,10,moderate_marine_reserve,1.305664122081629,-2.4589386192471707,156.97476728410513,151.63887166709216,0,,0.0011148549598912244,162.43034626158175
softmax,1,0,10,100,109,10,moderate_marine_reserve,1.305664122081629,-2.4589386192471707,156.97476728410513,151.63887166709216,0,,0.0011148549598912244,162.43034626158175
pac_successive_elimination,1,0,10,100,109,5,hard_capacity_control,1.1076059397244058,-1.615582605952471,133.106582679643,128.57663358915298,0,,0.0008358696404080706,137.73843866308047
epsilon_greedy,1,0,11,110,119,3,moderate_taxation,1.411541190873863,-0.6014618083781208,169.45711832186893,163.67697707152794,0,,0.00046701707712585585,175.36214422311363
ucb1,1,0,11,110,119,3,moderate_taxation,1.411541190873863,-0.6014618083781208,169.45711832186893,163.67697707152794,0,,0.00046701707712585585,175.36214422311363
softmax,1,0,11,110,119,10,moderate_marine_reserve,1.4112823547150575,-0.9524731573767051,169.46817934469212,163.6794217362697,0,,0.00046701707712585585,175.38040203142498
pac_successive_elimination,1,0,11,110,119,7,weak_capacity_control,1.1970105939050113,-0.6109207654750932,143.71458176045834,138.79901078907986,0,,0.0003501490421316374,148.73530135201835
epsilon_greedy,1,1,0,0,9,3,moderate_taxation,10.118290610614807,2917.3699619718477,864.1104778371554,739.8811269985001,0,,1.4853708961653926,739.8811269985001
ucb1,1,1,0,0,9,1,baseline_laissez_faire,10.490521369403732,3448.0349987194627,845.0983644821124,685.0617923614428,0,,2.0946658360156425,685.0617923614428
softmax,1,1,0,0,9,3,moderate_taxation,10.118290610614807,2917.3699619718477,864.1104778371554,739.8811269985001,0,,1.4853708961653926,739.8811269985001
pac_successive_elimination,1,1,0,0,9,10,moderate_marine_reserve,10.141336477120525,2989.221945950384,858.253743740417,717.9373143653968,0,,1.8586333167843792,717.9373143653968
epsilon_greedy,1,1,1,10,19,3,moderate_taxation,8.091235544999945,3463.7698951987013,555.2958779761493,396.1874607197347,0,,1.852135913276932,396.1874607197347
ucb1,1,1,1,10,19,1,baseline_laissez_faire,7.172915297017182,3721.5387171817497,414.165189580252,210.99693960739452,0,,2.433656061354898,210.99693960739452
softmax,1,1,1,10,19,3,moderate_taxation,8.091235544999945,3463.7698951987013,555.2958779761493,396.1874607197347,0,,1.852135913276932,396.1874607197347
pac_successive_elimination,1,1,1,10,19,11,strong_marine_reserve,6.483554683924766,1955.6407571935695,543.3496712077435,424.21809979929606,0,,1.587311859591302,424.21809979929606
epsilon_greedy,1,1,2,20,29,3,moderate_taxation,2.9053361526327284,765.8368160274092,256.7399203926382,185.10785301335062,0,,1.0161203923383744,185.10785301335062
ucb1,1,1,2,20,29,1,baseline_laissez_faire,-50.58587411208708,-1652.3190888752126,127.9733972145757,92.3055313030015,1,5,1.0194679858754725,92.3055313030015
softmax,1,1,2,20,29,3,moderate_taxation,2.9053361526327284,765.8368160274092,256.7399203926382,185.10785301335062,0,,1.0161203923383744,185.10785301335062
pac_successive_elimination,1,1,2,20,29,1,baseline_laissez_faire,3.47299757189261,1094.9615407985327,285.3643237312893,204.13018393378988,0,,1.0865855213269806,204.13018393378988
epsilon_greedy,1,1,3,30,39,3,moderate_taxation,0.6945658190452897,-587.7337612317224,153.87594963324145,138.1876946879523,0,,0.425656782909363,138.1876946879523
ucb1,1,1,3,30,39,10,moderate_marine_reserve,-100.64685154021392,-1327.0435857255652,81.62304546139735,76.25917630558891,1,0,0.42705910285711063,76.25917630558891
softmax,1,1,3,30,39,3,moderate_taxation,0.6945658190452897,-587.7337612317224,153.87594963324145,138.1876946879523,0,,0.425656782909363,138.1876946879523
pac_successive_elimination,1,1,3,30,39,3,moderate_taxation,0.8813439175970361,-509.22045919473544,166.8677252150126,148.2063821349172,0,,0.45517489940297945,148.2063821349172
epsilon_greedy,1,1,4,40,49,3,moderate_taxation,0.7542938581752301,-339.44227085083014,131.24833548312722,128.2992818432063,0,,0.1783092812651803,128.2992818432063
ucb1,1,1,4,40,49,3,moderate_taxation,-99.92102515104204,-525.6459606857911,72.55449715724873,70.99516205421189,1,0,0.17889671854334988,70.99516205421189
softmax,1,1,4,40,49,3,moderate_taxation,0.7542938581752301,-339.44227085083014,131.24833548312722,128.2992818432063,0,,0.1783092812651803,128.2992818432063
pac_successive_elimination,1,1,4,40,49,4,high_taxation,0.8325884917844175,-332.3437880873488,139.79187358461195,136.0640890081892,0,,0.19067453502738657,136.0640890081892
epsilon_greedy,1,1,5,50,59,3,moderate_taxation,0.9244151080734687,-148.3157918370445,128.7277079892616,128.0561653727147,0,,0.07469445116789143,130.13047489823884
ucb1,1,1,5,50,59,7,weak_capacity_control,-99.62915405071446,-223.16326392976362,71.28110558583468,70.88136440920798,1,0,0.074940530927605,72.09017601362977
softmax,1,1,5,50,59,3,moderate_taxation,0.9244151080734687,-148.3157918370445,128.7277079892616,128.0561653727147,0,,0.07469445116789143,130.13047489823884
pac_successive_elimination,1,1,5,50,59,5,hard_capacity_control,0.986525658718135,-147.845145547314,136.12449651185392,135.57360315714942,0,,0.07987430404355923,137.36680036737533
epsilon_greedy,1,1,6,60,69,3,moderate_taxation,1.053289292352996,-59.88260528028704,133.58062771599396,130.64343325662372,0,,0.03128979599763559,136.90672913185583
ucb1,1,1,6,60,69,1,baseline_laissez_faire,-99.47537111504703,-92.29270456438147,74.03059074208264,72.38019016933076,1,0,0.03139287976570931,75.89476760146079
softmax,1,1,6,60,69,3,moderate_taxation,1.053289292352996,-59.88260528028704,133.58062771599396,130.64343325662372,0,,0.03128979599763559,136.90672913185583
pac_successive_elimination,1,1,6,60,69,7,weak_capacity_control,1.1139657419596858,-59.679063373304025,140.83737663995876,137.8698565935431,0,,0.03345965650592302,144.2384155519561
epsilon_greedy,1,1,7,70,79,3,moderate_taxation,1.1591487767533237,-23.232635256344082,141.8857694411601,137.7479834498531,0,,0.013107417194525321,146.2523882670289
ucb1,1,1,7,70,79,3,moderate_taxation,-99.38206148090147,-37.69827669102757,78.67641549474709,76.36521901648203,1,0,0.013150599385749199,81.11393058794268
softmax,1,1,7,70,79,1,baseline_laissez_faire,1.1591487767533237,-23.232635256344082,141.8857694411601,137.7479834498531,0,,0.013107417194525321,146.2523882670289
pac_successive_elimination,1,1,7,70,79,10,moderate_marine_reserve,1.2152620078946246,-32.23290823545913,149.69938993561004,145.1727306248206,0,,0.014016380197614167,154.43842016466544
epsilon_greedy,1,1,8,80,89,10,moderate_marine_reserve,1.2566815448116986,-12.447156284363734,152.29544413152746,147.3118493236593,0,,0.0054907480229120205,157.42884347634612
ucb1,1,1,8,80,89,10,moderate_marine_reserve,-99.31319339965145,-17.188093068838285,84.4793632100874,81.70387667058932,1,0,0.005508837210703079,87.3385957640655
softmax,1,1,8,80,89,3,moderate_taxation,1.2594111570579225,-8.74404053555717,152.17862371121754,147.28596994423168,0,,0.0054907480229120205,157.23620265188882
pac_successive_elimination,1,1,8,80,89,11,strong_marine_reserve,1.3254559175747809,-15.119502584619061,160.869050419128,155.5681618028492,0,,0.005871516158849192,166.32147432477225
epsilon_greedy,1,1,9,90,99,10,moderate_marine_reserve,1.3629261670799875,-4.853308406256911,164.13353705834933,158.6136498688566,0,,0.002300095694192487,169.7883059786283
ucb1,1,1,9,90,99,1,baseline_laissez_faire,-99.24742673174532,-6.1508178951808175,91.04689033798205,87.99260175974891,1,0,0.002307673325286836,94.18021634582189
softmax,1,1,9,90,99,1,baseline_laissez_faire,1.3624793302915155,-3.188076229297457,163.88008878249758,158.40791939277182,0,,0.002300095694192487,169.4937602842755
pac_successive_elimination,1,1,9,90,99,4,high_taxation,1.4414219711350111,-2.996383344372814,173.33020253752605,167.5568700525274,0,,0.002459600946719137,179.25500402108943
epsilon_greedy,1,1,10,100,109,3,moderate_taxation,1.4745828287053573,-1.1102773884106503,177.08317273125212,171.08047452320503,0,,0.0009635190288038445,183.22228894863377
ucb1,1,1,10,100,109,3,moderate_taxation,-99.18374914355188,-2.4624514680176084,98.24559694993712,94.90025937752152,1,0,0.0009666933279302226,101.66732309570646
softmax,1,1,10,100,109,3,moderate_taxation,1.4720186521783978,-1.1155283662261255,176.7761016653549,170.78370959573016,0,,0.0009635190288038445,182.90468030254695
pac_successive_elimination,1,1,10,100,109,4,high_taxation,1.5568723522673862,-1.0068935879298633,186.94550950263795,180.61698003898144,0,,0.001030336399225272,193.41874213456222
epsilon_greedy,1,1,11,110,119,3,moderate_taxation,1.5925140336979633,-0.3644797858200984,191.145421618054,184.62828747964872,0,,0.00040362186721671755,197.80215363496197
ucb1,1,1,11,110,119,10,moderate_marine_reserve,-99.11706897588654,-1.155882996460193,106.09042885319083,102.45233590516676,1,0,0.0004049515934620661,109.80622363204303
softmax,1,1,11,110,119,1,baseline_laissez_faire,1.5897516825524711,-0.36685210753840325,190.81422415920113,184.30826646343027,0,,0.00040362186721671755,197.45954458596654
pac_successive_elimination,1,1,11,110,119,4,high_taxation,1.6811487446008517,-0.3081172795188477,201.77482342564446,194.90147115635418,0,,0.00043161192346447843,208.79569259277622
epsilon_greedy,1,2,0,0,9,3,moderate_taxation,10.118290610614807,2917.3699619718477,864.1104778371554,739.8811269985001,0,,1.4853708961653926,739.8811269985001
ucb1,1,2,0,0,9,1,baseline_laissez_faire,10.490521369403732,3448.0349987194627,845.0983644821124,685.0617923614428,0,,2.0946658360156425,685.0617923614428
softmax,1,2,0,0,9,10,moderate_marine_reserve,10.141336477120525,2989.221945950384,858.253743740417,717.9373143653968,0,,1.8586333167843792,717.9373143653968
pac_successive_elimination,1,2,0,0,9,4,high_taxation,9.919364828836628,2630.4171257777757,874.6737243670624,769.2682333080999,0,,1.1885390363166835,769.2682333080999
epsilon_greedy,1,2,1,10,19,3,moderate_taxation,8.091235544999945,3463.7698951987013,555.2958779761493,396.1874607197347,0,,1.852135913276932,396.1874607197347
ucb1,1,2,1,10,19,1,baseline_laissez_faire,7.172915297017182,3721.5387171817497,414.165189580252,210.99693960739452,0,,2.433656061354898,210.99693960739452
softmax,1,2,1,10,19,10,moderate_marine_reserve,7.127733328480125,2921.3977284834473,504.76027199960123,343.6903195122631,0,,2.0289373677395695,343.6903195122631
pac_successive_elimination,1,2,1,10,19,4,high_taxation,8.016056187162523,2735.0675641583553,633.7186347605001,520.5969804335092,0,,1.2892753952149958,520.5969804335092
epsilon_greedy,1,2,2,20,29,3,moderate_taxation,2.9053361526327284,765.8368160274092,256.7399203926382,185.10785301335062,0,,1.0161203923383744,185.10785301335062
ucb1,1,2,2,20,29,1,baseline_laissez_faire,-50.58587411208708,-1652.3190888752126,127.9733972145757,92.3055313030015,1,5,1.0194679858754725,92.3055313030015
softmax,1,2,2,20,29,10,moderate_marine_reserve,1.6215622956321631,-485.9233648339205,252.89827925593005,209.08185438340635,0,,0.8638564511867963,209.08185438340635
pac_successive_elimination,1,2,2,20,29,4,high_taxation,5.142199588350904,1858.947858809066,393.9902075450205,305.5567624125514,0,,1.042468553486391,305.5567624125514
epsilon_greedy,1,2,3,30,39,3,moderate_taxation,0.6945658190452897,-587.7337612317224,153.87594963324145,138.1876946879523,0,,0.425656782909363,138.1876946879523
ucb1,1,2,3,30,39,1,baseline_laissez_faire,-100.55626119379933,-1199.919120068375,77.23895115228476,69.61524112997978,1,0,0.42705910285711063,69.61524112997978
softmax,1,2,3,30,39,10,moderate_marine_reserve,0.9672383272416981,-606.7390048722704,188.87727985367619,178.93505424515072,0,,0.361872825976336,178.93505424515072
pac_successive_elimination,1,2,3,30,39,4,high_taxation,2.2708133466232523,205.67214235832427,247.81694451179135,217.37186359829838,0,,0.4859695748899937,217.37186359829838
epsilon_greedy,1,2,4,40,49,3,moderate_taxation,0.7542938581752301,-339.44227085083014,131.24833548312722,128.2992818432063,0,,0.1783092812651803,128.2992818432063
ucb1,1,2,4,40,49,1,baseline_laissez_faire,-99.99275753515425,-544.7100541464667,66.23430227906685,64.81157573410937,1,0,0.17889671854334988,64.81157573410937
softmax,1,2,4,40,49,10,moderate_marine_reserve,1.1750070435652051,-290.3289880323397,175.84032379170537,175.09340638544796,0,,0.15158993372127189,175.5218978626695
pac_successive_elimination,1,2,4,40,49,4,high_taxation,1.5766261051513193,-116.76127268202112,203.20648534000082,196.68638115261598,0,,0.20357454431504118,196.68638115261598
epsilon_greedy,1,2,5,50,59,3,moderate_taxation,0.9244151080734687,-148.3157918370445,128.7277079892616,128.0561653727147,0,,0.07469445116789143,130.13047489823884
ucb1,1,2,5,50,59,3,moderate_taxation,-99.6886091012348,-230.8885876618605,65.07353837124532,64.70802322165552,1,0,0.074940530927605,65.81291244353963
softmax,1,2,5,50,59,10,moderate_marine_reserve,1.3676703239092038,-120.7345644448584,178.6085866024875,175.86117020824744,0,,0.06350161260000854,182.09362955895108
pac_successive_elimination,1,2,5,50,59,4,high_taxation,1.5677566308093622,-65.81708149942209,196.02884547705412,195.42318102032664,0,,0.08527816808790509,197.35778671562124
epsilon_greedy,1,2,6,60,69,3,moderate_taxation,1.053289292352996,-59.88260528028704,133.58062771599396,130.64343325662372,0,,0.03128979599763559,136.90672913185583
ucb1,1,2,6,60,69,1,baseline_laissez_faire,-99.53242042209965,-95.63170556904626,67.58535401632729,66.07784570581023,1,0,0.03139287976570931,69.28806030275011
softmax,1,2,6,60,69,10,moderate_marine_reserve,1.51929160340402,-47.49443051733613,188.01432407056276,183.05723345934055,0,,0.026601072405084834,193.36490032596984
pac_successive_elimination,1,2,6,60,69,4,high_taxation,1.6587213250846133,-24.67915656505823,202.0080577979606,198.0062227450955,0,,0.03572335616369926,206.67399071262756
epsilon_greedy,1,2,7,70,79,3,moderate_taxation,1.1591487767533237,-23.232635256344082,141.8857694411601,137.7479834498531,0,,0.013107417194525321,146.2523882670289
ucb1,1,2,7,70,79,1,baseline_laissez_faire,-99.4406081626883,-39.18046241179946,71.82867596681893,69.71774923775551,1,0,0.013150599385749199,74.0549755342241
softmax,1,2,7,70,79,3,moderate_taxation,1.6631962023452738,-8.133929081809814,200.55961577125,194.59044727662655,0,,0.011143292652389596,206.82616229972652
pac_successive_elimination,1,2,7,70,79,4,high_taxation,1.7753078932624247,-7.285706627595067,213.9112319868024,207.88361442430215,0,,0.014964652785259661,220.3148506356031
epsilon_greedy,1,2,8,80,89,3,moderate_taxation,1.2594111570579225,-8.74404053555717,152.17862371121754,147.28596994423168,0,,0.0054907480229120205,157.23620265188882
ucb1,1,2,8,80,89,10,moderate_marine_reserve,-99.37494722041356,-17.687313456899318,77.12881116519948,74.5937992609657,1,0,0.005508837210703079,79.74034446392541
softmax,1,2,8,80,89,3,moderate_taxation,1.7916602279315756,-2.1865018052585716,215.2616075684201,208.30150872066042,0,,0.004667968615921819,222.4424224163181
pac_successive_elimination,1,2,8,80,89,4,high_taxation,1.907742558249175,-1.3617897196225237,229.09252175625568,221.84072939326833,0,,0.0062687512325882745,236.60503615716573
epsilon_greedy,1,2,9,90,99,1,baseline_laissez_faire,1.3624793302915155,-3.188076229297457,163.88008878249758,158.40791939277182,0,,0.002300095694192487,169.4937602842755
ucb1,1,2,9,90,99,3,moderate_taxation,-99.3137218827718,-6.451153487830293,83.1275124859234,80.3377059375155,1,0,0.002307673325286836,85.98955522852438
softmax,1,2,9,90,99,10,moderate_marine_reserve,1.9302089861084217,-2.361956784642484,231.9085131471677,224.11667022191648,0,,0.0019554302017329127,239.8856114691794
pac_successive_elimination,1,2,9,90,99,4,high_taxation,2.0544502885825997,0.25373994447348436,246.50358583657513,238.34941388412904,0,,0.0027145929954563446,254.86987137034325
epsilon_greedy,1,2,10,100,109,3,moderate_taxation,1.4720186521783978,-1.1155283662261255,176.7761016653549,170.78370959573016,0,,0.0009635190288038445,182.90468030254695
ucb1,1,2,10,100,109,7,weak_capacity_control,-99.25507232281423,-2.5982235749535127,89.70310809128516,86.647271050994,1,0,0.0009666933279302226,92.82878153200963
softmax,1,2,10,100,109,10,moderate_marine_reserve,2.0841485111187765,-0.7903640084936524,250.1926650152724,241.71452656040395,0,,0.0008191373139928711,258.85170114311717
pac_successive_elimination,1,2,10,100,109,4,high_taxation,2.2148261741662387,0.5275671545474201,265.71583284140297,256.7919976035136,0,,0.0012909343743414737,274.83783924372165
epsilon_greedy,1,2,11,110,119,3,moderate_taxation,1.5897516825524711,-0.36685210753840325,190.81422415920113,184.30826646343027,0,,0.00040362186721671755,197.45954458596654
ucb1,1,2,11,110,119,1,baseline_laissez_faire,-99.19383831146382,-1.040809239264509,96.86429973305397,93.54476868698833,1,0,0.0004049515934620661,100.25553129535281
softmax,1,2,11,110,119,10,moderate_marine_reserve,2.2497188911239454,-0.24046900519007974,269.9951232154963,260.831516356115,0,,0.0003431398055429563,279.3457874687768
pac_successive_elimination,1,2,11,110,119,4,high_taxation,2.388758205485072,0.4840233778905796,286.59290185286176,276.9253775931026,0,,0.0006796465213188615,296.46081144311785
epsilon_greedy,1,3,0,0,9,3,moderate_taxation,10.118290610614807,2917.3699619718477,864.1104778371554,739.8811269985001,0,,1.4853708961653926,739.8811269985001
ucb1,1,3,0,0,9,3,moderate_taxation,10.118290610614807,2917.3699619718477,864.1104778371554,739.8811269985001,0,,1.4853708961653926,739.8811269985001
softmax,1,3,0,0,9,10,moderate_marine_reserve,10.141336477120525,2989.221945950384,858.253743740417,717.9373143653968,0,,1.8586333167843792,717.9373143653968
pac_successive_elimination,1,3,0,0,9,4,high_taxation,9.919364828836628,2630.4171257777757,874.6737243670624,769.2682333080999,0,,1.1885390363166835,769.2682333080999
epsilon_greedy,1,3,1,10,19,3,moderate_taxation,8.091235544999945,3463.7698951987013,555.2958779761493,396.1874607197347,0,,1.852135913276932,396.1874607197347
ucb1,1,3,1,10,19,3,moderate_taxation,8.091235544999945,3463.7698951987013,555.2958779761493,396.1874607197347,0,,1.852135913276932,396.1874607197347
softmax,1,3,1,10,19,10,moderate_marine_reserve,7.127733328480125,2921.3977284834473,504.76027199960123,343.6903195122631,0,,2.0289373677395695,343.6903195122631
pac_successive_elimination,1,3,1,10,19,4,high_taxation,8.016056187162523,2735.0675641583553,633.7186347605001,520.5969804335092,0,,1.2892753952149958,520.5969804335092
epsilon_greedy,1,3,2,20,29,3,moderate_taxation,2.9053361526327284,765.8368160274092,256.7399203926382,185.10785301335062,0,,1.0161203923383744,185.10785301335062
ucb1,1,3,2,20,29,3,moderate_taxation,2.9053361526327284,765.8368160274092,256.7399203926382,185.10785301335062,0,,1.0161203923383744,185.10785301335062
softmax,1,3,2,20,29,10,moderate_marine_reserve,1.6215622956321631,-485.9233648339205,252.89827925593005,209.08185438340635,0,,0.8638564511867963,209.08185438340635
pac_successive_elimination,1,3,2,20,29,4,high_taxation,5.142199588350904,1858.947858809066,393.9902075450205,305.5567624125514,0,,1.042468553486391,305.5567624125514
epsilon_greedy,1,3,3,30,39,3,moderate_taxation,0.6945658190452897,-587.7337612317224,153.87594963324145,138.1876946879523,0,,0.425656782909363,138.1876946879523
ucb1,1,3,3,30,39,3,moderate_taxation,0.6945658190452897,-587.7337612317224,153.87594963324145,138.1876946879523,0,,0.425656782909363,138.1876946879523
softmax,1,3,3,30,39,10,moderate_marine_reserve,0.9672383272416981,-606.7390048722704,188.87727985367619,178.93505424515072,0,,0.361872825976336,178.93505424515072
pac_successive_elimination,1,3,3,30,39,4,high_taxation,2.2708133466232523,205.67214235832427,247.81694451179135,217.37186359829838,0,,0.4859695748899937,217.37186359829838
epsilon_greedy,1,3,4,40,49,3,moderate_taxation,0.7542938581752301,-339.44227085083014,131.24833548312722,128.2992818432063,0,,0.1783092812651803,128.2992818432063
ucb1,1,3,4,40,49,3,moderate_taxation,0.7542938581752301,-339.44227085083014,131.24833548312722,128.2992818432063,0,,0.1783092812651803,128.2992818432063
softmax,1,3,4,40,49,3,moderate_taxation,1.2573476404395707,-177.33167306810773,172.16151762092142,169.63546648819852,0,,0.15158993372127189,169.63546648819852
pac_successive_elimination,1,3,4,40,49,4,high_taxation,1.5766261051513193,-116.76127268202112,203.20648534000082,196.68638115261598,0,,0.20357454431504118,196.68638115261598
epsilon_greedy,1,3,5,50,59,3,moderate_taxation,0.9244151080734687,-148.3157918370445,128.7277079892616,128.0561653727147,0,,0.07469445116789143,130.13047489823884
ucb1,1,3,5,50,59,3,moderate_taxation,0.9244151080734687,-148.3157918370445,128.7277079892616,128.0561653727147,0,,0.07469445116789143,130.13047489823884
softmax,1,3,5,50,59,10,moderate_marine_reserve,1.3127576154019662,-125.82485514855449,172.6298964660625,169.9658103410774,0,,0.06350161260000854,176.00563606238845
pac_successive_elimination,1,3,5,50,59,4,high_taxation,1.5677566308093622,-65.81708149942209,196.02884547705412,195.42318102032664,0,,0.08527816808790509,197.35778671562124
epsilon_greedy,1,3,6,60,69,3,moderate_taxation,1.053289292352996,-59.88260528028704,133.58062771599396,130.64343325662372,0,,0.03128979599763559,136.90672913185583
ucb1,1,3,6,60,69,3,moderate_taxation,1.053289292352996,-59.88260528028704,133.58062771599396,130.64343325662372,0,,0.03128979599763559,136.90672913185583
softmax,1,3,6,60,69,10,moderate_marine_reserve,1.464731479142594,-49.724495456018,181.73471695183343,176.9383191858883,0,,0.026601072405084834,186.91101781632005
pac_successive_elimination,1,3,6,60,69,4,high_taxation,1.6587213250846133,-24.67915656505823,202.0080577979606,198.0062227450955,0,,0.03572335616369926,206.67399071262756
epsilon_greedy,1,3,7,70,79,3,moderate_taxation,1.1591487767533237,-23.232635256344082,141.8857694411601,137.7479834498531,0,,0.013107417194525321,146.2523882670289
ucb1,1,3,7,70,79,3,moderate_taxation,1.1591487767533237,-23.232635256344082,141.8857694411601,137.7479834498531,0,,0.013107417194525321,146.2523882670289
softmax,1,3,7,70,79,3,moderate_taxation,1.6061220114177828,-9.462463331042063,193.87013696985895,188.09651782068894,0,,0.011143292652389596,199.93121944050216
pac_successive_elimination,1,3,7,70,79,4,high_taxation,1.7753078932624247,-7.285706627595067,213.9112319868024,207.88361442430215,0,,0.014964652785259661,220.3148506356031
epsilon_greedy,1,3,8,80,89,3,moderate_taxation,1.2594111570579225,-8.74404053555717,152.17862371121754,147.28596994423168,0,,0.0054907480229120205,157.23620265188882
ucb1,1,3,8,80,89,3,moderate_taxation,1.2594111570579225,-8.74404053555717,152.17862371121754,147.28596994423168,0,,0.0054907480229120205,157.23620265188882
softmax,1,3,8,80,89,10,moderate_marine_reserve,1.7281085718510443,-7.106251405578951,208.22577879079475,201.38825543440052,0,,0.004667968615921819,215.2591976795382
pac_successive_elimination,1,3,8,80,89,4,high_taxation,1.907742558249175,-1.3617897196225237,229.09252175625568,221.84072939326833,0,,0.0062687512325882745,236.60503615716573
epsilon_greedy,1,3,9,90,99,3,moderate_taxation,1.3624793302915155,-3.188076229297457,163.88008878249758,158.40791939277182,0,,0.002300095694192487,169.4937602842755
ucb1,1,3,9,90,99,3,moderate_taxation,1.3624793302915155,-3.188076229297457,163.88008878249758,158.40791939277182,0,,0.002300095694192487,169.4937602842755
softmax,1,3,9,90,99,10,moderate_marine_reserve,1.8676404053602012,-2.5568032782888923,224.42366503661884,216.88008438588915,0,,0.0019554302017329127,232.1466716209403
pac_successive_elimination,1,3,9,90,99,4,high_taxation,2.0544502885825997,0.25373994447348436,246.50358583657513,238.34941388412904,0,,0.0027145929954563446,254.86987137034325
epsilon_greedy,1,3,10,100,109,3,moderate_taxation,1.4720186521783978,-1.1155283662261255,176.7761016653549,170.78370959573016,0,,0.0009635190288038445,182.90468030254695
ucb1,1,3,10,100,109,3,moderate_taxation,1.4720186521783978,-1.1155283662261255,176.7761016653549,170.78370959573016,0,,0.0009635190288038445,182.90468030254695
softmax,1,3,10,100,109,10,moderate_marine_reserve,2.016867605532436,-0.8783002328923187,242.1295086918394,233.9173579616975,0,,0.0008191373139928711,250.5184979704147
pac_successive_elimination,1,3,10,100,109,4,high_taxation,2.2148261741662387,0.5275671545474201,265.71583284140297,256.7919976035136,0,,0.0012909343743414737,274.83783924372165
epsilon_greedy,1,3,11,110,119,3,moderate_taxation,1.5897516825524711,-0.36685210753840325,190.81422415920113,184.30826646343027,0,,0.00040362186721671755,197.45954458596654
ucb1,1,3,11,110,119,3,moderate_taxation,1.5897516825524711,-0.36685210753840325,190.81422415920113,184.30826646343027,0,,0.00040362186721671755,197.45954458596654
softmax,1,3,11,110,119,10,moderate_marine_reserve,2.1773533112549845,-0.28031805540744914,261.3160355172471,252.43676221996427,0,,0.0003431398055429563,270.37698459267324
pac_successive_elimination,1,3,11,110,119,4,high_taxation,2.388758205485072,0.4840233778905796,286.59290185286176,276.9253775931026,0,,0.0006796465213188615,296.46081144311785
epsilon_greedy,1,4,0,0,9,3,moderate_taxation,10.118290610614807,2917.3699619718477,864.1104778371554,739.8811269985001,0,,1.4853708961653926,739.8811269985001
ucb1,1,4,0,0,9,3,moderate_taxation,10.118290610614807,2917.3699619718477,864.1104778371554,739.8811269985001,0,,1.4853708961653926,739.8811269985001
softmax,1,4,0,0,9,10,moderate_marine_reserve,10.141336477120525,2989.221945950384,858.253743740417,717.9373143653968,0,,1.8586333167843792,717.9373143653968
pac_successive_elimination,1,4,0,0,9,4,high_taxation,9.919364828836628,2630.4171257777757,874.6737243670624,769.2682333080999,0,,1.1885390363166835,769.2682333080999
epsilon_greedy,1,4,1,10,19,3,moderate_taxation,8.091235544999945,3463.7698951987013,555.2958779761493,396.1874607197347,0,,1.852135913276932,396.1874607197347
ucb1,1,4,1,10,19,3,moderate_taxation,8.091235544999945,3463.7698951987013,555.2958779761493,396.1874607197347,0,,1.852135913276932,396.1874607197347
softmax,1,4,1,10,19,10,moderate_marine_reserve,7.127733328480125,2921.3977284834473,504.76027199960123,343.6903195122631,0,,2.0289373677395695,343.6903195122631
pac_successive_elimination,1,4,1,10,19,4,high_taxation,8.016056187162523,2735.0675641583553,633.7186347605001,520.5969804335092,0,,1.2892753952149958,520.5969804335092
epsilon_greedy,1,4,2,20,29,3,moderate_taxation,2.9053361526327284,765.8368160274092,256.7399203926382,185.10785301335062,0,,1.0161203923383744,185.10785301335062
ucb1,1,4,2,20,29,3,moderate_taxation,2.9053361526327284,765.8368160274092,256.7399203926382,185.10785301335062,0,,1.0161203923383744,185.10785301335062
softmax,1,4,2,20,29,10,moderate_marine_reserve,1.6215622956321631,-485.9233648339205,252.89827925593005,209.08185438340635,0,,0.8638564511867963,209.08185438340635
pac_successive_elimination,1,4,2,20,29,4,high_taxation,5.142199588350904,1858.947858809066,393.9902075450205,305.5567624125514,0,,1.042468553486391,305.5567624125514
epsilon_greedy,1,4,3,30,39,3,moderate_taxation,0.6945658190452897,-587.7337612317224,153.87594963324145,138.1876946879523,0,,0.425656782909363,138.1876946879523
ucb1,1,4,3,30,39,3,moderate_taxation,0.6945658190452897,-587.7337612317224,153.87594963324145,138.1876946879523,0,,0.425656782909363,138.1876946879523
softmax,1,4,3,30,39,3,moderate_taxation,1.161606204447511,-335.0510586809288,179.5988715754128,164.74949950644228,0,,0.361872825976336,164.74949950644228
pac_successive_elimination,1,4,3,30,39,4,high_taxation,2.2708133466232523,205.67214235832427,247.81694451179135,217.37186359829838,0,,0.4859695748899937,217.37186359829838
epsilon_greedy,1,4,4,40,49,3,moderate_taxation,0.7542938581752301,-339.44227085083014,131.24833548312722,128.2992818432063,0,,0.1783092812651803,128.2992818432063
ucb1,1,4,4,40,49,3,moderate_taxation,0.7542938581752301,-339.44227085083014,131.24833548312722,128.2992818432063,0,,0.1783092812651803,128.2992818432063
softmax,1,4,4,40,49,10,moderate_marine_reserve,1.0307769822750794,-318.8450578974866,161.95464482070793,161.2812789442872,0,,0.15158993372127189,161.6958923350549
pac_successive_elimination,1,4,4,40,49,4,high_taxation,1.5766261051513193,-116.76127268202112,203.20648534000082,196.68638115261598,0,,0.20357454431504118,196.68638115261598
epsilon_greedy,1,4,5,50,59,3,moderate_taxation,0.9244151080734687,-148.3157918370445,128.7277079892616,128.0561653727147,0,,0.07469445116789143,130.13047489823884
ucb1,1,4,5,50,59,3,moderate_taxation,0.9244151080734687,-148.3157918370445,128.7277079892616,128.0561653727147,0,,0.07469445116789143,130.13047489823884
softmax,1,4,5,50,59,10,moderate_marine_reserve,1.238689467299662,-132.69075217523513,164.56562633698766,162.0141477658737,0,,0.06350161260000854,167.7937191944925
pac_successive_elimination,1,4,5,50,59,4,high_taxation,1.5677566308093622,-65.81708149942209,196.02884547705412,195.42318102032664,0,,0.08527816808790509,197.35778671562124
epsilon_greedy,1,4,6,60,69,3,moderate_taxation,1.053289292352996,-59.88260528028704,133.58062771599396,130.64343325662372,0,,0.03128979599763559,136.90672913185583
ucb1,1,4,6,60,69,3,moderate_taxation,1.053289292352996,-59.88260528028704,133.58062771599396,130.64343325662372,0,,0.03128979599763559,136.90672913185583
softmax,1,4,6,60,69,10,moderate_marine_reserve,1.3911344900468297,-52.732634318296476,173.26405492381508,168.68464525483577,0,,0.026601072405084834,178.20503510156485
pac_successive_elimination,1,4,6,60,69,4,high_taxation,1.6587213250846133,-24.67915656505823,202.0080577979606,198.0062227450955,0,,0.03572335616369926,206.67399071262756
epsilon_greedy,1,4,7,70,79,3,moderate_taxation,1.1591487767533237,-23.232635256344082,141.8857694411601,137.7479834498531,0,,0.013107417194525321,146.2523882670289
ucb1,1,4,7,70,79,3,moderate_taxation,1.1591487767533237,-23.232635256344082,141.8857694411601,137.7479834498531,0,,0.013107417194525321,146.2523882670289
softmax,1,4,7,70,79,10,moderate_marine_reserve,1.5224127518011734,-20.37089747310583,185.13403791291353,179.4004546824076,0,,0.011143292652389596,191.10387280669391
pac_successive_elimination,1,4,7,70,79,4,high_taxation,1.7753078932624247,-7.285706627595067,213.9112319868024,207.88361442430215,0,,0.014964652785259661,220.3148506356031
epsilon_greedy,1,4,8,80,89,3,moderate_taxation,1.2594111570579225,-8.74404053555717,152.17862371121754,147.28596994423168,0,,0.0054907480229120205,157.23620265188882
ucb1,1,4,8,80,89,3,moderate_taxation,1.2594111570579225,-8.74404053555717,152.17862371121754,147.28596994423168,0,,0.0054907480229120205,157.23620265188882
softmax,1,4,8,80,89,10,moderate_marine_reserve,1.6509660398210404,-7.677420531226716,199.03721524227205,192.49747755893793,0,,0.004667968615921819,205.7642804893597
pac_successive_elimination,1,4,8,80,89,4,high_taxation,1.907742558249175,-1.3617897196225237,229.09252175625568,221.84072939326833,0,,0.0062687512325882745,236.60503615716573
epsilon_greedy,1,4,9,90,99,3,moderate_taxation,1.3624793302915155,-3.188076229297457,163.88008878249758,158.40791939277182,0,,0.002300095694192487,169.4937602842755
ucb1,1,4,9,90,99,3,moderate_taxation,1.3624793302915155,-3.188076229297457,163.88008878249758,158.40791939277182,0,,0.002300095694192487,169.4937602842755
softmax,1,4,9,90,99,10,moderate_marine_reserve,1.7849328743689776,-2.8143618875445044,214.52966835078263,207.31456754124164,0,,0.0019554302017329127,221.91647028548073
pac_successive_elimination,1,4,9,90,99,4,high_taxation,2.0544502885825997,0.25373994447348436,246.50358583657513,238.34941388412904,0,,0.0027145929954563446,254.86987137034325
epsilon_greedy,1,4,10,100,109,3,moderate_taxation,1.4720186521783978,-1.1155283662261255,176.7761016653549,170.78370959573016,0,,0.0009635190288038445,182.90468030254695
ucb1,1,4,10,100,109,3,moderate_taxation,1.4720186521783978,-1.1155283662261255,176.7761016653549,170.78370959573016,0,,0.0009635190288038445,182.90468030254695
softmax,1,4,10,100,109,10,moderate_marine_reserve,1.9278880267800658,-0.9945779585803199,231.4659125686375,223.61010671806372,0,,0.0008191373139928711,239.49303603076936
pac_successive_elimination,1,4,10,100,109,4,high_taxation,2.2148261741662387,0.5275671545474201,265.71583284140297,256.7919976035136,0,,0.0012909343743414737,274.83783924372165
epsilon_greedy,1,4,11,110,119,3,moderate_taxation,1.5897516825524711,-0.36685210753840325,190.81422415920113,184.30826646343027,0,,0.00040362186721671755,197.45954458596654
ucb1,1,4,11,110,119,3,moderate_taxation,1.5897516825524711,-0.36685210753840325,190.81422415920113,184.30826646343027,0,,0.00040362186721671755,197.45954458596654
softmax,1,4,11,110,119,10,moderate_marine_reserve,2.081596811235303,-0.332796933311481,249.83155298023377,241.32956545630898,0,,0.0003431398055429563,258.50802597604155
pac_successive_elimination,1,4,11,110,119,4,high_taxation,2.388758205485072,0.4840233778905796,286.59290185286176,276.9253775931026,0,,0.0006796465213188615,296.46081144311785
epsilon_greedy,1,5,0,0,9,3,moderate_taxation,10.118290610614807,2917.3699619718477,864.1104778371554,739.8811269985001,0,,1.4853708961653926,739.8811269985001
ucb1,1,5,0,0,9,3,moderate_taxation,10.118290610614807,2917.3699619718477,864.1104778371554,739.8811269985001,0,,1.4853708961653926,739.8811269985001
softmax,1,5,0,0,9,3,moderate_taxation,10.118290610614807,2917.3699619718477,864.1104778371554,739.8811269985001,0,,1.4853708961653926,739.8811269985001
pac_successive_elimination,1,5,0,0,9,4,high_taxation,9.919364828836628,2630.4171257777757,874.6737243670624,769.2682333080999,0,,1.1885390363166835,769.2682333080999
epsilon_greedy,1,5,1,10,19,3,moderate_taxation,8.091235544999945,3463.7698951987013,555.2958779761493,396.1874607197347,0,,1.852135913276932,396.1874607197347
ucb1,1,5,1,10,19,3,moderate_taxation,8.091235544999945,3463.7698951987013,555.2958779761493,396.1874607197347,0,,1.852135913276932,396.1874607197347
softmax,1,5,1,10,19,10,moderate_marine_reserve,7.571525697173755,2877.136216699609,563.3267376568974,414.6558837755958,0,,1.9191565756293816,414.6558837755958
pac_successive_elimination,1,5,1,10,19,4,high_taxation,8.016056187162523,2735.0675641583553,633.7186347605001,520.5969804335092,0,,1.2892753952149958,520.5969804335092
epsilon_greedy,1,5,2,20,29,3,moderate_taxation,2.9053361526327284,765.8368160274092,256.7399203926382,185.10785301335062,0,,1.0161203923383744,185.10785301335062
ucb1,1,5,2,20,29,3,moderate_taxation,2.9053361526327284,765.8368160274092,256.7399203926382,185.10785301335062,0,,1.0161203923383744,185.10785301335062
softmax,1,5,2,20,29,3,moderate_taxation,3.1222116526516253,926.7670915452508,263.45334733276496,184.9813474819854,0,,1.0894149373538355,184.9813474819854
pac_successive_elimination,1,5,2,20,29,4,high_taxation,5.142199588350904,1858.947858809066,393.9902075450205,305.5567624125514,0,,1.042468553486391,305.5567624125514
epsilon_greedy,1,5,3,30,39,3,moderate_taxation,0.6945658190452897,-587.7337612317224,153.87594963324145,138.1876946879523,0,,0.425656782909363,138.1876946879523
ucb1,1,5,3,30,39,3,moderate_taxation,0.6945658190452897,-587.7337612317224,153.87594963324145,138.1876946879523,0,,0.425656782909363,138.1876946879523
softmax,1,5,3,30,39,10,moderate_marine_reserve,0.41351906984295017,-929.635606081642,161.17856111095105,149.24201687676347,0,,0.45636015277707187,149.24201687676347
pac_successive_elimination,1,5,3,30,39,4,high_taxation,2.2708133466232523,205.67214235832427,247.81694451179135,217.37186359829838,0,,0.4859695748899937,217.37186359829838
epsilon_greedy,1,5,4,40,49,3,moderate_taxation,0.7542938581752301,-339.44227085083014,131.24833548312722,128.2992818432063,0,,0.1783092812651803,128.2992818432063
ucb1,1,5,4,40,49,3,moderate_taxation,0.7542938581752301,-339.44227085083014,131.24833548312722,128.2992818432063,0,,0.1783092812651803,128.2992818432063
softmax,1,5,4,40,49,10,moderate_marine_reserve,0.7587787259179395,-445.59623719342034,144.52499557336319,142.97747073984164,0,,0.19117104227392223,142.97747073984164
pac_successive_elimination,1,5,4,40,49,4,high_taxation,1.5766261051513193,-116.76127268202112,203.20648534000082,196.68638115261598,0,,0.20357454431504118,196.68638115261598
epsilon_greedy,1,5,5,50,59,10,moderate_marine_reserve,0.893714869714485,-190.17372940404363,130.0666318942234,128.43527188673806,0,,0.07469445116789143,132.30960058053947
ucb1,1,5,5,50,59,3,moderate_taxation,0.9244151080734687,-148.3157918370445,128.7277079892616,128.0561653727147,0,,0.07469445116789143,130.13047489823884
softmax,1,5,5,50,59,10,moderate_marine_reserve,1.0166362350088045,-188.47814782715298,144.6137259403149,143.05365303620815,0,,0.08008229285949589,146.9006646325561
pac_successive_elimination,1,5,5,50,59,4,high_taxation,1.5677566308093622,-65.81708149942209,196.02884547705412,195.42318102032664,0,,0.08527816808790509,197.35778671562124
epsilon_greedy,1,5,6,60,69,3,moderate_taxation,1.0731524144343183,-58.636233955148725,135.81463780673604,132.83052832755368,0,,0.03128979599763559,139.19445864627963
ucb1,1,5,6,60,69,3,moderate_taxation,1.053289292352996,-59.88260528028704,133.58062771599396,130.64343325662372,0,,0.03128979599763559,136.90672913185583
softmax,1,5,6,60,69,3,moderate_taxation,1.2009373247840363,-53.996475311479244,150.5920560114619,147.4342674778015,0,,0.0335467838295554,154.21569173124163
pac_successive_elimination,1,5,6,60,69,4,high_taxation,1.6587213250846133,-24.67915656505823,202.0080577979606,198.0062227450955,0,,0.03572335616369926,206.67399071262756
epsilon_greedy,1,5,7,70,79,3,moderate_taxation,1.1794445289593922,-22.680478585326714,144.25500090536627,140.04942860929157,0,,0.013107417194525321,148.6933260277919
ucb1,1,5,7,70,79,3,moderate_taxation,1.1591487767533237,-23.232635256344082,141.8857694411601,137.7479834498531,0,,0.013107417194525321,146.2523882670289
softmax,1,5,7,70,79,10,moderate_marine_reserve,1.303323431893079,-30.37886222236746,160.0442752938536,155.21255913460493,0,,0.01405287817222475,165.10375691479553
pac_successive_elimination,1,5,7,70,79,4,high_taxation,1.7753078932624247,-7.285706627595067,213.9112319868024,207.88361442430215,0,,0.014964652785259661,220.3148506356031
epsilon_greedy,1,5,8,80,89,3,moderate_taxation,1.2808134567652236,-8.496496779567064,154.71719442537488,149.7439193457701,0,,0.0054907480229120205,159.8581586903261
ucb1,1,5,8,80,89,3,moderate_taxation,1.2594111570579225,-8.74404053555717,152.17862371121754,147.28596994423168,0,,0.0054907480229120205,157.23620265188882
softmax,1,5,8,80,89,3,moderate_taxation,1.4238963108217357,-7.327884013077242,171.74690338017757,166.2605394679266,0,,0.005886805302313479,177.42420046571013
pac_successive_elimination,1,5,8,80,89,4,high_taxation,1.907742558249175,-1.3617897196225237,229.09252175625568,221.84072939326833,0,,0.0062687512325882745,236.60503615716573
epsilon_greedy,1,5,9,90,99,3,moderate_taxation,1.385353810872516,-3.076549358111794,166.61164322767533,161.049202857531,0,,0.002300095694192487,172.31791664482776
ucb1,1,5,9,90,99,3,moderate_taxation,1.3624793302915155,-3.188076229297457,163.88008878249758,158.40791939277182,0,,0.002300095694192487,169.4937602842755
softmax,1,5,9,90,99,3,moderate_taxation,1.5382906865932067,-2.497932452431234,184.89463428547654,178.74094662381813,0,,0.0024660056283587525,191.20984028523654
pac_successive_elimination,1,5,9,90,99,4,high_taxation,2.0544502885825997,0.25373994447348436,246.50358583657513,238.34941388412904,0,,0.0027145929954563446,254.86987137034325
epsilon_greedy,1,5,10,100,109,3,moderate_taxation,1.4966042852463048,-1.065181266228176,179.72033598150398,173.62914138040531,0,,0.0009635190288038445,185.9499353736671
ucb1,1,5,10,100,109,3,moderate_taxation,1.4720186521783978,-1.1155283662261255,176.7761016653549,170.78370959573016,0,,0.0009635190288038445,182.90468030254695
softmax,1,5,10,100,109,10,moderate_marine_reserve,1.6602707111292911,-1.694625607808202,199.43584040845192,192.66793286315544,0,,0.0010330193452647697,206.35419467202405
pac_successive_elimination,1,5,10,100,109,4,high_taxation,2.2148261741662387,0.5275671545474201,265.71583284140297,256.7919976035136,0,,0.0012909343743414737,274.83783924372165
epsilon_greedy,1,5,11,110,119,1,baseline_laissez_faire,1.6162371386072203,-0.3441062130155022,193.98974937842831,187.37664805590452,0,,0.00040362186721671755,200.74446701433033
ucb1,1,5,11,110,119,3,moderate_taxation,1.5897516825524711,-0.36685210753840325,190.81422415920113,184.30826646343027,0,,0.00040362186721671755,197.45954458596654
softmax,1,5,11,110,119,3,moderate_taxation,1.793648423269059,-0.20375773467201141,215.26226172044778,207.9349104465862,0,,0.00043273581999140855,222.74669831700126
pac_successive_elimination,1,5,11,110,119,4,high_taxation,2.388758205485072,0.4840233778905796,286.59290185286176,276.9253775931026,0,,0.0006796465213188615,296.46081144311785
epsilon_greedy,1,6,0,0,9,3,moderate_taxation,10.118290610614807,2917.3699619718477,864.1104778371554,739.8811269985001,0,,1.4853708961653926,739.8811269985001
ucb1,1,6,0,0,9,3,moderate_taxation,10.118290610614807,2917.3699619718477,864.1104778371554,739.8811269985001,0,,1.4853708961653926,739.8811269985001
softmax,1,6,0,0,9,10,moderate_marine_reserve,10.141336477120525,2989.221945950384,858.253743740417,717.9373143653968,0,,1.8586333167843792,717.9373143653968
pac_successive_elimination,1,6,0,0,9,4,high_taxation,9.919364828836628,2630.4171257777757,874.6737243670624,769.2682333080999,0,,1.1885390363166835,769.2682333080999
epsilon_greedy,1,6,1,10,19,3,moderate_taxation,8.091235544999945,3463.7698951987013,555.2958779761493,396.1874607197347,0,,1.852135913276932,396.1874607197347
ucb1,1,6,1,10,19,3,moderate_taxation,8.091235544999945,3463.7698951987013,555.2958779761493,396.1874607197347,0,,1.852135913276932,396.1874607197347
softmax,1,6,1,10,19,10,moderate_marine_reserve,7.127733328480125,2921.3977284834473,504.76027199960123,343.6903195122631,0,,2.0289373677395695,343.6903195122631
pac_successive_elimination,1,6,1,10,19,4,high_taxation,8.016056187162523,2735.0675641583553,633.7186347605001,520.5969804335092,0,,1.2892753952149958,520.5969804335092
epsilon_greedy,1,6,2,20,29,3,moderate_taxation,2.9053361526327284,765.8368160274092,256.7399203926382,185.10785301335062,0,,1.0161203923383744,185.10785301335062
ucb1,1,6,2,20,29,3,moderate_taxation,2.9053361526327284,765.8368160274092,256.7399203926382,185.10785301335062,0,,1.0161203923383744,185.10785301335062
softmax,1,6,2,20,29,3,moderate_taxation,1.962113428961834,145.08389068263264,218.0435445935042,158.8871934326143,0,,0.9729538133378219,158.8871934326143
pac_successive_elimination,1,6,2,20,29,4,high_taxation,5.142199588350904,1858.947858809066,393.9902075450205,305.5567624125514,0,,1.042468553486391,305.5567624125514
epsilon_greedy,1,6,3,30,39,3,moderate_taxation,0.6945658190452897,-587.7337612317224,153.87594963324145,138.1876946879523,0,,0.425656782909363,138.1876946879523
ucb1,1,6,3,30,39,3,moderate_taxation,0.6945658190452897,-587.7337612317224,153.87594963324145,138.1876946879523,0,,0.425656782909363,138.1876946879523
softmax,1,6,3,30,39,10,moderate_marine_reserve,0.22961828869590473,-948.3211406587793,141.35273152256207,132.6399019682731,0,,0.40757413513935403,132.6399019682731
pac_successive_elimination,1,6,3,30,39,4,high_taxation,2.2708133466232523,205.67214235832427,247.81694451179135,217.37186359829838,0,,0.4859695748899937,217.37186359829838
epsilon_greedy,1,6,4,40,49,3,moderate_taxation,0.7542938581752301,-339.44227085083014,131.24833548312722,128.2992818432063,0,,0.1783092812651803,128.2992818432063
ucb1,1,6,4,40,49,3,moderate_taxation,0.7542938581752301,-339.44227085083014,131.24833548312722,128.2992818432063,0,,0.1783092812651803,128.2992818432063
softmax,1,6,4,40,49,10,moderate_marine_reserve,0.6466331406302233,-432.9069301176579,129.54480848974572,128.7088253015897,0,,0.17073438981107586,128.82320786905152
pac_successive_elimination,1,6,4,40,49,4,high_taxation,1.5766261051513193,-116.76127268202112,203.20648534000082,196.68638115261598,0,,0.20357454431504118,196.68638115261598
epsilon_greedy,1,6,5,50,59,3,moderate_taxation,0.9244151080734687,-148.3157918370445,128.7277079892616,128.0561653727147,0,,0.07469445116789143,130.13047489823884
ucb1,1,6,5,50,59,3,moderate_taxation,0.9244151080734687,-148.3157918370445,128.7277079892616,128.0561653727147,0,,0.07469445116789143,130.13047489823884
softmax,1,6,5,50,59,10,moderate_marine_reserve,0.9081349751794594,-181.5200114304963,130.75859839319472,128.99631844047255,0,,0.0715212996874633,133.11218139136284
pac_successive_elimination,1,6,5,50,59,4,high_taxation,1.5677566308093622,-65.81708149942209,196.02884547705412,195.42318102032664,0,,0.08527816808790509,197.35778671562124
epsilon_greedy,1,6,6,60,69,3,moderate_taxation,1.053289292352996,-59.88260528028704,133.58062771599396,130.64343325662372,0,,0.03128979599763559,136.90672913185583
ucb1,1,6,6,60,69,3,moderate_taxation,1.053289292352996,-59.88260528028704,133.58062771599396,130.64343325662372,0,,0.03128979599763559,136.90672913185583
softmax,1,6,6,60,69,10,moderate_marine_reserve,1.0704705739826321,-73.75290729755363,137.30681775362228,133.78606019271726,0,,0.029960550505637507,141.1354039655641
pac_successive_elimination,1,6,6,60,69,4,high_taxation,1.6587213250846133,-24.67915656505823,202.0080577979606,198.0062227450955,0,,0.03572335616369926,206.67399071262756
epsilon_greedy,1,6,7,70,79,3,moderate_taxation,1.1591487767533237,-23.232635256344082,141.8857694411601,137.7479834498531,0,,0.013107417194525321,146.2523882670289
ucb1,1,6,7,70,79,3,moderate_taxation,1.1591487767533237,-23.232635256344082,141.8857694411601,137.7479834498531,0,,0.013107417194525321,146.2523882670289
softmax,1,6,7,70,79,3,moderate_taxation,1.197973982625837,-21.261456843306,146.30825273629716,142.01160597156579,0,,0.012550591089974259,150.83532207040744
pac_successive_elimination,1,6,7,70,79,4,high_taxation,1.7753078932624247,-7.285706627595067,213.9112319868024,207.88361442430215,0,,0.014964652785259661,220.3148506356031
epsilon_greedy,1,6,8,80,89,3,moderate_taxation,1.2594111570579225,-8.74404053555717,152.17862371121754,147.28596994423168,0,,0.0054907480229120205,157.23620265188882
ucb1,1,6,8,80,89,3,moderate_taxation,1.2594111570579225,-8.74404053555717,152.17862371121754,147.28596994423168,0,,0.0054907480229120205,157.23620265188882
softmax,1,6,8,80,89,3,moderate_taxation,1.3001097707071072,-7.926238737108083,156.96432113330584,151.90515220074082,0,,0.0052574914028399485,162.1910897951484
pac_successive_elimination,1,6,8,80,89,4,high_taxation,1.907742558249175,-1.3617897196225237,229.09252175625568,221.84072939326833,0,,0.0062687512325882745,236.60503615716573
epsilon_greedy,1,6,9,90,99,3,moderate_taxation,1.3624793302915155,-3.188076229297457,163.88008878249758,158.40791939277182,0,,0.002300095694192487,169.4937602842755
ucb1,1,6,9,90,99,3,moderate_taxation,1.3624793302915155,-3.188076229297457,163.88008878249758,158.40791939277182,0,,0.002300095694192487,169.4937602842755
softmax,1,6,9,90,99,1,baseline_laissez_faire,1.4059067743105151,-2.8505862187705704,169.0508832635143,163.40127569372302,0,,0.0022023835891694776,174.84526487859472
pac_successive_elimination,1,6,9,90,99,4,high_taxation,2.0544502885825997,0.25373994447348436,246.50358583657513,238.34941388412904,0,,0.0027145929954563446,254.86987137034325
epsilon_greedy,1,6,10,100,109,3,moderate_taxation,1.4720186521783978,-1.1155283662261255,176.7761016653549,170.78370959573016,0,,0.0009635190288038445,182.90468030254695
ucb1,1,6,10,100,109,3,moderate_taxation,1.4720186521783978,-1.1155283662261255,176.7761016653549,170.78370959573016,0,,0.0009635190288038445,182.90468030254695
softmax,1,6,10,100,109,3,moderate_taxation,1.518682496309308,-0.9767417614838265,182.359108568495,176.17640691451038,0,,0.0009225870481163181,188.68168643739568
pac_successive_elimination,1,6,10,100,109,4,high_taxation,2.2148261741662387,0.5275671545474201,265.71583284140297,256.7919976035136,0,,0.0012909343743414737,274.83783924372165
epsilon_greedy,1,6,11,110,119,3,moderate_taxation,1.5897516825524711,-0.36685210753840325,190.81422415920113,184.30826646343027,0,,0.00040362186721671755,197.45954458596654
ucb1,1,6,11,110,119,3,moderate_taxation,1.5897516825524711,-0.36685210753840325,190.81422415920113,184.30826646343027,0,,0.00040362186721671755,197.45954458596654
softmax,1,6,11,110,119,10,moderate_marine_reserve,1.6397756908739376,-0.6473672384541472,196.850766973487,190.13188891974957,0,,0.0003864753013678956,203.71168371427348
pac_successive_elimination,1,6,11,110,119,4,high_taxation,2.388758205485072,0.4840233778905796,286.59290185286176,276.9253775931026,0,,0.0006796465213188615,296.46081144311785
epsilon_greedy,1,7,0,0,9,3,moderate_taxation,10.118290610614807,2917.3699619718477,864.1104778371554,739.8811269985001,0,,1.4853708961653926,739.8811269985001
ucb1,1,7,0,0,9,3,moderate_taxation,10.118290610614807,2917.3699619718477,864.1104778371554,739.8811269985001,0,,1.4853708961653926,739.8811269985001
softmax,1,7,0,0,9,10,moderate_marine_reserve,10.141336477120525,2989.221945950384,858.253743740417,717.9373143653968,0,,1.8586333167843792,717.9373143653968
pac_successive_elimination,1,7,0,0,9,4,high_taxation,9.919364828836628,2630.4171257777757,874.6737243670624,769.2682333080999,0,,1.1885390363166835,769.2682333080999
epsilon_greedy,1,7,1,10,19,3,moderate_taxation,8.091235544999945,3463.7698951987013,555.2958779761493,396.1874607197347,0,,1.852135913276932,396.1874607197347
ucb1,1,7,1,10,19,3,moderate_taxation,8.091235544999945,3463.7698951987013,555.2958779761493,396.1874607197347,0,,1.852135913276932,396.1874607197347
softmax,1,7,1,10,19,10,moderate_marine_reserve,7.127733328480125,2921.3977284834473,504.76027199960123,343.6903195122631,0,,2.0289373677395695,343.6903195122631
pac_successive_elimination,1,7,1,10,19,4,high_taxation,8.016056187162523,2735.0675641583553,633.7186347605001,520.5969804335092,0,,1.2892753952149958,520.5969804335092
epsilon_greedy,1,7,2,20,29,3,moderate_taxation,2.9053361526327284,765.8368160274092,256.7399203926382,185.10785301335062,0,,1.0161203923383744,185.10785301335062
ucb1,1,7,2,20,29,3,moderate_taxation,2.9053361526327284,765.8368160274092,256.7399203926382,185.10785301335062,0,,1.0161203923383744,185.10785301335062
softmax,1,7,2,20,29,10,moderate_marine_reserve,1.6215622956321631,-485.9233648339205,252.89827925593005,209.08185438340635,0,,0.8638564511867963,209.08185438340635
pac_successive_elimination,1,7,2,20,29,4,high_taxation,5.142199588350904,1858.947858809066,393.9902075450205,305.5567624125514,0,,1.042468553486391,305.5567624125514
epsilon_greedy,1,7,3,30,39,3,moderate_taxation,0.6945658190452897,-587.7337612317224,153.87594963324145,138.1876946879523,0,,0.425656782909363,138.1876946879523
ucb1,1,7,3,30,39,3,moderate_taxation,0.6945658190452897,-587.7337612317224,153.87594963324145,138.1876946879523,0,,0.425656782909363,138.1876946879523
softmax,1,7,3,30,39,10,moderate_marine_reserve,0.9672383272416981,-606.7390048722704,188.87727985367619,178.93505424515072,0,,0.361872825976336,178.93505424515072
pac_successive_elimination,1,7,3,30,39,4,high_taxation,2.2708133466232523,205.67214235832427,247.81694451179135,217.37186359829838,0,,0.4859695748899937,217.37186359829838
epsilon_greedy,1,7,4,40,49,3,moderate_taxation,0.7542938581752301,-339.44227085083014,131.24833548312722,128.2992818432063,0,,0.1783092812651803,128.2992818432063
ucb1,1,7,4,40,49,3,moderate_taxation,0.7542938581752301,-339.44227085083014,131.24833548312722,128.2992818432063,0,,0.1783092812651803,128.2992818432063
softmax,1,7,4,40,49,3,moderate_taxation,1.2573476404395707,-177.33167306810773,172.16151762092142,169.63546648819852,0,,0.15158993372127189,169.63546648819852
pac_successive_elimination,1,7,4,40,49,4,high_taxation,1.5766261051513193,-116.76127268202112,203.20648534000082,196.68638115261598,0,,0.20357454431504118,196.68638115261598
epsilon_greedy,1,7,5,50,59,3,moderate_taxation,0.9244151080734687,-148.3157918370445,128.7277079892616,128.0561653727147,0,,0.07469445116789143,130.13047489823884
ucb1,1,7,5,50,59,3,moderate_taxation,0.9244151080734687,-148.3157918370445,128.7277079892616,128.0561653727147,0,,0.07469445116789143,130.13047489823884
softmax,1,7,5,50,59,10,moderate_marine_reserve,1.3127576154019662,-125.82485514855449,172.6298964660625,169.9658103410774,0,,0.06350161260000854,176.00563606238845
pac_successive_elimination,1,7,5,50,59,4,high_taxation,1.5677566308093622,-65.81708149942209,196.02884547705412,195.42318102032664,0,,0.08527816808790509,197.35778671562124
epsilon_greedy,1,7,6,60,69,11,strong_marine_reserve,1.0321333015494392,-88.6227013699396,134.49072035032546,130.84683606182236,0,,0.03128979599763559,138.4022039494651
ucb1,1,7,6,60,69,3,moderate_taxation,1.053289292352996,-59.88260528028704,133.58062771599396,130.64343325662372,0,,0.03128979599763559,136.90672913185583
softmax,1,7,6,60,69,10,moderate_marine_reserve,1.464731479142594,-49.724495456018,181.73471695183343,176.9383191858883,0,,0.026601072405084834,186.91101781632005
pac_successive_elimination,1,7,6,60,69,4,high_taxation,1.6587213250846133,-24.67915656505823,202.0080577979606,198.0062227450955,0,,0.03572335616369926,206.67399071262756
epsilon_greedy,1,7,7,70,79,3,moderate_taxation,1.1724160104945658,-22.87169334930664,143.43452446126472,139.25242459454356,0,,0.013107417194525321,147.84801976455654
ucb1,1,7,7,70,79,3,moderate_taxation,1.1591487767533237,-23.232635256344082,141.8857694411601,137.7479834498531,0,,0.013107417194525321,146.2523882670289
softmax,1,7,7,70,79,10,moderate_marine_reserve,1.5990734135272737,-19.02873854053729,194.17225824813733,188.1636402731852,0,,0.011143292652389596,200.42880762284156
pac_successive_elimination,1,7,7,70,79,4,high_taxation,1.7753078932624247,-7.285706627595067,213.9112319868024,207.88361442430215,0,,0.014964652785259661,220.3148506356031
epsilon_greedy,1,7,8,80,89,3,moderate_taxation,1.2734017846238457,-8.582221925791083,153.83808078595638,148.89272244700842,0,,0.0054907480229120205,158.95017128077785
ucb1,1,7,8,80,89,3,moderate_taxation,1.2594111570579225,-8.74404053555717,152.17862371121754,147.28596994423168,0,,0.0054907480229120205,157.23620265188882
softmax,1,7,8,80,89,10,moderate_marine_reserve,1.7324569195767632,-7.0740556934396235,208.74371703242434,201.8894172353398,0,,0.004667968615921819,215.794394774761
pac_successive_elimination,1,7,8,80,89,4,high_taxation,1.907742558249175,-1.3617897196225237,229.09252175625568,221.84072939326833,0,,0.0062687512325882745,236.60503615716573
epsilon_greedy,1,7,9,90,99,3,moderate_taxation,1.377432374950056,-3.1151711778061295,165.66570553534345,160.13452297895796,0,,0.002300095694192487,171.33991412178625
ucb1,1,7,9,90,99,3,moderate_taxation,1.3624793302915155,-3.188076229297457,163.88008878249758,158.40791939277182,0,,0.002300095694192487,169.4937602842755
softmax,1,7,9,90,99,3,moderate_taxation,1.873751262353064,-0.5775721938401666,224.91946014562853,217.40558614607374,0,,0.0019554302017329127,232.62112116028078
pac_successive_elimination,1,7,9,90,99,4,high_taxation,2.0544502885825997,0.25373994447348436,246.50358583657513,238.34941388412904,0,,0.0027145929954563446,254.86987137034325
epsilon_greedy,1,7,10,100,109,3,moderate_taxation,1.4880903420735756,-1.0826163643735183,178.70075501255388,172.64377195157857,0,,0.0009635190288038445,184.8953749187154
ucb1,1,7,10,100,109,3,moderate_taxation,1.4720186521783978,-1.1155283662261255,176.7761016653549,170.78370959573016,0,,0.0009635190288038445,182.90468030254695
softmax,1,7,10,100,109,10,moderate_marine_reserve,2.0209934887758156,-0.8729081201685216,242.62396762751808,234.39537875475617,0,,0.0008191373139928711,251.02958465187365
pac_successive_elimination,1,7,10,100,109,4,high_taxation,2.2148261741662387,0.5275671545474201,265.71583284140297,256.7919976035136,0,,0.0012909343743414737,274.83783924372165
epsilon_greedy,1,7,11,110,119,3,moderate_taxation,1.6070653670836006,-0.3519830058694475,192.8900820107364,186.31407984771337,0,,0.00040362186721671755,199.60692034008045
ucb1,1,7,11,110,119,3,moderate_taxation,1.5897516825524711,-0.36685210753840325,190.81422415920113,184.30826646343027,0,,0.00040362186721671755,197.45954458596654
softmax,1,7,11,110,119,10,moderate_marine_reserve,2.181791787940838,-0.27788190742551516,261.8483603817917,252.95162807005767,0,,0.0003431398055429563,270.92709987178193
pac_successive_elimination,1,7,11,110,119,4,high_taxation,2.388758205485072,0.4840233778905796,286.59290185286176,276.9253775931026,0,,0.0006796465213188615,296.46081144311785
epsilon_greedy,1,8,0,0,9,3,moderate_taxation,10.118290610614807,2917.3699619718477,864.1104778371554,739.8811269985001,0,,1.4853708961653926,739.8811269985001
ucb1,1,8,0,0,9,3,moderate_taxation,10.118290610614807,2917.3699619718477,864.1104778371554,739.8811269985001,0,,1.4853708961653926,739.8811269985001
softmax,1,8,0,0,9,10,moderate_marine_reserve,10.141336477120525,2989.221945950384,858.253743740417,717.9373143653968,0,,1.8586333167843792,717.9373143653968
pac_successive_elimination,1,8,0,0,9,4,high_taxation,9.919364828836628,2630.4171257777757,874.6737243670624,769.2682333080999,0,,1.1885390363166835,769.2682333080999
epsilon_greedy,1,8,1,10,19,3,moderate_taxation,8.091235544999945,3463.7698951987013,555.2958779761493,396.1874607197347,0,,1.852135913276932,396.1874607197347
ucb1,1,8,1,10,19,3,moderate_taxation,8.091235544999945,3463.7698951987013,555.2958779761493,396.1874607197347,0,,1.852135913276932,396.1874607197347
softmax,1,8,1,10,19,10,moderate_marine_reserve,7.127733328480125,2921.3977284834473,504.76027199960123,343.6903195122631,0,,2.0289373677395695,343.6903195122631
pac_successive_elimination,1,8,1,10,19,4,high_taxation,8.016056187162523,2735.0675641583553,633.7186347605001,520.5969804335092,0,,1.2892753952149958,520.5969804335092
epsilon_greedy,1,8,2,20,29,3,moderate_taxation,2.9053361526327284,765.8368160274092,256.7399203926382,185.10785301335062,0,,1.0161203923383744,185.10785301335062
ucb1,1,8,2,20,29,3,moderate_taxation,2.9053361526327284,765.8368160274092,256.7399203926382,185.10785301335062,0,,1.0161203923383744,185.10785301335062
softmax,1,8,2,20,29,3,moderate_taxation,1.962113428961834,145.08389068263264,218.0435445935042,158.8871934326143,0,,0.9729538133378219,158.8871934326143
pac_successive_elimination,1,8,2,20,29,4,high_taxation,5.142199588350904,1858.947858809066,393.9902075450205,305.5567624125514,0,,1.042468553486391,305.5567624125514
epsilon_greedy,1,8,3,30,39,3,moderate_taxation,0.6945658190452897,-587.7337612317224,153.87594963324145,138.1876946879523,0,,0.425656782909363,138.1876946879523
ucb1,1,8,3,30,39,3,moderate_taxation,0.6945658190452897,-587.7337612317224,153.87594963324145,138.1876946879523,0,,0.425656782909363,138.1876946879523
softmax,1,8,3,30,39,10,moderate_marine_reserve,0.22961828869590473,-948.3211406587793,141.35273152256207,132.6399019682731,0,,0.40757413513935403,132.6399019682731
pac_successive_elimination,1,8,3,30,39,4,high_taxation,2.2708133466232523,205.67214235832427,247.81694451179135,217.37186359829838,0,,0.4859695748899937,217.37186359829838
epsilon_greedy,1,8,4,40,49,3,moderate_taxation,0.7542938581752301,-339.44227085083014,131.24833548312722,128.2992818432063,0,,0.1783092812651803,128.2992818432063
ucb1,1,8,4,40,49,3,moderate_taxation,0.7542938581752301,-339.44227085083014,131.24833548312722,128.2992818432063,0,,0.1783092812651803,128.2992818432063
softmax,1,8,4,40,49,3,moderate_taxation,0.7140399191877861,-340.22658186964185,126.51198012689137,123.99301527984821,0,,0.17073438981107586,123.99301527984821
pac_successive_elimination,1,8,4,40,49,4,high_taxation,1.5766261051513193,-116.76127268202112,203.20648534000082,196.68638115261598,0,,0.20357454431504118,196.68638115261598
epsilon_greedy,1,8,5,50,59,3,moderate_taxation,0.9244151080734687,-148.3157918370445,128.7277079892616,128.0561653727147,0,,0.07469445116789143,130.13047489823884
ucb1,1,8,5,50,59,3,moderate_taxation,0.9244151080734687,-148.3157918370445,128.7277079892616,128.0561653727147,0,,0.07469445116789143,130.13047489823884
softmax,1,8,5,50,59,10,moderate_marine_reserve,0.8629373630724163,-185.87301227882202,125.8572450421486,124.15988466142443,0,,0.0715212996874633,128.12377441459878
pac_successive_elimination,1,8,5,50,59,4,high_taxation,1.5677566308093622,-65.81708149942209,196.02884547705412,195.42318102032664,0,,0.08527816808790509,197.35778671562124
epsilon_greedy,1,8,6,60,69,3,moderate_taxation,1.053289292352996,-59.88260528028704,133.58062771599396,130.64343325662372,0,,0.03128979599763559,136.90672913185583
ucb1,1,8,6,60,69,3,moderate_taxation,1.053289292352996,-59.88260528028704,133.58062771599396,130.64343325662372,0,,0.03128979599763559,136.90672913185583
softmax,1,8,6,60,69,10,moderate_marine_reserve,1.0256365057550083,-75.73206192092007,132.16422812111142,128.77266577186606,0,,0.029960550505637507,135.85283622602978
pac_successive_elimination,1,8,6,60,69,4,high_taxation,1.6587213250846133,-24.67915656505823,202.0080577979606,198.0062227450955,0,,0.03572335616369926,206.67399071262756
epsilon_greedy,1,8,7,70,79,3,moderate_taxation,1.1591487767533237,-23.232635256344082,141.8857694411601,137.7479834498531,0,,0.013107417194525321,146.2523882670289
ucb1,1,8,7,70,79,3,moderate_taxation,1.1591487767533237,-23.232635256344082,141.8857694411601,137.7479834498531,0,,0.013107417194525321,146.2523882670289
softmax,1,8,7,70,79,10,moderate_marine_reserve,1.1453844791080547,-30.307326736671502,141.08301670136717,136.75193842834173,0,,0.012550591089974259,145.6033053942419
pac_successive_elimination,1,8,7,70,79,4,high_taxation,1.7753078932624247,-7.285706627595067,213.9112319868024,207.88361442430215,0,,0.014964652785259661,220.3148506356031
epsilon_greedy,1,8,8,80,89,3,moderate_taxation,1.2594111570579225,-8.74404053555717,152.17862371121754,147.28596994423168,0,,0.0054907480229120205,157.23620265188882
ucb1,1,8,8,80,89,3,moderate_taxation,1.2594111570579225,-8.74404053555717,152.17862371121754,147.28596994423168,0,,0.0054907480229120205,157.23620265188882
softmax,1,8,8,80,89,10,moderate_marine_reserve,1.2516493320204476,-11.964977215937513,151.63371710836617,146.6611879393595,0,,0.0052574914028399485,156.753605119771
pac_successive_elimination,1,8,8,80,89,4,high_taxation,1.907742558249175,-1.3617897196225237,229.09252175625568,221.84072939326833,0,,0.0062687512325882745,236.60503615716573
epsilon_greedy,1,8,9,90,99,3,moderate_taxation,1.3624793302915155,-3.188076229297457,163.88008878249758,158.40791939277182,0,,0.002300095694192487,169.4937602842755
ucb1,1,8,9,90,99,3,moderate_taxation,1.3624793302915155,-3.188076229297457,163.88008878249758,158.40791939277182,0,,0.002300095694192487,169.4937602842755
softmax,1,8,9,90,99,10,moderate_marine_reserve,1.3573000730638287,-4.667629303626325,163.4361242840946,157.9347707363503,0,,0.0022023835891694776,169.07098475446958
pac_successive_elimination,1,8,9,90,99,4,high_taxation,2.0544502885825997,0.25373994447348436,246.50358583657513,238.34941388412904,0,,0.0027145929954563446,254.86987137034325
epsilon_greedy,1,8,10,100,109,7,weak_capacity_control,1.4720186521783978,-1.1155283662261255,176.7761016653549,170.78370959573016,0,,0.0009635190288038445,182.90468030254695
ucb1,1,8,10,100,109,3,moderate_taxation,1.4720186521783978,-1.1155283662261255,176.7761016653549,170.78370959573016,0,,0.0009635190288038445,182.90468030254695
softmax,1,8,10,100,109,10,moderate_marine_reserve,1.4678860524181478,-1.7968429824618892,176.36194744807315,170.3636284271341,0,,0.0009225870481163181,182.4927054744279
pac_successive_elimination,1,8,10,100,109,4,high_taxation,2.2148261741662387,0.5275671545474201,265.71583284140297,256.7919976035136,0,,0.0012909343743414737,274.83783924372165
epsilon_greedy,1,8,11,110,119,3,moderate_taxation,1.5897516825524711,-0.36685210753840325,190.81422415920113,184.30826646343027,0,,0.00040362186721671755,197.45954458596654
ucb1,1,8,11,110,119,3,moderate_taxation,1.5897516825524711,-0.36685210753840325,190.81422415920113,184.30826646343027,0,,0.00040362186721671755,197.45954458596654
softmax,1,8,11,110,119,10,moderate_marine_reserve,1.585958252238512,-0.6805662497281402,190.39665821858884,183.89582231817354,0,,0.0003864753013678956,197.0350074491252
pac_successive_elimination,1,8,11,110,119,4,high_taxation,2.388758205485072,0.4840233778905796,286.59290185286176,276.9253775931026,0,,0.0006796465213188615,296.46081144311785
epsilon_greedy,1,9,0,0,9,3,moderate_taxation,10.118290610614807,2917.3699619718477,864.1104778371554,739.8811269985001,0,,1.4853708961653926,739.8811269985001
ucb1,1,9,0,0,9,3,moderate_taxation,10.118290610614807,2917.3699619718477,864.1104778371554,739.8811269985001,0,,1.4853708961653926,739.8811269985001
softmax,1,9,0,0,9,10,moderate_marine_reserve,10.141336477120525,2989.221945950384,858.253743740417,717.9373143653968,0,,1.8586333167843792,717.9373143653968
pac_successive_elimination,1,9,0,0,9,4,high_taxation,9.919364828836628,2630.4171257777757,874.6737243670624,769.2682333080999,0,,1.1885390363166835,769.2682333080999
epsilon_greedy,1,9,1,10,19,3,moderate_taxation,8.091235544999945,3463.7698951987013,555.2958779761493,396.1874607197347,0,,1.852135913276932,396.1874607197347
ucb1,1,9,1,10,19,3,moderate_taxation,8.091235544999945,3463.7698951987013,555.2958779761493,396.1874607197347,0,,1.852135913276932,396.1874607197347
softmax,1,9,1,10,19,1,baseline_laissez_faire,7.924042555857088,4037.6288681276483,466.36964252753285,255.2876783420126,0,,2.5690133477745953,255.2876783420126
pac_successive_elimination,1,9,1,10,19,4,high_taxation,8.016056187162523,2735.0675641583553,633.7186347605001,520.5969804335092,0,,1.2892753952149958,520.5969804335092
epsilon_greedy,1,9,2,20,29,3,moderate_taxation,2.9053361526327284,765.8368160274092,256.7399203926382,185.10785301335062,0,,1.0161203923383744,185.10785301335062
ucb1,1,9,2,20,29,3,moderate_taxation,2.9053361526327284,765.8368160274092,256.7399203926382,185.10785301335062,0,,1.0161203923383744,185.10785301335062
softmax,1,9,2,20,29,10,moderate_marine_reserve,-0.35726625377311116,-1802.4679066106082,173.42419834049966,135.7926051393146,0,,1.0761696794101918,135.7926051393146
pac_successive_elimination,1,9,2,20,29,4,high_taxation,5.142199588350904,1858.947858809066,393.9902075450205,305.5567624125514,0,,1.042468553486391,305.5567624125514
epsilon_greedy,1,9,3,30,39,3,moderate_taxation,0.6945658190452897,-587.7337612317224,153.87594963324145,138.1876946879523,0,,0.425656782909363,138.1876946879523
ucb1,1,9,3,30,39,3,moderate_taxation,0.6945658190452897,-587.7337612317224,153.87594963324145,138.1876946879523,0,,0.425656782909363,138.1876946879523
softmax,1,9,3,30,39,10,moderate_marine_reserve,-60.190114207419796,-1181.4306434838347,118.95797232768493,110.47488977250948,1,4,0.4508116627284453,110.47488977250948
pac_successive_elimination,1,9,3,30,39,4,high_taxation,2.2708133466232523,205.67214235832427,247.81694451179135,217.37186359829838,0,,0.4859695748899937,217.37186359829838
epsilon_greedy,1,9,4,40,49,3,moderate_taxation,0.7542938581752301,-339.44227085083014,131.24833548312722,128.2992818432063,0,,0.1783092812651803,128.2992818432063
ucb1,1,9,4,40,49,3,moderate_taxation,0.7542938581752301,-339.44227085083014,131.24833548312722,128.2992818432063,0,,0.1783092812651803,128.2992818432063
softmax,1,9,4,40,49,1,baseline_laissez_faire,-99.58021967756935,-451.09730323197226,104.50531507951474,101.90697900032356,1,0,0.18884675822066352,101.90697900032356
pac_successive_elimination,1,9,4,40,49,4,high_taxation,1.5766261051513193,-116.76127268202112,203.20648534000082,196.68638115261598,0,,0.20357454431504118,196.68638115261598
epsilon_greedy,1,9,5,50,59,3,moderate_taxation,0.9244151080734687,-148.3157918370445,128.7277079892616,128.0561653727147,0,,0.07469445116789143,130.13047489823884
ucb1,1,9,5,50,59,3,moderate_taxation,0.9244151080734687,-148.3157918370445,128.7277079892616,128.0561653727147,0,,0.07469445116789143,130.13047489823884
softmax,1,9,5,50,59,3,moderate_taxation,-99.3441266769099,-194.82461356173076,102.08375239821925,101.62231653962468,1,0,0.07910864123303765,103.09741885098991
pac_successive_elimination,1,9,5,50,59,4,high_taxation,1.5677566308093622,-65.81708149942209,196.02884547705412,195.42318102032664,0,,0.08527816808790509,197.35778671562124
epsilon_greedy,1,9,6,60,69,7,weak_capacity_control,1.053289292352996,-59.88260528028704,133.58062771599396,130.64343325662372,0,,0.03128979599763559,136.90672913185583
ucb1,1,9,6,60,69,3,moderate_taxation,1.053289292352996,-59.88260528028704,133.58062771599396,130.64343325662372,0,,0.03128979599763559,136.90672913185583
softmax,1,9,6,60,69,10,moderate_marine_reserve,-99.2091854320681,-94.38324114537569,106.2237370892752,103.59130380862433,1,0,0.03313891737778689,109.113155472271
pac_successive_elimination,1,9,6,60,69,4,high_taxation,1.6587213250846133,-24.67915656505823,202.0080577979606,198.0062227450955,0,,0.03572335616369926,206.67399071262756
epsilon_greedy,1,9,7,70,79,3,moderate_taxation,1.1591487767533237,-23.232635256344082,141.8857694411601,137.7479834498531,0,,0.013107417194525321,146.2523882670289
ucb1,1,9,7,70,79,3,moderate_taxation,1.1591487767533237,-23.232635256344082,141.8857694411601,137.7479834498531,0,,0.013107417194525321,146.2523882670289
softmax,1,9,7,70,79,10,moderate_marine_reserve,-99.0945027420601,-38.36926899231986,113.26398323186608,109.82368144051331,1,0,0.013882021329841229,116.86447067795348
pac_successive_elimination,1,9,7,70,79,4,high_taxation,1.7753078932624247,-7.285706627595067,213.9112319868024,207.88361442430215,0,,0.014964652785259661,220.3148506356031
epsilon_greedy,1,9,8,80,89,3,moderate_taxation,1.2594111570579225,-8.74404053555717,152.17862371121754,147.28596994423168,0,,0.0054907480229120205,157.23620265188882
ucb1,1,9,8,80,89,3,moderate_taxation,1.2594111570579225,-8.74404053555717,152.17862371121754,147.28596994423168,0,,0.0054907480229120205,157.23620265188882
softmax,1,9,8,80,89,7,weak_capacity_control,-28.99915000325062,-12.418946098365323,121.5922731417298,117.68827080019773,1,0,0.005815232706767337,125.63047822074225
pac_successive_elimination,1,9,8,80,89,4,high_taxation,1.907742558249175,-1.3617897196225237,229.09252175625568,221.84072939326833,0,,0.0062687512325882745,236.60503615716573
epsilon_greedy,1,9,9,90,99,3,moderate_taxation,1.3624793302915155,-3.188076229297457,163.88008878249758,158.40791939277182,0,,0.002300095694192487,169.4937602842755
ucb1,1,9,9,90,99,3,moderate_taxation,1.3624793302915155,-3.188076229297457,163.88008878249758,158.40791939277182,0,,0.002300095694192487,169.4937602842755
softmax,1,9,9,90,99,3,moderate_taxation,1.0863760829162252,-4.800674064469322,130.94121083768337,126.56669498167979,0,,0.002436023589818483,135.4301997875125
pac_successive_elimination,1,9,9,90,99,4,high_taxation,2.0544502885825997,0.25373994447348436,246.50358583657513,238.34941388412904,0,,0.0027145929954563446,254.86987137034325
epsilon_greedy,1,9,10,100,109,3,moderate_taxation,1.4720186521783978,-1.1155283662261255,176.7761016653549,170.78370959573016,0,,0.0009635190288038445,182.90468030254695
ucb1,1,9,10,100,109,3,moderate_taxation,1.4720186521783978,-1.1155283662261255,176.7761016653549,170.78370959573016,0,,0.0009635190288038445,182.90468030254695
softmax,1,9,10,100,109,3,moderate_taxation,1.1753159901022197,-1.8246951762576742,141.25688223341723,136.462072327983,0,,0.001020459752753545,146.1615121105579
pac_successive_elimination,1,9,10,100,109,4,high_taxation,2.2148261741662387,0.5275671545474201,265.71583284140297,256.7919976035136,0,,0.0012909343743414737,274.83783924372165
epsilon_greedy,1,9,11,110,119,3,moderate_taxation,1.5897516825524711,-0.36685210753840325,190.81422415920113,184.30826646343027,0,,0.00040362186721671755,197.45954458596654
ucb1,1,9,11,110,119,3,moderate_taxation,1.5897516825524711,-0.36685210753840325,190.81422415920113,184.30826646343027,0,,0.00040362186721671755,197.45954458596654
softmax,1,9,11,110,119,3,moderate_taxation,1.2701018806048021,-0.6792253900225009,152.49373271937895,147.2850245559578,0,,0.0004274745578582105,157.8146778800383
pac_successive_elimination,1,9,11,110,119,4,high_taxation,2.388758205485072,0.4840233778905796,286.59290185286176,276.9253775931026,0,,0.0006796465213188615,296.46081144311785
epsilon_greedy,2,0,0,0,9,11,strong_marine_reserve,9.792141478367618,2535.374790314274,870.8120025664012,750.1462119556977,0,,1.6231724943666623,750.1462119556977
ucb1,2,0,0,0,9,11,strong_marine_reserve,9.792141478367618,2535.374790314274,870.8120025664012,750.1462119556977,0,,1.6231724943666623,750.1462119556977
softmax,2,0,0,0,9,11,strong_marine_reserve,9.792141478367618,2535.374790314274,870.8120025664012,750.1462119556977,0,,1.6231724943666623,750.1462119556977
pac_successive_elimination,2,0,0,0,9,1,baseline_laissez_faire,10.490521369403732,3448.0349987194627,845.0983644821124,685.0617923614428,0,,2.0946658360156425,685.0617923614428
epsilon_greedy,2,0,1,10,19,1,baseline_laissez_faire,8.477824768140737,4112.878671603311,523.793531584491,316.05665030206364,0,,2.579618925738808,316.05665030206364
ucb1,2,0,1,10,19,1,baseline_laissez_faire,8.477824768140737,4112.878671603311,523.793531584491,316.05665030206364,0,,2.579618925738808,316.05665030206364
softmax,2,0,1,10,19,1,baseline_laissez_faire,8.477824768140737,4112.878671603311,523.793531584491,316.05665030206364,0,,2.579618925738808,316.05665030206364
pac_successive_elimination,2,0,1,10,19,3,moderate_taxation,7.306302087564786,3684.756760534129,434.58543924367876,251.25320581226075,0,,2.090642867383461,251.25320581226075
epsilon_greedy,2,0,2,20,29,3,moderate_taxation,0.9400577070607461,-551.6784017043227,179.00833305180825,121.00352564787883,0,,1.1586917667979624,121.00352564787883
ucb1,2,0,2,20,29,3,moderate_taxation,0.9400577070607461,-551.6784017043227,179.00833305180825,121.00352564787883,0,,1.1586917667979624,121.00352564787883
softmax,2,0,2,20,29,3,moderate_taxation,0.9400577070607461,-551.6784017043227,179.00833305180825,121.00352564787883,0,,1.1586917667979624,121.00352564787883
pac_successive_elimination,2,0,2,20,29,4,high_taxation,0.5183692522472306,-842.2073758300155,163.26919536926954,123.70648739551876,0,,0.8815022449630269,123.70648739551876
epsilon_greedy,2,0,3,30,39,4,high_taxation,-100.35738545183013,-1174.6096715232866,98.06690636317913,86.61141285119983,1,0,0.4853804859715346,86.61141285119983
ucb1,2,0,3,30,39,4,high_taxation,-100.35738545183013,-1174.6096715232866,98.06690636317913,86.61141285119983,1,0,0.4853804859715346,86.61141285119983
softmax,2,0,3,30,39,4,high_taxation,-100.35738545183013,-1174.6096715232866,98.06690636317913,86.61141285119983,1,0,0.4853804859715346,86.61141285119983
pac_successive_elimination,2,0,3,30,39,5,hard_capacity_control,-99.96205765785585,-849.0843091641246,106.4431981569922,97.78007494828263,1,0,0.36926471759400875,97.78007494828263
epsilon_greedy,2,0,4,40,49,7,weak_capacity_control,-99.88815506109853,-566.2106769873449,81.3666739066583,78.99194432127558,1,0,0.20332777267678895,78.99194432127558
ucb1,2,0,4,40,49,7,weak_capacity_control,-99.88815506109853,-566.2106769873449,81.3666739066583,78.99194432127558,1,0,0.20332777267678895,78.99194432127558
softmax,2,0,4,40,49,7,weak_capacity_control,-99.88815506109853,-566.2106769873449,81.3666739066583,78.99194432127558,1,0,0.20332777267678895,78.99194432127558
pac_successive_elimination,2,0,4,40,49,7,weak_capacity_control,-99.61394547597318,-398.9317990853771,94.19835877346286,92.88818246655615,1,0,0.15468642585873654,92.88818246655615
epsilon_greedy,2,0,5,50,59,5,hard_capacity_control,-99.58529843600505,-242.71171410595218,78.88959337210905,78.61411942354333,1,0,0.08517479448922159,79.52789467543442
ucb1,2,0,5,50,59,5,hard_capacity_control,-99.58529843600505,-242.71171410595218,78.88959337210905,78.61411942354333,1,0,0.08517479448922159,79.52789467543442
softmax,2,0,5,50,59,5,hard_capacity_control,-99.58529843600505,-242.71171410595218,78.88959337210905,78.61411942354333,1,0,0.08517479448922159,79.52789467543442
pac_successive_elimination,2,0,5,50,59,10,moderate_marine_reserve,-99.40584140437026,-193.65773782414095,94.5379600144631,93.07029491480951,1,0,0.06479874519519657,96.3975378597746
epsilon_greedy,2,0,6,60,69,10,moderate_marine_reserve,-99.43016543462274,-112.3587159304414,81.86319375692344,79.89156051486358,1,0,0.03568005256130612,84.04409907803593
ucb1,2,0,6,60,69,10,moderate_marine_reserve,-99.43016543462274,-112.3587159304414,81.86319375692344,79.89156051486358,1,0,0.03568005256130612,84.04409907803593
softmax,2,0,6,60,69,10,moderate_marine_reserve,-99.43016543462274,-112.3587159304414,81.86319375692344,79.89156051486358,1,0,0.03568005256130612,84.04409907803593
pac_successive_elimination,2,0,6,60,69,11,strong_marine_reserve,-99.25484401671116,-86.20851346646992,99.76373961063827,96.95817360140698,1,0,0.027144446292310928,102.75087723270701
epsilon_greedy,2,0,7,70,79,11,strong_marine_reserve,-99.32172443907615,-49.32129773239702,87.31162303874902,84.60673902692169,1,0,0.014946512737857763,90.13162189836487
ucb1,2,0,7,70,79,11,strong_marine_reserve,-99.32172443907615,-49.32129773239702,87.31162303874902,84.60673902692169,1,0,0.014946512737857763,90.13162189836487
softmax,2,0,7,70,79,11,strong_marine_reserve,-99.32172443907615,-49.32129773239702,87.31162303874902,84.60673902692169,1,0,0.014946512737857763,90.13162189836487
pac_successive_elimination,2,0,7,70,79,1,baseline_laissez_faire,-99.13890797657619,-27.292670317211684,106.60616324892311,103.40818054805,1,0,0.01137091408632357,109.9617837825349
epsilon_greedy,2,0,8,80,89,1,baseline_laissez_faire,-99.2350215827651,-16.403093329144266,93.7657812676859,90.76390599857189,1,0,0.006261152296205209,96.87398905072425
ucb1,2,0,8,80,89,1,baseline_laissez_faire,-99.2350215827651,-16.403093329144266,93.7657812676859,90.76390599857189,1,0,0.006261152296205209,96.87398905072425
softmax,2,0,8,80,89,1,baseline_laissez_faire,-99.2350215827651,-16.403093329144266,93.7657812676859,90.76390599857189,1,0,0.006261152296205209,96.87398905072425
pac_successive_elimination,2,0,8,80,89,3,moderate_taxation,-99.05680515120808,-10.775922054862603,114.47649250161435,110.75147613375808,1,0,0.004763320119562626,118.31958340245376
epsilon_greedy,2,0,9,90,99,10,moderate_marine_reserve,-99.16596112162144,-7.65016229384986,101.00268488068917,97.60295057296011,1,0,0.002622821039517908,104.4876823372401
ucb1,2,0,9,90,99,3,moderate_taxation,-99.16515715954588,-6.560265316366632,100.96837269245705,97.59536878797277,1,0,0.002622821039517908,104.4309776575889
softmax,2,0,9,90,99,3,moderate_taxation,-99.16515715954588,-6.560265316366632,100.96837269245705,97.59536878797277,1,0,0.002622821039517908,104.4309776575889
pac_successive_elimination,2,0,9,90,99,4,high_taxation,-8.976263807111083,-4.201346870471051,123.35250477112646,119.20811426730057,1,0,0.0019953733173236885,127.60108023224724
epsilon_greedy,2,0,10,100,109,3,moderate_taxation,-99.09436379703519,-2.5937867612508767,108.98759876712758,105.28438752177298,1,0,0.0010987099306795612,112.77636957341352
ucb1,2,0,10,100,109,11,strong_marine_reserve,-99.09544600790198,-3.3922989874219227,108.95355493025191,105.23277807490071,1,0,0.0010987099306795612,112.75668016525104
softmax,2,0,10,100,109,11,strong_marine_reserve,-99.09544600790198,-3.3922989874219227,108.95355493025191,105.23277807490071,1,0,0.0010987099306795612,112.75668016525104
pac_successive_elimination,2,0,10,100,109,5,hard_capacity_control,1.1076059397244058,-1.615582605952471,133.106582679643,128.57663358915298,0,,0.0008358696404080706,137.73843866308047
epsilon_greedy,2,0,11,110,119,11,strong_marine_reserve,-79.02070328552244,-1.3814752276888929,117.68138276462814,113.64700862159769,1,0,0.0004602538616190798,121.80157629521882
ucb1,2,0,11,110,119,1,baseline_laissez_faire,-79.0206047416301,-1.0158882897314374,117.64933759915561,113.62463433404542,1,0,0.0004602538616190798,121.76129791867315
softmax,2,0,11,110,119,3,moderate_taxation,-79.0206047416301,-1.0158882897314374,117.64933759915561,113.62463433404542,1,0,0.0004602538616190798,121.76129791867315
pac_successive_elimination,2,0,11,110,119,7,weak_capacity_control,1.1970105939050113,-0.6109207654750932,143.71458176045834,138.79901078907986,0,,0.0003501490421316374,148.73530135201835
epsilon_greedy,2,1,0,0,9,1,baseline_laissez_faire,10.490521369403732,3448.0349987194627,845.0983644821124,685.0617923614428,0,,2.0946658360156425,685.0617923614428
ucb1,2,1,0,0,9,3,moderate_taxation,10.118290610614807,2917.3699619718477,864.1104778371554,739.8811269985001,0,,1.4853708961653926,739.8811269985001
softmax,2,1,0,0,9,1,baseline_laissez_faire,10.490521369403732,3448.0349987194627,845.0983644821124,685.0617923614428,0,,2.0946658360156425,685.0617923614428
pac_successive_elimination,2,1,0,0,9,10,moderate_marine_reserve,10.141336477120525,2989.221945950384,858.253743740417,717.9373143653968,0,,1.8586333167843792,717.9373143653968
epsilon_greedy,2,1,1,10,19,1,baseline_laissez_faire,7.172915297017182,3721.5387171817497,414.165189580252,210.99693960739452,0,,2.433656061354898,210.99693960739452
ucb1,2,1,1,10,19,3,moderate_taxation,8.091235544999945,3463.7698951987013,555.2958779761493,396.1874607197347,0,,1.852135913276932,396.1874607197347
softmax,2,1,1,10,19,1,baseline_laissez_faire,7.172915297017182,3721.5387171817497,414.165189580252,210.99693960739452,0,,2.433656061354898,210.99693960739452
pac_successive_elimination,2,1,1,10,19,11,strong_marine_reserve,6.483554683924766,1955.6407571935695,543.3496712077435,424.21809979929606,0,,1.587311859591302,424.21809979929606
epsilon_greedy,2,1,2,20,29,1,baseline_laissez_faire,-50.58587411208708,-1652.3190888752126,127.9733972145757,92.3055313030015,1,5,1.0194679858754725,92.3055313030015
ucb1,2,1,2,20,29,3,moderate_taxation,2.9053361526327284,765.8368160274092,256.7399203926382,185.10785301335062,0,,1.0161203923383744,185.10785301335062
softmax,2,1,2,20,29,1,baseline_laissez_faire,-50.58587411208708,-1652.3190888752126,127.9733972145757,92.3055313030015,1,5,1.0194679858754725,92.3055313030015
pac_successive_elimination,2,1,2,20,29,1,baseline_laissez_faire,3.47299757189261,1094.9615407985327,285.3643237312893,204.13018393378988,0,,1.0865855213269806,204.13018393378988
epsilon_greedy,2,1,3,30,39,1,baseline_laissez_faire,-100.55626119379933,-1199.919120068375,77.23895115228476,69.61524112997978,1,0,0.42705910285711063,69.61524112997978
ucb1,2,1,3,30,39,3,moderate_taxation,0.6945658190452897,-587.7337612317224,153.87594963324145,138.1876946879523,0,,0.425656782909363,138.1876946879523
softmax,2,1,3,30,39,1,baseline_laissez_faire,-100.55626119379933,-1199.919120068375,77.23895115228476,69.61524112997978,1,0,0.42705910285711063,69.61524112997978
pac_successive_elimination,2,1,3,30,39,3,moderate_taxation,0.8813439175970361,-509.22045919473544,166.8677252150126,148.2063821349172,0,,0.45517489940297945,148.2063821349172
epsilon_greedy,2,1,4,40,49,1,baseline_laissez_faire,-99.99275753515425,-544.7100541464667,66.23430227906685,64.81157573410937,1,0,0.17889671854334988,64.81157573410937
ucb1,2,1,4,40,49,3,moderate_taxation,0.7542938581752301,-339.44227085083014,131.24833548312722,128.2992818432063,0,,0.1783092812651803,128.2992818432063
softmax,2,1,4,40,49,1,baseline_laissez_faire,-99.99275753515425,-544.7100541464667,66.23430227906685,64.81157573410937,1,0,0.17889671854334988,64.81157573410937
pac_successive_elimination,2,1,4,40,49,4,high_taxation,0.8325884917844175,-332.3437880873488,139.79187358461195,136.0640890081892,0,,0.19067453502738657,136.0640890081892
epsilon_greedy,2,1,5,50,59,1,baseline_laissez_faire,-99.6886091012348,-230.8885876618605,65.07353837124532,64.70802322165552,1,0,0.074940530927605,65.81291244353963
ucb1,2,1,5,50,59,3,moderate_taxation,0.9244151080734687,-148.3157918370445,128.7277079892616,128.0561653727147,0,,0.07469445116789143,130.13047489823884
softmax,2,1,5,50,59,1,baseline_laissez_faire,-99.6886091012348,-230.8885876618605,65.07353837124532,64.70802322165552,1,0,0.074940530927605,65.81291244353963
pac_successive_elimination,2,1,5,50,59,5,hard_capacity_control,0.986525658718135,-147.845145547314,136.12449651185392,135.57360315714942,0,,0.07987430404355923,137.36680036737533
epsilon_greedy,2,1,6,60,69,3,moderate_taxation,-99.53242042209965,-95.63170556904626,67.58535401632729,66.07784570581023,1,0,0.03139287976570931,69.28806030275011
ucb1,2,1,6,60,69,3,moderate_taxation,1.053289292352996,-59.88260528028704,133.58062771599396,130.64343325662372,0,,0.03128979599763559,136.90672913185583
softmax,2,1,6,60,69,1,baseline_laissez_faire,-99.53242042209965,-95.63170556904626,67.58535401632729,66.07784570581023,1,0,0.03139287976570931,69.28806030275011
pac_successive_elimination,2,1,6,60,69,7,weak_capacity_control,1.1139657419596858,-59.679063373304025,140.83737663995876,137.8698565935431,0,,0.03345965650592302,144.2384155519561
epsilon_greedy,2,1,7,70,79,1,baseline_laissez_faire,-99.4406081626883,-39.18046241179946,71.82867596681893,69.71774923775551,1,0,0.013150599385749199,74.0549755342241
ucb1,2,1,7,70,79,3,moderate_taxation,1.1591487767533237,-23.232635256344082,141.8857694411601,137.7479834498531,0,,0.013107417194525321,146.2523882670289
softmax,2,1,7,70,79,3,moderate_taxation,-99.4406081626883,-39.18046241179946,71.82867596681893,69.71774923775551,1,0,0.013150599385749199,74.0549755342241
pac_successive_elimination,2,1,7,70,79,10,moderate_marine_reserve,1.2152620078946246,-32.23290823545913,149.69938993561004,145.1727306248206,0,,0.014016380197614167,154.43842016466544
epsilon_greedy,2,1,8,80,89,11,strong_marine_reserve,-99.37571849900709,-18.733611602433704,77.1618135114413,74.60110326583398,1,0,0.005508837210703079,79.79479106786124
ucb1,2,1,8,80,89,3,moderate_taxation,1.2594111570579225,-8.74404053555717,152.17862371121754,147.28596994423168,0,,0.0054907480229120205,157.23620265188882
softmax,2,1,8,80,89,1,baseline_laissez_faire,-99.37366293301451,-15.944921997493587,77.07383867795733,74.58162591951854,1,0,0.005508837210703079,79.64967390423702
pac_successive_elimination,2,1,8,80,89,11,strong_marine_reserve,1.3254559175747809,-15.119502584619061,160.869050419128,155.5681618028492,0,,0.005871516158849192,166.32147432477225
epsilon_greedy,2,1,9,90,99,1,baseline_laissez_faire,-99.31324682480468,-6.44900135406356,83.18426118592572,80.3925586088605,1,0,0.002307673325286836,86.04824874319331
ucb1,2,1,9,90,99,3,moderate_taxation,1.3624793302915155,-3.188076229297457,163.88008878249758,158.40791939277182,0,,0.002300095694192487,169.4937602842755
softmax,2,1,9,90,99,1,baseline_laissez_faire,-99.31451300257245,-6.454737461944177,83.03300818673988,80.24635914358844,1,0,0.002307673325286836,85.89181217855817
pac_successive_elimination,2,1,9,90,99,4,high_taxation,1.4414219711350111,-2.996383344372814,173.33020253752605,167.5568700525274,0,,0.002459600946719137,179.25500402108943
epsilon_greedy,2,1,10,100,109,1,baseline_laissez_faire,-99.25456121836376,-2.5972512483213244,89.7643239461466,86.70641139551137,1,0,0.0009666933279302226,92.8921199328942
ucb1,2,1,10,100,109,3,moderate_taxation,1.4720186521783978,-1.1155283662261255,176.7761016653549,170.78370959573016,0,,0.0009635190288038445,182.90468030254695
softmax,2,1,10,100,109,11,strong_marine_reserve,-99.25634310051265,-3.168958047062051,89.619102904132,86.55274808815312,1,0,0.0009666933279302226,92.7529159598721
pac_successive_elimination,2,1,10,100,109,4,high_taxation,1.5568723522673862,-1.0068935879298633,186.94550950263795,180.61698003898144,0,,0.001030336399225272,193.41874213456222
epsilon_greedy,2,1,11,110,119,1,baseline_laissez_faire,-99.19328722653104,-1.040369611373566,96.93037716964011,93.60859316459894,1,0,0.0004049515934620661,100.32390987286836
ucb1,2,1,11,110,119,3,moderate_taxation,1.5897516825524711,-0.36685210753840325,190.81422415920113,184.30826646343027,0,,0.00040362186721671755,197.45954458596654
softmax,2,1,11,110,119,1,baseline_laissez_faire,-99.19449839108118,-1.041335817588956,96.78515336836747,93.46832089668426,1,0,0.0004049515934620661,100.17362864350152
pac_successive_elimination,2,1,11,110,119,4,high_taxation,1.6811487446008517,-0.3081172795188477,201.77482342564446,194.90147115635418,0,,0.00043161192346447843,208.79569259277622
epsilon_greedy,2,2,0,0,9,3,moderate_taxation,10.118290610614807,2917.3699619718477,864.1104778371554,739.8811269985001,0,,1.4853708961653926,739.8811269985001
ucb1,2,2,0,0,9,3,moderate_taxation,10.118290610614807,2917.3699619718477,864.1104778371554,739.8811269985001,0,,1.4853708961653926,739.8811269985001
softmax,2,2,0,0,9,1,baseline_laissez_faire,10.490521369403732,3448.0349987194627,845.0983644821124,685.0617923614428,0,,2.0946658360156425,685.0617923614428
pac_successive_elimination,2,2,0,0,9,4,high_taxation,9.919364828836628,2630.4171257777757,874.6737243670624,769.2682333080999,0,,1.1885390363166835,769.2682333080999
epsilon_greedy,2,2,1,10,19,3,moderate_taxation,8.091235544999945,3463.7698951987013,555.2958779761493,396.1874607197347,0,,1.852135913276932,396.1874607197347
ucb1,2,2,1,10,19,3,moderate_taxation,8.091235544999945,3463.7698951987013,555.2958779761493,396.1874607197347,0,,1.852135913276932,396.1874607197347
softmax,2,2,1,10,19,1,baseline_laissez_faire,7.172915297017182,3721.5387171817497,414.165189580252,210.99693960739452,0,,2.433656061354898,210.99693960739452
pac_successive_elimination,2,2,1,10,19,4,high_taxation,8.016056187162523,2735.0675641583553,633.7186347605001,520.5969804335092,0,,1.2892753952149958,520.5969804335092
epsilon_greedy,2,2,2,20,29,3,moderate_taxation,2.9053361526327284,765.8368160274092,256.7399203926382,185.10785301335062,0,,1.0161203923383744,185.10785301335062
ucb1,2,2,2,20,29,3,moderate_taxation,2.9053361526327284,765.8368160274092,256.7399203926382,185.10785301335062,0,,1.0161203923383744,185.10785301335062
softmax,2,2,2,20,29,1,baseline_laissez_faire,-50.58587411208708,-1652.3190888752126,127.9733972145757,92.3055313030015,1,5,1.0194679858754725,92.3055313030015
pac_successive_elimination,2,2,2,20,29,4,high_taxation,5.142199588350904,1858.947858809066,393.9902075450205,305.5567624125514,0,,1.042468553486391,305.5567624125514
epsilon_greedy,2,2,3,30,39,3,moderate_taxation,0.6945658190452897,-587.7337612317224,153.87594963324145,138.1876946879523,0,,0.425656782909363,138.1876946879523
ucb1,2,2,3,30,39,3,moderate_taxation,0.6945658190452897,-587.7337612317224,153.87594963324145,138.1876946879523,0,,0.425656782909363,138.1876946879523
softmax,2,2,3,30,39,1,baseline_laissez_faire,-100.55626119379933,-1199.919120068375,77.23895115228476,69.61524112997978,1,0,0.42705910285711063,69.61524112997978
pac_successive_elimination,2,2,3,30,39,4,high_taxation,2.2708133466232523,205.67214235832427,247.81694451179135,217.37186359829838,0,,0.4859695748899937,217.37186359829838
epsilon_greedy,2,2,4,40,49,3,moderate_taxation,0.7542938581752301,-339.44227085083014,131.24833548312722,128.2992818432063,0,,0.1783092812651803,128.2992818432063
ucb1,2,2,4,40,49,3,moderate_taxation,0.7542938581752301,-339.44227085083014,131.24833548312722,128.2992818432063,0,,0.1783092812651803,128.2992818432063
softmax,2,2,4,40,49,1,baseline_laissez_faire,-99.99275753515425,-544.7100541464667,66.23430227906685,64.81157573410937,1,0,0.17889671854334988,64.81157573410937
pac_successive_elimination,2,2,4,40,49,4,high_taxation,1.5766261051513193,-116.76127268202112,203.20648534000082,196.68638115261598,0,,0.20357454431504118,196.68638115261598
epsilon_greedy,2,2,5,50,59,3,moderate_taxation,0.9244151080734687,-148.3157918370445,128.7277079892616,128.0561653727147,0,,0.07469445116789143,130.13047489823884
ucb1,2,2,5,50,59,3,moderate_taxation,0.9244151080734687,-148.3157918370445,128.7277079892616,128.0561653727147,0,,0.07469445116789143,130.13047489823884
softmax,2,2,5,50,59,1,baseline_laissez_faire,-99.6886091012348,-230.8885876618605,65.07353837124532,64.70802322165552,1,0,0.074940530927605,65.81291244353963
pac_successive_elimination,2,2,5,50,59,4,high_taxation,1.5677566308093622,-65.81708149942209,196.02884547705412,195.42318102032664,0,,0.08527816808790509,197.35778671562124
epsilon_greedy,2,2,6,60,69,3,moderate_taxation,1.053289292352996,-59.88260528028704,133.58062771599396,130.64343325662372,0,,0.03128979599763559,136.90672913185583
ucb1,2,2,6,60,69,3,moderate_taxation,1.053289292352996,-59.88260528028704,133.58062771599396,130.64343325662372,0,,0.03128979599763559,136.90672913185583
softmax,2,2,6,60,69,1,baseline_laissez_faire,-99.53242042209965,-95.63170556904626,67.58535401632729,66.07784570581023,1,0,0.03139287976570931,69.28806030275011
pac_successive_elimination,2,2,6,60,69,4,high_taxation,1.6587213250846133,-24.67915656505823,202.0080577979606,198.0062227450955,0,,0.03572335616369926,206.67399071262756
epsilon_greedy,2,2,7,70,79,3,moderate_taxation,1.1591487767533237,-23.232635256344082,141.8857694411601,137.7479834498531,0,,0.013107417194525321,146.2523882670289
ucb1,2,2,7,70,79,3,moderate_taxation,1.1591487767533237,-23.232635256344082,141.8857694411601,137.7479834498531,0,,0.013107417194525321,146.2523882670289
softmax,2,2,7,70,79,1,baseline_laissez_faire,-99.4406081626883,-39.18046241179946,71.82867596681893,69.71774923775551,1,0,0.013150599385749199,74.0549755342241
pac_successive_elimination,2,2,7,70,79,4,high_taxation,1.7753078932624247,-7.285706627595067,213.9112319868024,207.88361442430215,0,,0.014964652785259661,220.3148506356031
epsilon_greedy,2,2,8,80,89,3,moderate_taxation,1.2594111570579225,-8.74404053555717,152.17862371121754,147.28596994423168,0,,0.0054907480229120205,157.23620265188882
ucb1,2,2,8,80,89,3,moderate_taxation,1.2594111570579225,-8.74404053555717,152.17862371121754,147.28596994423168,0,,0.0054907480229120205,157.23620265188882
softmax,2,2,8,80,89,1,baseline_laissez_faire,-99.37366293301451,-15.944921997493587,77.07383867795733,74.58162591951854,1,0,0.005508837210703079,79.64967390423702
pac_successive_elimination,2,2,8,80,89,4,high_taxation,1.907742558249175,-1.3617897196225237,229.09252175625568,221.84072939326833,0,,0.0062687512325882745,236.60503615716573
epsilon_greedy,2,2,9,90,99,3,moderate_taxation,1.3624793302915155,-3.188076229297457,163.88008878249758,158.40791939277182,0,,0.002300095694192487,169.4937602842755
ucb1,2,2,9,90,99,3,moderate_taxation,1.3624793302915155,-3.188076229297457,163.88008878249758,158.40791939277182,0,,0.002300095694192487,169.4937602842755
softmax,2,2,9,90,99,3,moderate_taxation,-99.31451300257245,-6.454737461944177,83.03300818673988,80.24635914358844,1,0,0.002307673325286836,85.89181217855817
pac_successive_elimination,2,2,9,90,99,4,high_taxation,2.0544502885825997,0.25373994447348436,246.50358583657513,238.34941388412904,0,,0.0027145929954563446,254.86987137034325
epsilon_greedy,2,2,10,100,109,3,moderate_taxation,1.4720186521783978,-1.1155283662261255,176.7761016653549,170.78370959573016,0,,0.0009635190288038445,182.90468030254695
ucb1,2,2,10,100,109,3,moderate_taxation,1.4720186521783978,-1.1155283662261255,176.7761016653549,170.78370959573016,0,,0.0009635190288038445,182.90468030254695
softmax,2,2,10,100,109,1,baseline_laissez_faire,-99.25592347181272,-2.599842803163998,89.60116451885206,86.54878388327663,1,0,0.0009666933279302226,92.72330322384406
pac_successive_elimination,2,2,10,100,109,4,high_taxation,2.2148261741662387,0.5275671545474201,265.71583284140297,256.7919976035136,0,,0.0012909343743414737,274.83783924372165
epsilon_greedy,2,2,11,110,119,3,moderate_taxation,1.5897516825524711,-0.36685210753840325,190.81422415920113,184.30826646343027,0,,0.00040362186721671755,197.45954458596654
ucb1,2,2,11,110,119,3,moderate_taxation,1.5897516825524711,-0.36685210753840325,190.81422415920113,184.30826646343027,0,,0.00040362186721671755,197.45954458596654
softmax,2,2,11,110,119,11,strong_marine_reserve,-99.19494587619546,-1.2989914714749031,96.76237383312076,93.44027360113263,1,0,0.0004049515934620661,100.1550548378746
pac_successive_elimination,2,2,11,110,119,4,high_taxation,2.388758205485072,0.4840233778905796,286.59290185286176,276.9253775931026,0,,0.0006796465213188615,296.46081144311785
epsilon_greedy,2,3,0,0,9,3,moderate_taxation,10.118290610614807,2917.3699619718477,864.1104778371554,739.8811269985001,0,,1.4853708961653926,739.8811269985001
ucb1,2,3,0,0,9,3,moderate_taxation,10.118290610614807,2917.3699619718477,864.1104778371554,739.8811269985001,0,,1.4853708961653926,739.8811269985001
softmax,2,3,0,0,9,1,baseline_laissez_faire,10.490521369403732,3448.0349987194627,845.0983644821124,685.0617923614428,0,,2.0946658360156425,685.0617923614428
pac_successive_elimination,2,3,0,0,9,4,high_taxation,9.919364828836628,2630.4171257777757,874.6737243670624,769.2682333080999,0,,1.1885390363166835,769.2682333080999
epsilon_greedy,2,3,1,10,19,3,moderate_taxation,8.091235544999945,3463.7698951987013,555.2958779761493,396.1874607197347,0,,1.852135913276932,396.1874607197347
ucb1,2,3,1,10,19,3,moderate_taxation,8.091235544999945,3463.7698951987013,555.2958779761493,396.1874607197347,0,,1.852135913276932,396.1874607197347
softmax,2,3,1,10,19,1,baseline_laissez_faire,7.172915297017182,3721.5387171817497,414.165189580252,210.99693960739452,0,,2.433656061354898,210.99693960739452
pac_successive_elimination,2,3,1,10,19,4,high_taxation,8.016056187162523,2735.0675641583553,633.7186347605001,520.5969804335092,0,,1.2892753952149958,520.5969804335092
epsilon_greedy,2,3,2,20,29,3,moderate_taxation,2.9053361526327284,765.8368160274092,256.7399203926382,185.10785301335062,0,,1.0161203923383744,185.10785301335062
ucb1,2,3,2,20,29,3,moderate_taxation,2.9053361526327284,765.8368160274092,256.7399203926382,185.10785301335062,0,,1.0161203923383744,185.10785301335062
softmax,2,3,2,20,29,1,baseline_laissez_faire,-50.58587411208708,-1652.3190888752126,127.9733972145757,92.3055313030015,1,5,1.0194679858754725,92.3055313030015
pac_successive_elimination,2,3,2,20,29,4,high_taxation,5.142199588350904,1858.947858809066,393.9902075450205,305.5567624125514,0,,1.042468553486391,305.5567624125514
epsilon_greedy,2,3,3,30,39,3,moderate_taxation,0.6945658190452897,-587.7337612317224,153.87594963324145,138.1876946879523,0,,0.425656782909363,138.1876946879523
ucb1,2,3,3,30,39,3,moderate_taxation,0.6945658190452897,-587.7337612317224,153.87594963324145,138.1876946879523,0,,0.425656782909363,138.1876946879523
softmax,2,3,3,30,39,1,baseline_laissez_faire,-100.55626119379933,-1199.919120068375,77.23895115228476,69.61524112997978,1,0,0.42705910285711063,69.61524112997978
pac_successive_elimination,2,3,3,30,39,4,high_taxation,2.2708133466232523,205.67214235832427,247.81694451179135,217.37186359829838,0,,0.4859695748899937,217.37186359829838
epsilon_greedy,2,3,4,40,49,3,moderate_taxation,0.7542938581752301,-339.44227085083014,131.24833548312722,128.2992818432063,0,,0.1783092812651803,128.2992818432063
ucb1,2,3,4,40,49,3,moderate_taxation,0.7542938581752301,-339.44227085083014,131.24833548312722,128.2992818432063,0,,0.1783092812651803,128.2992818432063
softmax,2,3,4,40,49,1,baseline_laissez_faire,-99.99275753515425,-544.7100541464667,66.23430227906685,64.81157573410937,1,0,0.17889671854334988,64.81157573410937
pac_successive_elimination,2,3,4,40,49,4,high_taxation,1.5766261051513193,-116.76127268202112,203.20648534000082,196.68638115261598,0,,0.20357454431504118,196.68638115261598
epsilon_greedy,2,3,5,50,59,3,moderate_taxation,0.9244151080734687,-148.3157918370445,128.7277079892616,128.0561653727147,0,,0.07469445116789143,130.13047489823884
ucb1,2,3,5,50,59,3,moderate_taxation,0.9244151080734687,-148.3157918370445,128.7277079892616,128.0561653727147,0,,0.07469445116789143,130.13047489823884
softmax,2,3,5,50,59,1,baseline_laissez_faire,-99.6886091012348,-230.8885876618605,65.07353837124532,64.70802322165552,1,0,0.074940530927605,65.81291244353963
pac_successive_elimination,2,3,5,50,59,4,high_taxation,1.5677566308093622,-65.81708149942209,196.02884547705412,195.42318102032664,0,,0.08527816808790509,197.35778671562124
epsilon_greedy,2,3,6,60,69,3,moderate_taxation,1.053289292352996,-59.88260528028704,133.58062771599396,130.64343325662372,0,,0.03128979599763559,136.90672913185583
ucb1,2,3,6,60,69,3,moderate_taxation,1.053289292352996,-59.88260528028704,133.58062771599396,130.64343325662372,0,,0.03128979599763559,136.90672913185583
softmax,2,3,6,60,69,1,baseline_laissez_faire,-99.53242042209965,-95.63170556904626,67.58535401632729,66.07784570581023,1,0,0.03139287976570931,69.28806030275011
pac_successive_elimination,2,3,6,60,69,4,high_taxation,1.6587213250846133,-24.67915656505823,202.0080577979606,198.0062227450955,0,,0.03572335616369926,206.67399071262756
epsilon_greedy,2,3,7,70,79,3,moderate_taxation,1.1591487767533237,-23.232635256344082,141.8857694411601,137.7479834498531,0,,0.013107417194525321,146.2523882670289
ucb1,2,3,7,70,79,3,moderate_taxation,1.1591487767533237,-23.232635256344082,141.8857694411601,137.7479834498531,0,,0.013107417194525321,146.2523882670289
softmax,2,3,7,70,79,1,baseline_laissez_faire,-99.4406081626883,-39.18046241179946,71.82867596681893,69.71774923775551,1,0,0.013150599385749199,74.0549755342241
pac_successive_elimination,2,3,7,70,79,4,high_taxation,1.7753078932624247,-7.285706627595067,213.9112319868024,207.88361442430215,0,,0.014964652785259661,220.3148506356031
epsilon_greedy,2,3,8,80,89,3,moderate_taxation,1.2594111570579225,-8.74404053555717,152.17862371121754,147.28596994423168,0,,0.0054907480229120205,157.23620265188882
ucb1,2,3,8,80,89,3,moderate_taxation,1.2594111570579225,-8.74404053555717,152.17862371121754,147.28596994423168,0,,0.0054907480229120205,157.23620265188882
softmax,2,3,8,80,89,1,baseline_laissez_faire,-99.37366293301451,-15.944921997493587,77.07383867795733,74.58162591951854,1,0,0.005508837210703079,79.64967390423702
pac_successive_elimination,2,3,8,80,89,4,high_taxation,1.907742558249175,-1.3617897196225237,229.09252175625568,221.84072939326833,0,,0.0062687512325882745,236.60503615716573
epsilon_greedy,2,3,9,90,99,3,moderate_taxation,1.3624793302915155,-3.188076229297457,163.88008878249758,158.40791939277182,0,,0.002300095694192487,169.4937602842755
ucb1,2,3,9,90,99,3,moderate_taxation,1.3624793302915155,-3.188076229297457,163.88008878249758,158.40791939277182,0,,0.002300095694192487,169.4937602842755
softmax,2,3,9,90,99,1,baseline_laissez_faire,-99.31451300257245,-6.454737461944177,83.03300818673988,80.24635914358844,1,0,0.002307673325286836,85.89181217855817
pac_successive_elimination,2,3,9,90,99,4,high_taxation,2.0544502885825997,0.25373994447348436,246.50358583657513,238.34941388412904,0,,0.0027145929954563446,254.86987137034325
epsilon_greedy,2,3,10,100,109,3,moderate_taxation,1.4720186521783978,-1.1155283662261255,176.7761016653549,170.78370959573016,0,,0.0009635190288038445,182.90468030254695
ucb1,2,3,10,100,109,3,moderate_taxation,1.4720186521783978,-1.1155283662261255,176.7761016653549,170.78370959573016,0,,0.0009635190288038445,182.90468030254695
softmax,2,3,10,100,109,1,baseline_laissez_faire,-99.25592347181272,-2.599842803163998,89.60116451885206,86.54878388327663,1,0,0.0009666933279302226,92.72330322384406
pac_successive_elimination,2,3,10,100,109,4,high_taxation,2.2148261741662387,0.5275671545474201,265.71583284140297,256.7919976035136,0,,0.0012909343743414737,274.83783924372165
epsilon_greedy,2,3,11,110,119,3,moderate_taxation,1.5897516825524711,-0.36685210753840325,190.81422415920113,184.30826646343027,0,,0.00040362186721671755,197.45954458596654
ucb1,2,3,11,110,119,3,moderate_taxation,1.5897516825524711,-0.36685210753840325,190.81422415920113,184.30826646343027,0,,0.00040362186721671755,197.45954458596654
softmax,2,3,11,110,119,1,baseline_laissez_faire,-99.19475604112942,-1.041541357824805,96.75426002740817,93.43848090116123,1,0,0.0004049515934620661,100.14165942958724
pac_successive_elimination,2,3,11,110,119,4,high_taxation,2.388758205485072,0.4840233778905796,286.59290185286176,276.9253775931026,0,,0.0006796465213188615,296.46081144311785
epsilon_greedy,2,4,0,0,9,3,moderate_taxation,10.118290610614807,2917.3699619718477,864.1104778371554,739.8811269985001,0,,1.4853708961653926,739.8811269985001
ucb1,2,4,0,0,9,3,moderate_taxation,10.118290610614807,2917.3699619718477,864.1104778371554,739.8811269985001,0,,1.4853708961653926,739.8811269985001
softmax,2,4,0,0,9,1,baseline_laissez_faire,10.490521369403732,3448.0349987194627,845.0983644821124,685.0617923614428,0,,2.0946658360156425,685.0617923614428
pac_successive_elimination,2,4,0,0,9,4,high_taxation,9.919364828836628,2630.4171257777757,874.6737243670624,769.2682333080999,0,,1.1885390363166835,769.2682333080999
epsilon_greedy,2,4,1,10,19,3,moderate_taxation,8.091235544999945,3463.7698951987013,555.2958779761493,396.1874607197347,0,,1.852135913276932,396.1874607197347
ucb1,2,4,1,10,19,3,moderate_taxation,8.091235544999945,3463.7698951987013,555.2958779761493,396.1874607197347,0,,1.852135913276932,396.1874607197347
softmax,2,4,1,10,19,1,baseline_laissez_faire,7.172915297017182,3721.5387171817497,414.165189580252,210.99693960739452,0,,2.433656061354898,210.99693960739452
pac_successive_elimination,2,4,1,10,19,4,high_taxation,8.016056187162523,2735.0675641583553,633.7186347605001,520.5969804335092,0,,1.2892753952149958,520.5969804335092
epsilon_greedy,2,4,2,20,29,3,moderate_taxation,2.9053361526327284,765.8368160274092,256.7399203926382,185.10785301335062,0,,1.0161203923383744,185.10785301335062
ucb1,2,4,2,20,29,3,moderate_taxation,2.9053361526327284,765.8368160274092,256.7399203926382,185.10785301335062,0,,1.0161203923383744,185.10785301335062
softmax,2,4,2,20,29,1,baseline_laissez_faire,-50.58587411208708,-1652.3190888752126,127.9733972145757,92.3055313030015,1,5,1.0194679858754725,92.3055313030015
pac_successive_elimination,2,4,2,20,29,4,high_taxation,5.142199588350904,1858.947858809066,393.9902075450205,305.5567624125514,0,,1.042468553486391,305.5567624125514
epsilon_greedy,2,4,3,30,39,3,moderate_taxation,0.6945658190452897,-587.7337612317224,153.87594963324145,138.1876946879523,0,,0.425656782909363,138.1876946879523
ucb1,2,4,3,30,39,3,moderate_taxation,0.6945658190452897,-587.7337612317224,153.87594963324145,138.1876946879523,0,,0.425656782909363,138.1876946879523
softmax,2,4,3,30,39,1,baseline_laissez_faire,-100.55626119379933,-1199.919120068375,77.23895115228476,69.61524112997978,1,0,0.42705910285711063,69.61524112997978
pac_successive_elimination,2,4,3,30,39,4,high_taxation,2.2708133466232523,205.67214235832427,247.81694451179135,217.37186359829838,0,,0.4859695748899937,217.37186359829838
epsilon_greedy,2,4,4,40,49,3,moderate_taxation,0.7542938581752301,-339.44227085083014,131.24833548312722,128.2992818432063,0,,0.1783092812651803,128.2992818432063
ucb1,2,4,4,40,49,3,moderate_taxation,0.7542938581752301,-339.44227085083014,131.24833548312722,128.2992818432063,0,,0.1783092812651803,128.2992818432063
softmax,2,4,4,40,49,1,baseline_laissez_faire,-99.99275753515425,-544.7100541464667,66.23430227906685,64.81157573410937,1,0,0.17889671854334988,64.81157573410937
pac_successive_elimination,2,4,4,40,49,4,high_taxation,1.5766261051513193,-116.76127268202112,203.20648534000082,196.68638115261598,0,,0.20357454431504118,196.68638115261598
epsilon_greedy,2,4,5,50,59,3,moderate_taxation,0.9244151080734687,-148.3157918370445,128.7277079892616,128.0561653727147,0,,0.07469445116789143,130.13047489823884
ucb1,2,4,5,50,59,3,moderate_taxation,0.9244151080734687,-148.3157918370445,128.7277079892616,128.0561653727147,0,,0.07469445116789143,130.13047489823884
softmax,2,4,5,50,59,1,baseline_laissez_faire,-99.6886091012348,-230.8885876618605,65.07353837124532,64.70802322165552,1,0,0.074940530927605,65.81291244353963
pac_successive_elimination,2,4,5,50,59,4,high_taxation,1.5677566308093622,-65.81708149942209,196.02884547705412,195.42318102032664,0,,0.08527816808790509,197.35778671562124
epsilon_greedy,2,4,6,60,69,3,moderate_taxation,1.053289292352996,-59.88260528028704,133.58062771599396,130.64343325662372,0,,0.03128979599763559,136.90672913185583
ucb1,2,4,6,60,69,3,moderate_taxation,1.053289292352996,-59.88260528028704,133.58062771599396,130.64343325662372,0,,0.03128979599763559,136.90672913185583
softmax,2,4,6,60,69,1,baseline_laissez_faire,-99.53242042209965,-95.63170556904626,67.58535401632729,66.07784570581023,1,0,0.03139287976570931,69.28806030275011
pac_successive_elimination,2,4,6,60,69,4,high_taxation,1.6587213250846133,-24.67915656505823,202.0080577979606,198.0062227450955,0,,0.03572335616369926,206.67399071262756
epsilon_greedy,2,4,7,70,79,3,moderate_taxation,1.1591487767533237,-23.232635256344082,141.8857694411601,137.7479834498531,0,,0.013107417194525321,146.2523882670289
ucb1,2,4,7,70,79,3,moderate_taxation,1.1591487767533237,-23.232635256344082,141.8857694411601,137.7479834498531,0,,0.013107417194525321,146.2523882670289
softmax,2,4,7,70,79,1,baseline_laissez_faire,-99.4406081626883,-39.18046241179946,71.82867596681893,69.71774923775551,1,0,0.013150599385749199,74.0549755342241
pac_successive_elimination,2,4,7,70,79,4,high_taxation,1.7753078932624247,-7.285706627595067,213.9112319868024,207.88361442430215,0,,0.014964652785259661,220.3148506356031
epsilon_greedy,2,4,8,80,89,3,moderate_taxation,1.2594111570579225,-8.74404053555717,152.17862371121754,147.28596994423168,0,,0.0054907480229120205,157.23620265188882
ucb1,2,4,8,80,89,3,moderate_taxation,1.2594111570579225,-8.74404053555717,152.17862371121754,147.28596994423168,0,,0.0054907480229120205,157.23620265188882
softmax,2,4,8,80,89,1,baseline_laissez_faire,-99.37366293301451,-15.944921997493587,77.07383867795733,74.58162591951854,1,0,0.005508837210703079,79.64967390423702
pac_successive_elimination,2,4,8,80,89,4,high_taxation,1.907742558249175,-1.3617897196225237,229.09252175625568,221.84072939326833,0,,0.0062687512325882745,236.60503615716573
epsilon_greedy,2,4,9,90,99,3,moderate_taxation,1.3624793302915155,-3.188076229297457,163.88008878249758,158.40791939277182,0,,0.002300095694192487,169.4937602842755
ucb1,2,4,9,90,99,3,moderate_taxation,1.3624793302915155,-3.188076229297457,163.88008878249758,158.40791939277182,0,,0.002300095694192487,169.4937602842755
softmax,2,4,9,90,99,1,baseline_laissez_faire,-99.31451300257245,-6.454737461944177,83.03300818673988,80.24635914358844,1,0,0.002307673325286836,85.89181217855817
pac_successive_elimination,2,4,9,90,99,4,high_taxation,2.0544502885825997,0.25373994447348436,246.50358583657513,238.34941388412904,0,,0.0027145929954563446,254.86987137034325
epsilon_greedy,2,4,10,100,109,3,moderate_taxation,1.4720186521783978,-1.1155283662261255,176.7761016653549,170.78370959573016,0,,0.0009635190288038445,182.90468030254695
ucb1,2,4,10,100,109,3,moderate_taxation,1.4720186521783978,-1.1155283662261255,176.7761016653549,170.78370959573016,0,,0.0009635190288038445,182.90468030254695
softmax,2,4,10,100,109,1,baseline_laissez_faire,-99.25592347181272,-2.599842803163998,89.60116451885206,86.54878388327663,1,0,0.0009666933279302226,92.72330322384406
pac_successive_elimination,2,4,10,100,109,4,high_taxation,2.2148261741662387,0.5275671545474201,265.71583284140297,256.7919976035136,0,,0.0012909343743414737,274.83783924372165
epsilon_greedy,2,4,11,110,119,3,moderate_taxation,1.5897516825524711,-0.36685210753840325,190.81422415920113,184.30826646343027,0,,0.00040362186721671755,197.45954458596654
ucb1,2,4,11,110,119,3,moderate_taxation,1.5897516825524711,-0.36685210753840325,190.81422415920113,184.30826646343027,0,,0.00040362186721671755,197.45954458596654
softmax,2,4,11,110,119,1,baseline_laissez_faire,-99.19475604112942,-1.041541357824805,96.75426002740817,93.43848090116123,1,0,0.0004049515934620661,100.14165942958724
pac_successive_elimination,2,4,11,110,119,4,high_taxation,2.388758205485072,0.4840233778905796,286.59290185286176,276.9253775931026,0,,0.0006796465213188615,296.46081144311785
epsilon_greedy,2,5,0,0,9,3,moderate_taxation,10.118290610614807,2917.3699619718477,864.1104778371554,739.8811269985001,0,,1.4853708961653926,739.8811269985001
ucb1,2,5,0,0,9,3,moderate_taxation,10.118290610614807,2917.3699619718477,864.1104778371554,739.8811269985001,0,,1.4853708961653926,739.8811269985001
softmax,2,5,0,0,9,1,baseline_laissez_faire,10.490521369403732,3448.0349987194627,845.0983644821124,685.0617923614428,0,,2.0946658360156425,685.0617923614428
pac_successive_elimination,2,5,0,0,9,4,high_taxation,9.919364828836628,2630.4171257777757,874.6737243670624,769.2682333080999,0,,1.1885390363166835,769.2682333080999
epsilon_greedy,2,5,1,10,19,3,moderate_taxation,8.091235544999945,3463.7698951987013,555.2958779761493,396.1874607197347,0,,1.852135913276932,396.1874607197347
ucb1,2,5,1,10,19,3,moderate_taxation,8.091235544999945,3463.7698951987013,555.2958779761493,396.1874607197347,0,,1.852135913276932,396.1874607197347
softmax,2,5,1,10,19,1,baseline_laissez_faire,7.172915297017182,3721.5387171817497,414.165189580252,210.99693960739452,0,,2.433656061354898,210.99693960739452
pac_successive_elimination,2,5,1,10,19,4,high_taxation,8.016056187162523,2735.0675641583553,633.7186347605001,520.5969804335092,0,,1.2892753952149958,520.5969804335092
epsilon_greedy,2,5,2,20,29,3,moderate_taxation,2.9053361526327284,765.8368160274092,256.7399203926382,185.10785301335062,0,,1.0161203923383744,185.10785301335062
ucb1,2,5,2,20,29,3,moderate_taxation,2.9053361526327284,765.8368160274092,256.7399203926382,185.10785301335062,0,,1.0161203923383744,185.10785301335062
softmax,2,5,2,20,29,1,baseline_laissez_faire,-50.58587411208708,-1652.3190888752126,127.9733972145757,92.3055313030015,1,5,1.0194679858754725,92.3055313030015
pac_successive_elimination,2,5,2,20,29,4,high_taxation,5.142199588350904,1858.947858809066,393.9902075450205,305.5567624125514,0,,1.042468553486391,305.5567624125514
epsilon_greedy,2,5,3,30,39,3,moderate_taxation,0.6945658190452897,-587.7337612317224,153.87594963324145,138.1876946879523,0,,0.425656782909363,138.1876946879523
ucb1,2,5,3,30,39,3,moderate_taxation,0.6945658190452897,-587.7337612317224,153.87594963324145,138.1876946879523,0,,0.425656782909363,138.1876946879523
softmax,2,5,3,30,39,1,baseline_laissez_faire,-100.55626119379933,-1199.919120068375,77.23895115228476,69.61524112997978,1,0,0.42705910285711063,69.61524112997978
pac_successive_elimination,2,5,3,30,39,4,high_taxation,2.2708133466232523,205.67214235832427,247.81694451179135,217.37186359829838,0,,0.4859695748899937,217.37186359829838
epsilon_greedy,2,5,4,40,49,3,moderate_taxation,0.7542938581752301,-339.44227085083014,131.24833548312722,128.2992818432063,0,,0.1783092812651803,128.2992818432063
ucb1,2,5,4,40,49,3,moderate_taxation,0.7542938581752301,-339.44227085083014,131.24833548312722,128.2992818432063,0,,0.1783092812651803,128.2992818432063
softmax,2,5,4,40,49,1,baseline_laissez_faire,-99.99275753515425,-544.7100541464667,66.23430227906685,64.81157573410937,1,0,0.17889671854334988,64.81157573410937
pac_successive_elimination,2,5,4,40,49,4,high_taxation,1.5766261051513193,-116.76127268202112,203.20648534000082,196.68638115261598,0,,0.20357454431504118,196.68638115261598
epsilon_greedy,2,5,5,50,59,3,moderate_taxation,0.9244151080734687,-148.3157918370445,128.7277079892616,128.0561653727147,0,,0.07469445116789143,130.13047489823884
ucb1,2,5,5,50,59,3,moderate_taxation,0.9244151080734687,-148.3157918370445,128.7277079892616,128.0561653727147,0,,0.07469445116789143,130.13047489823884
softmax,2,5,5,50,59,1,baseline_laissez_faire,-99.6886091012348,-230.8885876618605,65.07353837124532,64.70802322165552,1,0,0.074940530927605,65.81291244353963
pac_successive_elimination,2,5,5,50,59,4,high_taxation,1.5677566308093622,-65.81708149942209,196.02884547705412,195.42318102032664,0,,0.08527816808790509,197.35778671562124
epsilon_greedy,2,5,6,60,69,3,moderate_taxation,1.053289292352996,-59.88260528028704,133.58062771599396,130.64343325662372,0,,0.03128979599763559,136.90672913185583
ucb1,2,5,6,60,69,3,moderate_taxation,1.053289292352996,-59.88260528028704,133.58062771599396,130.64343325662372,0,,0.03128979599763559,136.90672913185583
softmax,2,5,6,60,69,1,baseline_laissez_faire,-99.53242042209965,-95.63170556904626,67.58535401632729,66.07784570581023,1,0,0.03139287976570931,69.28806030275011
pac_successive_elimination,2,5,6,60,69,4,high_taxation,1.6587213250846133,-24.67915656505823,202.0080577979606,198.0062227450955,0,,0.03572335616369926,206.67399071262756
epsilon_greedy,2,5,7,70,79,3,moderate_taxation,1.1591487767533237,-23.232635256344082,141.8857694411601,137.7479834498531,0,,0.013107417194525321,146.2523882670289
ucb1,2,5,7,70,79,3,moderate_taxation,1.1591487767533237,-23.232635256344082,141.8857694411601,137.7479834498531,0,,0.013107417194525321,146.2523882670289
softmax,2,5,7,70,79,1,baseline_laissez_faire,-99.4406081626883,-39.18046241179946,71.82867596681893,69.71774923775551,1,0,0.013150599385749199,74.0549755342241
pac_successive_elimination,2,5,7,70,79,4,high_taxation,1.7753078932624247,-7.285706627595067,213.9112319868024,207.88361442430215,0,,0.014964652785259661,220.3148506356031
epsilon_greedy,2,5,8,80,89,3,moderate_taxation,1.2594111570579225,-8.74404053555717,152.17862371121754,147.28596994423168,0,,0.0054907480229120205,157.23620265188882
ucb1,2,5,8,80,89,3,moderate_taxation,1.2594111570579225,-8.74404053555717,152.17862371121754,147.28596994423168,0,,0.0054907480229120205,157.23620265188882
softmax,2,5,8,80,89,1,baseline_laissez_faire,-99.37366293301451,-15.944921997493587,77.07383867795733,74.58162591951854,1,0,0.005508837210703079,79.64967390423702
pac_successive_elimination,2,5,8,80,89,4,high_taxation,1.907742558249175,-1.3617897196225237,229.09252175625568,221.84072939326833,0,,0.0062687512325882745,236.60503615716573
epsilon_greedy,2,5,9,90,99,3,moderate_taxation,1.3624793302915155,-3.188076229297457,163.88008878249758,158.40791939277182,0,,0.002300095694192487,169.4937602842755
ucb1,2,5,9,90,99,3,moderate_taxation,1.3624793302915155,-3.188076229297457,163.88008878249758,158.40791939277182,0,,0.002300095694192487,169.4937602842755
softmax,2,5,9,90,99,1,baseline_laissez_faire,-99.31451300257245,-6.454737461944177,83.03300818673988,80.24635914358844,1,0,0.002307673325286836,85.89181217855817
pac_successive_elimination,2,5,9,90,99,4,high_taxation,2.0544502885825997,0.25373994447348436,246.50358583657513,238.34941388412904,0,,0.0027145929954563446,254.86987137034325
epsilon_greedy,2,5,10,100,109,3,moderate_taxation,1.4720186521783978,-1.1155283662261255,176.7761016653549,170.78370959573016,0,,0.0009635190288038445,182.90468030254695
ucb1,2,5,10,100,109,3,moderate_taxation,1.4720186521783978,-1.1155283662261255,176.7761016653549,170.78370959573016,0,,0.0009635190288038445,182.90468030254695
softmax,2,5,10,100,109,1,baseline_laissez_faire,-99.25592347181272,-2.599842803163998,89.60116451885206,86.54878388327663,1,0,0.0009666933279302226,92.72330322384406
pac_successive_elimination,2,5,10,100,109,4,high_taxation,2.2148261741662387,0.5275671545474201,265.71583284140297,256.7919976035136,0,,0.0012909343743414737,274.83783924372165
epsilon_greedy,2,5,11,110,119,3,moderate_taxation,1.5897516825524711,-0.36685210753840325,190.81422415920113,184.30826646343027,0,,0.00040362186721671755,197.45954458596654
ucb1,2,5,11,110,119,3,moderate_taxation,1.5897516825524711,-0.36685210753840325,190.81422415920113,184.30826646343027,0,,0.00040362186721671755,197.45954458596654
softmax,2,5,11,110,119,3,moderate_taxation,-99.19475604112942,-1.041541357824805,96.75426002740817,93.43848090116123,1,0,0.0004049515934620661,100.14165942958724
pac_successive_elimination,2,5,11,110,119,4,high_taxation,2.388758205485072,0.4840233778905796,286.59290185286176,276.9253775931026,0,,0.0006796465213188615,296.46081144311785
epsilon_greedy,2,6,0,0,9,3,moderate_taxation,10.118290610614807,2917.3699619718477,864.1104778371554,739.8811269985001,0,,1.4853708961653926,739.8811269985001
ucb1,2,6,0,0,9,3,moderate_taxation,10.118290610614807,2917.3699619718477,864.1104778371554,739.8811269985001,0,,1.4853708961653926,739.8811269985001
softmax,2,6,0,0,9,1,baseline_laissez_faire,10.490521369403732,3448.0349987194627,845.0983644821124,685.0617923614428,0,,2.0946658360156425,685.0617923614428
pac_successive_elimination,2,6,0,0,9,4,high_taxation,9.919364828836628,2630.4171257777757,874.6737243670624,769.2682333080999,0,,1.1885390363166835,769.2682333080999
epsilon_greedy,2,6,1,10,19,3,moderate_taxation,8.091235544999945,3463.7698951987013,555.2958779761493,396.1874607197347,0,,1.852135913276932,396.1874607197347
ucb1,2,6,1,10,19,3,moderate_taxation,8.091235544999945,3463.7698951987013,555.2958779761493,396.1874607197347,0,,1.852135913276932,396.1874607197347
softmax,2,6,1,10,19,1,baseline_laissez_faire,7.172915297017182,3721.5387171817497,414.165189580252,210.99693960739452,0,,2.433656061354898,210.99693960739452
pac_successive_elimination,2,6,1,10,19,4,high_taxation,8.016056187162523,2735.0675641583553,633.7186347605001,520.5969804335092,0,,1.2892753952149958,520.5969804335092
epsilon_greedy,2,6,2,20,29,3,moderate_taxation,2.9053361526327284,765.8368160274092,256.7399203926382,185.10785301335062,0,,1.0161203923383744,185.10785301335062
ucb1,2,6,2,20,29,3,moderate_taxation,2.9053361526327284,765.8368160274092,256.7399203926382,185.10785301335062,0,,1.0161203923383744,185.10785301335062
softmax,2,6,2,20,29,1,baseline_laissez_faire,-50.58587411208708,-1652.3190888752126,127.9733972145757,92.3055313030015,1,5,1.0194679858754725,92.3055313030015
pac_successive_elimination,2,6,2,20,29,4,high_taxation,5.142199588350904,1858.947858809066,393.9902075450205,305.5567624125514,0,,1.042468553486391,305.5567624125514
epsilon_greedy,2,6,3,30,39,3,moderate_taxation,0.6945658190452897,-587.7337612317224,153.87594963324145,138.1876946879523,0,,0.425656782909363,138.1876946879523
ucb1,2,6,3,30,39,3,moderate_taxation,0.6945658190452897,-587.7337612317224,153.87594963324145,138.1876946879523,0,,0.425656782909363,138.1876946879523
softmax,2,6,3,30,39,1,baseline_laissez_faire,-100.55626119379933,-1199.919120068375,77.23895115228476,69.61524112997978,1,0,0.42705910285711063,69.61524112997978
pac_successive_elimination,2,6,3,30,39,4,high_taxation,2.2708133466232523,205.67214235832427,247.81694451179135,217.37186359829838,0,,0.4859695748899937,217.37186359829838
epsilon_greedy,2,6,4,40,49,3,moderate_taxation,0.7542938581752301,-339.44227085083014,131.24833548312722,128.2992818432063,0,,0.1783092812651803,128.2992818432063
ucb1,2,6,4,40,49,3,moderate_taxation,0.7542938581752301,-339.44227085083014,131.24833548312722,128.2992818432063,0,,0.1783092812651803,128.2992818432063
softmax,2,6,4,40,49,1,baseline_laissez_faire,-99.99275753515425,-544.7100541464667,66.23430227906685,64.81157573410937,1,0,0.17889671854334988,64.81157573410937
pac_successive_elimination,2,6,4,40,49,4,high_taxation,1.5766261051513193,-116.76127268202112,203.20648534000082,196.68638115261598,0,,0.20357454431504118,196.68638115261598
epsilon_greedy,2,6,5,50,59,3,moderate_taxation,0.9244151080734687,-148.3157918370445,128.7277079892616,128.0561653727147,0,,0.07469445116789143,130.13047489823884
ucb1,2,6,5,50,59,3,moderate_taxation,0.9244151080734687,-148.3157918370445,128.7277079892616,128.0561653727147,0,,0.07469445116789143,130.13047489823884
softmax,2,6,5,50,59,1,baseline_laissez_faire,-99.6886091012348,-230.8885876618605,65.07353837124532,64.70802322165552,1,0,0.074940530927605,65.81291244353963
pac_successive_elimination,2,6,5,50,59,4,high_taxation,1.5677566308093622,-65.81708149942209,196.02884547705412,195.42318102032664,0,,0.08527816808790509,197.35778671562124
epsilon_greedy,2,6,6,60,69,3,moderate_taxation,1.053289292352996,-59.88260528028704,133.58062771599396,130.64343325662372,0,,0.03128979599763559,136.90672913185583
ucb1,2,6,6,60,69,3,moderate_taxation,1.053289292352996,-59.88260528028704,133.58062771599396,130.64343325662372,0,,0.03128979599763559,136.90672913185583
softmax,2,6,6,60,69,1,baseline_laissez_faire,-99.53242042209965,-95.63170556904626,67.58535401632729,66.07784570581023,1,0,0.03139287976570931,69.28806030275011
pac_successive_elimination,2,6,6,60,69,4,high_taxation,1.6587213250846133,-24.67915656505823,202.0080577979606,198.0062227450955,0,,0.03572335616369926,206.67399071262756
epsilon_greedy,2,6,7,70,79,3,moderate_taxation,1.1591487767533237,-23.232635256344082,141.8857694411601,137.7479834498531,0,,0.013107417194525321,146.2523882670289
ucb1,2,6,7,70,79,3,moderate_taxation,1.1591487767533237,-23.232635256344082,141.8857694411601,137.7479834498531,0,,0.013107417194525321,146.2523882670289
softmax,2,6,7,70,79,1,baseline_laissez_faire,-99.4406081626883,-39.18046241179946,71.82867596681893,69.71774923775551,1,0,0.013150599385749199,74.0549755342241
pac_successive_elimination,2,6,7,70,79,4,high_taxation,1.7753078932624247,-7.285706627595067,213.9112319868024,207.88361442430215,0,,0.014964652785259661,220.3148506356031
epsilon_greedy,2,6,8,80,89,3,moderate_taxation,1.2594111570579225,-8.74404053555717,152.17862371121754,147.28596994423168,0,,0.0054907480229120205,157.23620265188882
ucb1,2,6,8,80,89,3,moderate_taxation,1.2594111570579225,-8.74404053555717,152.17862371121754,147.28596994423168,0,,0.0054907480229120205,157.23620265188882
softmax,2,6,8,80,89,1,baseline_laissez_faire,-99.37366293301451,-15.944921997493587,77.07383867795733,74.58162591951854,1,0,0.005508837210703079,79.64967390423702
pac_successive_elimination,2,6,8,80,89,4,high_taxation,1.907742558249175,-1.3617897196225237,229.09252175625568,221.84072939326833,0,,0.0062687512325882745,236.60503615716573
epsilon_greedy,2,6,9,90,99,3,moderate_taxation,1.3624793302915155,-3.188076229297457,163.88008878249758,158.40791939277182,0,,0.002300095694192487,169.4937602842755
ucb1,2,6,9,90,99,3,moderate_taxation,1.3624793302915155,-3.188076229297457,163.88008878249758,158.40791939277182,0,,0.002300095694192487,169.4937602842755
softmax,2,6,9,90,99,1,baseline_laissez_faire,-99.31451300257245,-6.454737461944177,83.03300818673988,80.24635914358844,1,0,0.002307673325286836,85.89181217855817
pac_successive_elimination,2,6,9,90,99,4,high_taxation,2.0544502885825997,0.25373994447348436,246.50358583657513,238.34941388412904,0,,0.0027145929954563446,254.86987137034325
epsilon_greedy,2,6,10,100,109,11,strong_marine_reserve,1.4711273615679605,-2.3242509424930105,176.8141935012544,170.79213039608376,0,,0.0009635190288038445,182.96755011581303
ucb1,2,6,10,100,109,3,moderate_taxation,1.4720186521783978,-1.1155283662261255,176.7761016653549,170.78370959573016,0,,0.0009635190288038445,182.90468030254695
softmax,2,6,10,100,109,1,baseline_laissez_faire,-99.25592347181272,-2.599842803163998,89.60116451885206,86.54878388327663,1,0,0.0009666933279302226,92.72330322384406
pac_successive_elimination,2,6,10,100,109,4,high_taxation,2.2148261741662387,0.5275671545474201,265.71583284140297,256.7919976035136,0,,0.0012909343743414737,274.83783924372165
epsilon_greedy,2,6,11,110,119,3,moderate_taxation,1.590298483173111,-0.3663825123717286,190.87978388225793,184.3716138058222,0,,0.00040362186721671755,197.52736323851636
ucb1,2,6,11,110,119,3,moderate_taxation,1.5897516825524711,-0.36685210753840325,190.81422415920113,184.30826646343027,0,,0.00040362186721671755,197.45954458596654
softmax,2,6,11,110,119,1,baseline_laissez_faire,-99.19475604112942,-1.041541357824805,96.75426002740817,93.43848090116123,1,0,0.0004049515934620661,100.14165942958724
pac_successive_elimination,2,6,11,110,119,4,high_taxation,2.388758205485072,0.4840233778905796,286.59290185286176,276.9253775931026,0,,0.0006796465213188615,296.46081144311785
epsilon_greedy,2,7,0,0,9,3,moderate_taxation,10.118290610614807,2917.3699619718477,864.1104778371554,739.8811269985001,0,,1.4853708961653926,739.8811269985001
ucb1,2,7,0,0,9,3,moderate_taxation,10.118290610614807,2917.3699619718477,864.1104778371554,739.8811269985001,0,,1.4853708961653926,739.8811269985001
softmax,2,7,0,0,9,1,baseline_laissez_faire,10.490521369403732,3448.0349987194627,845.0983644821124,685.0617923614428,0,,2.0946658360156425,685.0617923614428
pac_successive_elimination,2,7,0,0,9,4,high_taxation,9.919364828836628,2630.4171257777757,874.6737243670624,769.2682333080999,0,,1.1885390363166835,769.2682333080999
epsilon_greedy,2,7,1,10,19,10,moderate_marine_reserve,7.571525697173755,2877.136216699609,563.3267376568974,414.6558837755958,0,,1.9191565756293816,414.6558837755958
ucb1,2,7,1,10,19,3,moderate_taxation,8.091235544999945,3463.7698951987013,555.2958779761493,396.1874607197347,0,,1.852135913276932,396.1874607197347
softmax,2,7,1,10,19,1,baseline_laissez_faire,7.172915297017182,3721.5387171817497,414.165189580252,210.99693960739452,0,,2.433656061354898,210.99693960739452
pac_successive_elimination,2,7,1,10,19,4,high_taxation,8.016056187162523,2735.0675641583553,633.7186347605001,520.5969804335092,0,,1.2892753952149958,520.5969804335092
epsilon_greedy,2,7,2,20,29,7,weak_capacity_control,3.023477199435302,874.529738819089,257.87369527394566,175.36357700207208,0,,1.1757182010732006,175.36357700207208
ucb1,2,7,2,20,29,3,moderate_taxation,2.9053361526327284,765.8368160274092,256.7399203926382,185.10785301335062,0,,1.0161203923383744,185.10785301335062
softmax,2,7,2,20,29,1,baseline_laissez_faire,-50.58587411208708,-1652.3190888752126,127.9733972145757,92.3055313030015,1,5,1.0194679858754725,92.3055313030015
pac_successive_elimination,2,7,2,20,29,4,high_taxation,5.142199588350904,1858.947858809066,393.9902075450205,305.5567624125514,0,,1.042468553486391,305.5567624125514
epsilon_greedy,2,7,3,30,39,3,moderate_taxation,0.38495814892463837,-788.3654829551854,140.79883582557886,123.59733742036528,0,,0.4925129254862432,123.59733742036528
ucb1,2,7,3,30,39,3,moderate_taxation,0.6945658190452897,-587.7337612317224,153.87594963324145,138.1876946879523,0,,0.425656782909363,138.1876946879523
softmax,2,7,3,30,39,1,baseline_laissez_faire,-100.55626119379933,-1199.919120068375,77.23895115228476,69.61524112997978,1,0,0.42705910285711063,69.61524112997978
pac_successive_elimination,2,7,3,30,39,4,high_taxation,2.2708133466232523,205.67214235832427,247.81694451179135,217.37186359829838,0,,0.4859695748899937,217.37186359829838
epsilon_greedy,2,7,4,40,49,3,moderate_taxation,-89.48452535078525,-449.2236748939865,115.76379889304857,112.19047291355115,1,1,0.20631557931960204,112.19047291355115
ucb1,2,7,4,40,49,3,moderate_taxation,0.7542938581752301,-339.44227085083014,131.24833548312722,128.2992818432063,0,,0.1783092812651803,128.2992818432063
softmax,2,7,4,40,49,1,baseline_laissez_faire,-99.99275753515425,-544.7100541464667,66.23430227906685,64.81157573410937,1,0,0.17889671854334988,64.81157573410937
pac_successive_elimination,2,7,4,40,49,4,high_taxation,1.5766261051513193,-116.76127268202112,203.20648534000082,196.68638115261598,0,,0.20357454431504118,196.68638115261598
epsilon_greedy,2,7,5,50,59,3,moderate_taxation,-99.26470644787778,-197.38666266004049,111.92162577386897,111.55431170822645,1,0,0.08642639830814342,112.74981115688935
ucb1,2,7,5,50,59,3,moderate_taxation,0.9244151080734687,-148.3157918370445,128.7277079892616,128.0561653727147,0,,0.07469445116789143,130.13047489823884
softmax,2,7,5,50,59,1,baseline_laissez_faire,-99.6886091012348,-230.8885876618605,65.07353837124532,64.70802322165552,1,0,0.074940530927605,65.81291244353963
pac_successive_elimination,2,7,5,50,59,4,high_taxation,1.5677566308093622,-65.81708149942209,196.02884547705412,195.42318102032664,0,,0.08527816808790509,197.35778671562124
epsilon_greedy,2,7,6,60,69,3,moderate_taxation,-99.11872444287215,-80.92918613554642,115.46456919160656,113.13232711517453,1,0,0.03620435426714369,118.17186871799127
ucb1,2,7,6,60,69,3,moderate_taxation,1.053289292352996,-59.88260528028704,133.58062771599396,130.64343325662372,0,,0.03128979599763559,136.90672913185583
softmax,2,7,6,60,69,1,baseline_laissez_faire,-99.53242042209965,-95.63170556904626,67.58535401632729,66.07784570581023,1,0,0.03139287976570931,69.28806030275011
pac_successive_elimination,2,7,6,60,69,4,high_taxation,1.6587213250846133,-24.67915656505823,202.0080577979606,198.0062227450955,0,,0.03572335616369926,206.67399071262756
epsilon_greedy,2,7,7,70,79,3,moderate_taxation,-19.01255345800902,-32.13959754643702,122.35033674448994,118.87124230152827,1,0,0.015166144760857644,126.04345083519999
ucb1,2,7,7,70,79,3,moderate_taxation,1.1591487767533237,-23.232635256344082,141.8857694411601,137.7479834498531,0,,0.013107417194525321,146.2523882670289
softmax,2,7,7,70,79,1,baseline_laissez_faire,-99.4406081626883,-39.18046241179946,71.82867596681893,69.71774923775551,1,0,0.013150599385749199,74.0549755342241
pac_successive_elimination,2,7,7,70,79,4,high_taxation,1.7753078932624247,-7.285706627595067,213.9112319868024,207.88361442430215,0,,0.014964652785259661,220.3148506356031
epsilon_greedy,2,7,8,80,89,3,moderate_taxation,1.080011921024059,-12.493732103443953,131.10067837530036,126.9228106125322,0,,0.006353157004543817,135.428218594675
ucb1,2,7,8,80,89,3,moderate_taxation,1.2594111570579225,-8.74404053555717,152.17862371121754,147.28596994423168,0,,0.0054907480229120205,157.23620265188882
softmax,2,7,8,80,89,1,baseline_laissez_faire,-99.37366293301451,-15.944921997493587,77.07383867795733,74.58162591951854,1,0,0.005508837210703079,79.64967390423702
pac_successive_elimination,2,7,8,80,89,4,high_taxation,1.907742558249175,-1.3617897196225237,229.09252175625568,221.84072939326833,0,,0.0062687512325882745,236.60503615716573
epsilon_greedy,2,7,9,90,99,3,moderate_taxation,1.1713389342492941,-4.763094242453999,141.13224341900977,136.43299653779755,0,,0.002661362169544639,145.95699756027918
ucb1,2,7,9,90,99,3,moderate_taxation,1.3624793302915155,-3.188076229297457,163.88008878249758,158.40791939277182,0,,0.002300095694192487,169.4937602842755
softmax,2,7,9,90,99,1,baseline_laissez_faire,-99.31451300257245,-6.454737461944177,83.03300818673988,80.24635914358844,1,0,0.002307673325286836,85.89181217855817
pac_successive_elimination,2,7,9,90,99,4,high_taxation,2.0544502885825997,0.25373994447348436,246.50358583657513,238.34941388412904,0,,0.0027145929954563446,254.86987137034325
epsilon_greedy,2,7,10,100,109,3,moderate_taxation,1.266763881526754,-1.7764370584075528,152.22483823021938,147.0666742513324,0,,0.0011148549598912244,157.502190107531
ucb1,2,7,10,100,109,3,moderate_taxation,1.4720186521783978,-1.1155283662261255,176.7761016653549,170.78370959573016,0,,0.0009635190288038445,182.90468030254695
softmax,2,7,10,100,109,1,baseline_laissez_faire,-99.25592347181272,-2.599842803163998,89.60116451885206,86.54878388327663,1,0,0.0009666933279302226,92.72330322384406
pac_successive_elimination,2,7,10,100,109,4,high_taxation,2.2148261741662387,0.5275671545474201,265.71583284140297,256.7919976035136,0,,0.0012909343743414737,274.83783924372165
epsilon_greedy,2,7,11,110,119,3,moderate_taxation,1.3686704061969863,-0.6440554951358061,164.31773540305463,158.711334934117,0,,0.00046701707712585585,170.04532016564218
ucb1,2,7,11,110,119,3,moderate_taxation,1.5897516825524711,-0.36685210753840325,190.81422415920113,184.30826646343027,0,,0.00040362186721671755,197.45954458596654
softmax,2,7,11,110,119,1,baseline_laissez_faire,-99.19475604112942,-1.041541357824805,96.75426002740817,93.43848090116123,1,0,0.0004049515934620661,100.14165942958724
pac_successive_elimination,2,7,11,110,119,4,high_taxation,2.388758205485072,0.4840233778905796,286.59290185286176,276.9253775931026,0,,0.0006796465213188615,296.46081144311785
epsilon_greedy,2,8,0,0,9,3,moderate_taxation,10.118290610614807,2917.3699619718477,864.1104778371554,739.8811269985001,0,,1.4853708961653926,739.8811269985001
ucb1,2,8,0,0,9,3,moderate_taxation,10.118290610614807,2917.3699619718477,864.1104778371554,739.8811269985001,0,,1.4853708961653926,739.8811269985001
softmax,2,8,0,0,9,1,baseline_laissez_faire,10.490521369403732,3448.0349987194627,845.0983644821124,685.0617923614428,0,,2.0946658360156425,685.0617923614428
pac_successive_elimination,2,8,0,0,9,4,high_taxation,9.919364828836628,2630.4171257777757,874.6737243670624,769.2682333080999,0,,1.1885390363166835,769.2682333080999
epsilon_greedy,2,8,1,10,19,4,high_taxation,7.9425327561374965,3212.1129981696345,567.6503709561434,428.2484410706108,0,,1.5404407832492668,428.2484410706108
ucb1,2,8,1,10,19,3,moderate_taxation,8.091235544999945,3463.7698951987013,555.2958779761493,396.1874607197347,0,,1.852135913276932,396.1874607197347
softmax,2,8,1,10,19,1,baseline_laissez_faire,7.172915297017182,3721.5387171817497,414.165189580252,210.99693960739452,0,,2.433656061354898,210.99693960739452
pac_successive_elimination,2,8,1,10,19,4,high_taxation,8.016056187162523,2735.0675641583553,633.7186347605001,520.5969804335092,0,,1.2892753952149958,520.5969804335092
epsilon_greedy,2,8,2,20,29,3,moderate_taxation,3.6428641171487204,1164.1195152810471,297.44935222412073,221.18170552936508,0,,0.9871542182639962,221.18170552936508
ucb1,2,8,2,20,29,3,moderate_taxation,2.9053361526327284,765.8368160274092,256.7399203926382,185.10785301335062,0,,1.0161203923383744,185.10785301335062
softmax,2,8,2,20,29,1,baseline_laissez_faire,-50.58587411208708,-1652.3190888752126,127.9733972145757,92.3055313030015,1,5,1.0194679858754725,92.3055313030015
pac_successive_elimination,2,8,2,20,29,4,high_taxation,5.142199588350904,1858.947858809066,393.9902075450205,305.5567624125514,0,,1.042468553486391,305.5567624125514
epsilon_greedy,2,8,3,30,39,3,moderate_taxation,1.2083708554018293,-330.8363186177305,184.70486088234722,166.36151644399106,0,,0.41352273997246397,166.36151644399106
ucb1,2,8,3,30,39,3,moderate_taxation,0.6945658190452897,-587.7337612317224,153.87594963324145,138.1876946879523,0,,0.425656782909363,138.1876946879523
softmax,2,8,3,30,39,1,baseline_laissez_faire,-100.55626119379933,-1199.919120068375,77.23895115228476,69.61524112997978,1,0,0.42705910285711063,69.61524112997978
pac_successive_elimination,2,8,3,30,39,4,high_taxation,2.2708133466232523,205.67214235832427,247.81694451179135,217.37186359829838,0,,0.4859695748899937,217.37186359829838
epsilon_greedy,2,8,4,40,49,1,baseline_laissez_faire,1.074280548497043,-244.70612145112938,158.27840039378071,154.88165513736226,0,,0.17322628350315472,154.88165513736226
ucb1,2,8,4,40,49,3,moderate_taxation,0.7542938581752301,-339.44227085083014,131.24833548312722,128.2992818432063,0,,0.1783092812651803,128.2992818432063
softmax,2,8,4,40,49,1,baseline_laissez_faire,-99.99275753515425,-544.7100541464667,66.23430227906685,64.81157573410937,1,0,0.17889671854334988,64.81157573410937
pac_successive_elimination,2,8,4,40,49,4,high_taxation,1.5766261051513193,-116.76127268202112,203.20648534000082,196.68638115261598,0,,0.20357454431504118,196.68638115261598
epsilon_greedy,2,8,5,50,59,3,moderate_taxation,1.1865674892779676,-109.27501859274687,155.50110094448573,154.63392859709484,0,,0.07256516364327024,157.25635444665662
ucb1,2,8,5,50,59,3,moderate_taxation,0.9244151080734687,-148.3157918370445,128.7277079892616,128.0561653727147,0,,0.07469445116789143,130.13047489823884
softmax,2,8,5,50,59,1,baseline_laissez_faire,-99.6886091012348,-230.8885876618605,65.07353837124532,64.70802322165552,1,0,0.074940530927605,65.81291244353963
pac_successive_elimination,2,8,5,50,59,4,high_taxation,1.5677566308093622,-65.81708149942209,196.02884547705412,195.42318102032664,0,,0.08527816808790509,197.35778671562124
epsilon_greedy,2,8,6,60,69,10,moderate_marine_reserve,1.2865251986315944,-64.74117059703863,162.15196430743595,158.03951710272025,0,,0.030397829175147616,166.63469386740425
ucb1,2,8,6,60,69,3,moderate_taxation,1.053289292352996,-59.88260528028704,133.58062771599396,130.64343325662372,0,,0.03128979599763559,136.90672913185583
softmax,2,8,6,60,69,1,baseline_laissez_faire,-99.53242042209965,-95.63170556904626,67.58535401632729,66.07784570581023,1,0,0.03139287976570931,69.28806030275011
pac_successive_elimination,2,8,6,60,69,4,high_taxation,1.6587213250846133,-24.67915656505823,202.0080577979606,198.0062227450955,0,,0.03572335616369926,206.67399071262756
epsilon_greedy,2,8,7,70,79,3,moderate_taxation,1.423616478615849,-15.594538998786547,172.70532211375627,167.66150599762955,0,,0.012733768824721044,178.0242982376324
ucb1,2,8,7,70,79,3,moderate_taxation,1.1591487767533237,-23.232635256344082,141.8857694411601,137.7479834498531,0,,0.013107417194525321,146.2523882670289
softmax,2,8,7,70,79,1,baseline_laissez_faire,-99.4406081626883,-39.18046241179946,71.82867596681893,69.71774923775551,1,0,0.013150599385749199,74.0549755342241
pac_successive_elimination,2,8,7,70,79,4,high_taxation,1.7753078932624247,-7.285706627595067,213.9112319868024,207.88361442430215,0,,0.014964652785259661,220.3148506356031
epsilon_greedy,2,8,8,80,89,3,moderate_taxation,1.5382581991414432,-5.363615921709105,185.23461780757827,179.28236230628173,0,,0.005334225268099268,191.38565736535224
ucb1,2,8,8,80,89,3,moderate_taxation,1.2594111570579225,-8.74404053555717,152.17862371121754,147.28596994423168,0,,0.0054907480229120205,157.23620265188882
softmax,2,8,8,80,89,1,baseline_laissez_faire,-99.37366293301451,-15.944921997493587,77.07383867795733,74.58162591951854,1,0,0.005508837210703079,79.64967390423702
pac_successive_elimination,2,8,8,80,89,4,high_taxation,1.907742558249175,-1.3617897196225237,229.09252175625568,221.84072939326833,0,,0.0062687512325882745,236.60503615716573
epsilon_greedy,2,8,9,90,99,3,moderate_taxation,1.6604928495961135,-1.685394074586956,199.46138924048407,192.81020903316235,0,,0.002234527703659019,206.28337979467972
ucb1,2,8,9,90,99,3,moderate_taxation,1.3624793302915155,-3.188076229297457,163.88008878249758,158.40791939277182,0,,0.002300095694192487,169.4937602842755
softmax,2,8,9,90,99,1,baseline_laissez_faire,-99.31451300257245,-6.454737461944177,83.03300818673988,80.24635914358844,1,0,0.002307673325286836,85.89181217855817
pac_successive_elimination,2,8,9,90,99,4,high_taxation,2.0544502885825997,0.25373994447348436,246.50358583657513,238.34941388412904,0,,0.0027145929954563446,254.86987137034325
epsilon_greedy,2,8,10,100,109,3,moderate_taxation,1.7923070187451435,-0.4427135079827831,215.12996787037514,207.85064850072638,0,,0.0009360523426485947,222.573798238454
ucb1,2,8,10,100,109,3,moderate_taxation,1.4720186521783978,-1.1155283662261255,176.7761016653549,170.78370959573016,0,,0.0009635190288038445,182.90468030254695
softmax,2,8,10,100,109,1,baseline_laissez_faire,-99.25592347181272,-2.599842803163998,89.60116451885206,86.54878388327663,1,0,0.0009666933279302226,92.72330322384406
pac_successive_elimination,2,8,10,100,109,4,high_taxation,2.2148261741662387,0.5275671545474201,265.71583284140297,256.7919976035136,0,,0.0012909343743414737,274.83783924372165
epsilon_greedy,2,8,11,110,119,3,moderate_taxation,1.9347525704925528,-0.06474385906642564,232.1780777221943,224.27833546637132,0,,0.0003921723714636078,240.24617914495738
ucb1,2,8,11,110,119,3,moderate_taxation,1.5897516825524711,-0.36685210753840325,190.81422415920113,184.30826646343027,0,,0.00040362186721671755,197.45954458596654
softmax,2,8,11,110,119,1,baseline_laissez_faire,-99.19475604112942,-1.041541357824805,96.75426002740817,93.43848090116123,1,0,0.0004049515934620661,100.14165942958724
pac_successive_elimination,2,8,11,110,119,4,high_taxation,2.388758205485072,0.4840233778905796,286.59290185286176,276.9253775931026,0,,0.0006796465213188615,296.46081144311785
epsilon_greedy,2,9,0,0,9,3,moderate_taxation,10.118290610614807,2917.3699619718477,864.1104778371554,739.8811269985001,0,,1.4853708961653926,739.8811269985001
ucb1,2,9,0,0,9,3,moderate_taxation,10.118290610614807,2917.3699619718477,864.1104778371554,739.8811269985001,0,,1.4853708961653926,739.8811269985001
softmax,2,9,0,0,9,1,baseline_laissez_faire,10.490521369403732,3448.0349987194627,845.0983644821124,685.0617923614428,0,,2.0946658360156425,685.0617923614428
pac_successive_elimination,2,9,0,0,9,4,high_taxation,9.919364828836628,2630.4171257777757,874.6737243670624,769.2682333080999,0,,1.1885390363166835,769.2682333080999
epsilon_greedy,2,9,1,10,19,7,weak_capacity_control,8.310133614810534,3859.6054709790146,534.0633772597822,341.23547136162233,0,,2.421047306429258,341.23547136162233
ucb1,2,9,1,10,19,3,moderate_taxation,8.091235544999945,3463.7698951987013,555.2958779761493,396.1874607197347,0,,1.852135913276932,396.1874607197347
softmax,2,9,1,10,19,1,baseline_laissez_faire,7.172915297017182,3721.5387171817497,414.165189580252,210.99693960739452,0,,2.433656061354898,210.99693960739452
pac_successive_elimination,2,9,1,10,19,4,high_taxation,8.016056187162523,2735.0675641583553,633.7186347605001,520.5969804335092,0,,1.2892753952149958,520.5969804335092
epsilon_greedy,2,9,2,20,29,3,moderate_taxation,1.505768658366803,-144.5617773945361,198.03965229136074,135.14205137834497,0,,1.133248604695729,135.14205137834497
ucb1,2,9,2,20,29,3,moderate_taxation,2.9053361526327284,765.8368160274092,256.7399203926382,185.10785301335062,0,,1.0161203923383744,185.10785301335062
softmax,2,9,2,20,29,1,baseline_laissez_faire,-50.58587411208708,-1652.3190888752126,127.9733972145757,92.3055313030015,1,5,1.0194679858754725,92.3055313030015
pac_successive_elimination,2,9,2,20,29,4,high_taxation,5.142199588350904,1858.947858809066,393.9902075450205,305.5567624125514,0,,1.042468553486391,305.5567624125514
epsilon_greedy,2,9,3,30,39,3,moderate_taxation,-80.12790511698628,-1044.0937229364688,109.9426327140216,97.38339992426322,1,2,0.47472224644683103,97.38339992426322
ucb1,2,9,3,30,39,3,moderate_taxation,0.6945658190452897,-587.7337612317224,153.87594963324145,138.1876946879523,0,,0.425656782909363,138.1876946879523
softmax,2,9,3,30,39,1,baseline_laissez_faire,-100.55626119379933,-1199.919120068375,77.23895115228476,69.61524112997978,1,0,0.42705910285711063,69.61524112997978
pac_successive_elimination,2,9,3,30,39,4,high_taxation,2.2708133466232523,205.67214235832427,247.81694451179135,217.37186359829838,0,,0.4859695748899937,217.37186359829838
epsilon_greedy,2,9,4,40,49,4,high_taxation,-99.75508965910741,-519.2213629960448,91.69580446663471,89.14640834280559,1,0,0.19886299470188537,89.14640834280559
ucb1,2,9,4,40,49,3,moderate_taxation,0.7542938581752301,-339.44227085083014,131.24833548312722,128.2992818432063,0,,0.1783092812651803,128.2992818432063
softmax,2,9,4,40,49,1,baseline_laissez_faire,-99.99275753515425,-544.7100541464667,66.23430227906685,64.81157573410937,1,0,0.17889671854334988,64.81157573410937
pac_successive_elimination,2,9,4,40,49,4,high_taxation,1.5766261051513193,-116.76127268202112,203.20648534000082,196.68638115261598,0,,0.20357454431504118,196.68638115261598
epsilon_greedy,2,9,5,50,59,3,moderate_taxation,-99.48062288398806,-223.2484213312105,89.11506448117768,88.77922353827684,1,0,0.08330448163699299,89.88721435161398
ucb1,2,9,5,50,59,3,moderate_taxation,0.9244151080734687,-148.3157918370445,128.7277079892616,128.0561653727147,0,,0.07469445116789143,130.13047489823884
softmax,2,9,5,50,59,1,baseline_laissez_faire,-99.6886091012348,-230.8885876618605,65.07353837124532,64.70802322165552,1,0,0.074940530927605,65.81291244353963
pac_successive_elimination,2,9,5,50,59,4,high_taxation,1.5677566308093622,-65.81708149942209,196.02884547705412,195.42318102032664,0,,0.08527816808790509,197.35778671562124
epsilon_greedy,2,9,6,60,69,3,moderate_taxation,-99.32434368878569,-92.14009643284534,92.13556891765745,90.21056768731222,1,0,0.03489657123594704,94.34976364529231
ucb1,2,9,6,60,69,3,moderate_taxation,1.053289292352996,-59.88260528028704,133.58062771599396,130.64343325662372,0,,0.03128979599763559,136.90672913185583
softmax,2,9,6,60,69,1,baseline_laissez_faire,-99.53242042209965,-95.63170556904626,67.58535401632729,66.07784570581023,1,0,0.03139287976570931,69.28806030275011
pac_successive_elimination,2,9,6,60,69,4,high_taxation,1.6587213250846133,-24.67915656505823,202.0080577979606,198.0062227450955,0,,0.03572335616369926,206.67399071262756
epsilon_greedy,2,9,7,70,79,3,moderate_taxation,-99.22290560020262,-37.31640166078229,97.72929617497736,94.91735852352683,1,0,0.014618309364579871,100.7078431131005
ucb1,2,9,7,70,79,3,moderate_taxation,1.1591487767533237,-23.232635256344082,141.8857694411601,137.7479834498531,0,,0.013107417194525321,146.2523882670289
softmax,2,9,7,70,79,1,baseline_laissez_faire,-99.4406081626883,-39.18046241179946,71.82867596681893,69.71774923775551,1,0,0.013150599385749199,74.0549755342241
pac_successive_elimination,2,9,7,70,79,4,high_taxation,1.7753078932624247,-7.285706627595067,213.9112319868024,207.88361442430215,0,,0.014964652785259661,220.3148506356031
epsilon_greedy,2,9,8,80,89,3,moderate_taxation,-99.14180096039571,-14.90630900648592,104.77264183329464,101.41548811684069,1,0,0.006123666627122261,108.24731813088111
ucb1,2,9,8,80,89,3,moderate_taxation,1.2594111570579225,-8.74404053555717,152.17862371121754,147.28596994423168,0,,0.0054907480229120205,157.23620265188882
softmax,2,9,8,80,89,1,baseline_laissez_faire,-99.37366293301451,-15.944921997493587,77.07383867795733,74.58162591951854,1,0,0.005508837210703079,79.64967390423702
pac_successive_elimination,2,9,8,80,89,4,high_taxation,1.907742558249175,-1.3617897196225237,229.09252175625568,221.84072939326833,0,,0.0062687512325882745,236.60503615716573
epsilon_greedy,2,9,9,90,99,3,moderate_taxation,-99.0656997640916,-5.880250192685732,112.82165833213107,109.05341938840138,1,0,0.002565227758210647,116.68953498960387
ucb1,2,9,9,90,99,3,moderate_taxation,1.3624793302915155,-3.188076229297457,163.88008878249758,158.40791939277182,0,,0.002300095694192487,169.4937602842755
softmax,2,9,9,90,99,1,baseline_laissez_faire,-99.31451300257245,-6.454737461944177,83.03300818673988,80.24635914358844,1,0,0.002307673325286836,85.89181217855817
pac_successive_elimination,2,9,9,90,99,4,high_taxation,2.0544502885825997,0.25373994447348436,246.50358583657513,238.34941388412904,0,,0.0027145929954563446,254.86987137034325
epsilon_greedy,2,9,10,100,109,3,moderate_taxation,-28.9880238241414,-2.2941751632869365,121.71244212262629,117.5789018311533,1,0,0.0010745838812239183,125.94123535934936
ucb1,2,9,10,100,109,3,moderate_taxation,1.4720186521783978,-1.1155283662261255,176.7761016653549,170.78370959573016,0,,0.0009635190288038445,182.90468030254695
softmax,2,9,10,100,109,1,baseline_laissez_faire,-99.25592347181272,-2.599842803163998,89.60116451885206,86.54878388327663,1,0,0.0009666933279302226,92.72330322384406
pac_successive_elimination,2,9,10,100,109,4,high_taxation,2.2148261741662387,0.5275671545474201,265.71583284140297,256.7919976035136,0,,0.0012909343743414737,274.83783924372165
epsilon_greedy,2,9,11,110,119,3,moderate_taxation,1.0941361097488729,-0.8837251726594405,131.4023801905839,126.91008993879225,0,,0.00045014736570281495,135.99186468992303
ucb1,2,9,11,110,119,3,moderate_taxation,1.5897516825524711,-0.36685210753840325,190.81422415920113,184.30826646343027,0,,0.00040362186721671755,197.45954458596654
softmax,2,9,11,110,119,1,baseline_laissez_faire,-99.19475604112942,-1.041541357824805,96.75426002740817,93.43848090116123,1,0,0.0004049515934620661,100.14165942958724
pac_successive_elimination,2,9,11,110,119,4,high_taxation,2.388758205485072,0.4840233778905796,286.59290185286176,276.9253775931026,0,,0.0006796465213188615,296.46081144311785
